Date,Revenue,Transaction_Count,Year,Month,Month_Name,Day_of_Week,Day_Name,Quarter,Is_Weekend,MA_7,MA_30
2021-01-06,760.0,2,2021,1,January,2,Wednesday,1,0,760.0,760.0
2021-10-07,1160.0,1,2021,10,October,3,Thursday,4,0,960.0,960.0
2021-10-09,5448.0,3,2021,10,October,5,Saturday,4,1,2456.0,2456.0
2021-10-10,1360.0,2,2021,10,October,6,Sunday,4,1,2182.0,2182.0
2021-10-11,760.0,1,2021,10,October,0,Monday,4,0,1897.6,1897.6
2021-10-12,14488.0,4,2021,10,October,1,Tuesday,4,0,3996.0,3996.0
2021-10-14,4780.0,2,2021,10,October,3,Thursday,4,0,4108.0,4108.0
2021-10-15,4800.0,1,2021,10,October,4,Friday,4,0,4685.142857142857,4194.5
2021-10-16,380.0,1,2021,10,October,5,Saturday,4,1,4573.714285714285,3770.6666666666665
2021-10-17,4412.0,4,2021,10,October,6,Sunday,4,1,4425.714285714285,3834.8
2021-10-19,11816.0,2,2021,10,October,1,Tuesday,4,0,5919.428571428572,4560.363636363636
2021-10-20,0.0,1,2021,10,October,2,Wednesday,4,0,5810.857142857143,4180.333333333333
2021-10-21,720.0,1,2021,10,October,3,Thursday,4,0,3844.0,3914.153846153846
2021-10-22,5300.0,1,2021,10,October,4,Friday,4,0,3918.285714285714,4013.1428571428573
2021-10-25,4176.0,5,2021,10,October,0,Monday,4,0,3829.1428571428573,4024.0
2021-10-26,47416.0,3,2021,10,October,1,Tuesday,4,0,10548.57142857143,6736.0
2021-10-29,4972.0,2,2021,10,October,4,Friday,4,0,10628.57142857143,6632.235294117647
2021-10-30,4456.0,2,2021,10,October,5,Saturday,4,1,9577.142857142857,6511.333333333333
2021-10-31,28888.0,7,2021,10,October,6,Sunday,4,1,13704.0,7689.0526315789475
2021-11-02,580.0,2,2021,11,November,1,Tuesday,4,0,13684.0,7333.6
2021-11-03,280.0,1,2021,11,November,2,Wednesday,4,0,12966.857142857143,6997.714285714285
2021-11-04,760.0,2,2021,11,November,3,Thursday,4,0,12478.857142857143,6714.181818181818
2021-11-05,180.0,3,2021,11,November,4,Friday,4,0,5730.857142857143,6430.086956521739
2021-11-06,576.0,2,2021,11,November,5,Saturday,4,1,5102.857142857143,6186.166666666667
2021-11-07,9548.0,8,2021,11,November,6,Sunday,4,1,5830.285714285715,6320.64
2021-11-08,3254.0,4,2021,11,November,0,Monday,4,0,2168.285714285714,6202.692307692308
2021-11-09,734.0,4,2021,11,November,1,Tuesday,4,0,2190.285714285714,6000.148148148148
2021-11-10,8000.0,1,2021,11,November,2,Wednesday,4,0,3293.1428571428573,6071.571428571428
2021-11-11,4960.0,14,2021,11,November,3,Thursday,4,0,3893.1428571428573,6033.241379310345
2021-11-12,2592.0,5,2021,11,November,4,Friday,4,0,4237.714285714285,5918.533333333334
2021-11-13,6216.0,9,2021,11,November,5,Saturday,4,1,5043.428571428572,6100.4
2021-11-14,12770.0,10,2021,11,November,6,Sunday,4,1,5503.714285714285,6487.4
2021-11-16,0.0,1,2021,11,November,1,Tuesday,4,0,5038.857142857143,6305.8
2021-11-17,576.0,4,2021,11,November,2,Wednesday,4,0,5016.285714285715,6279.666666666667
2021-11-19,198.0,1,2021,11,November,4,Friday,4,0,3901.714285714286,6260.933333333333
2021-11-20,2275.2,4,2021,11,November,5,Saturday,4,1,3518.171428571429,5853.84
2021-11-21,1160.0,12,2021,11,November,6,Sunday,4,1,3313.6,5733.173333333334
2021-11-22,756.0,3,2021,11,November,0,Monday,4,0,2533.6,5598.373333333334
2021-11-23,0.0,1,2021,11,November,1,Tuesday,4,0,709.3142857142857,5585.706666666667
2021-11-24,5198.0,4,2021,11,November,2,Wednesday,4,0,1451.8857142857144,5611.906666666667
2021-11-25,1436.0,5,2021,11,November,3,Thursday,4,0,1574.7428571428572,5265.906666666667
2021-11-27,9117.6,9,2021,11,November,5,Saturday,4,1,2848.9714285714285,5569.826666666666
2021-11-28,5972.0,8,2021,11,November,6,Sunday,4,1,3377.085714285714,5744.8933333333325
2021-11-29,752.0,6,2021,11,November,0,Monday,4,0,3318.7999999999997,5593.293333333333
2021-11-30,4160.0,3,2021,11,November,1,Tuesday,4,0,3805.085714285714,5592.759999999999
2021-12-01,376.0,2,2021,12,December,2,Wednesday,4,0,3858.7999999999997,4024.76
2021-12-02,580.0,2,2021,12,December,3,Thursday,4,0,3199.085714285714,3878.36
2021-12-03,3176.0,6,2021,12,December,4,Friday,4,0,3447.657142857143,3835.6933333333336
2021-12-04,936.0,5,2021,12,December,5,Saturday,4,1,2278.8571428571427,2903.96
2021-12-05,0.0,2,2021,12,December,6,Sunday,4,1,1425.7142857142858,2884.6266666666666
2021-12-06,376.0,2,2021,12,December,0,Monday,4,0,1372.0,2887.826666666667
2021-12-07,2956.4,8,2021,12,December,1,Tuesday,4,0,1200.0571428571427,2961.04
2021-12-08,756.0,3,2021,12,December,2,Wednesday,4,0,1254.3428571428572,2980.24
2021-12-09,1308.0,7,2021,12,December,3,Thursday,4,0,1358.3428571428572,3004.64
2021-12-10,16816.0,9,2021,12,December,4,Friday,4,0,3306.914285714286,3246.9066666666668
2021-12-11,3912.0,7,2021,12,December,5,Saturday,4,1,3732.057142857143,3268.8399999999997
2021-12-12,3336.2,5,2021,12,December,6,Sunday,4,1,4208.657142857143,3355.58
2021-12-13,0.0,2,2021,12,December,0,Monday,4,0,4154.942857142857,3088.913333333333
2021-12-14,0.0,2,2021,12,December,1,Tuesday,4,0,3732.6,2923.58
2021-12-15,4296.0,11,2021,12,December,2,Wednesday,4,0,4238.314285714286,2980.3799999999997
2021-12-16,6940.0,5,2021,12,December,3,Thursday,4,0,5042.885714285714,3004.5133333333333
2021-12-17,756.0,4,2021,12,December,4,Friday,4,0,2748.6,2604.0466666666666
2021-12-18,1060.0,5,2021,12,December,5,Saturday,4,1,2341.171428571429,2639.3799999999997
2021-12-19,12994.0,9,2021,12,December,6,Sunday,4,1,3720.8571428571427,3053.313333333333
2021-12-20,4284.0,4,2021,12,December,0,Monday,4,0,4332.857142857143,3189.5133333333333
2021-12-21,2776.0,3,2021,12,December,1,Tuesday,4,0,4729.428571428572,3206.206666666667
2021-12-22,3760.0,3,2021,12,December,2,Wednesday,4,0,4652.857142857143,3292.873333333334
2021-12-23,0.0,2,2021,12,December,3,Thursday,4,0,3661.4285714285716,3267.6733333333336
2021-12-24,6156.0,4,2021,12,December,4,Friday,4,0,4432.857142857143,3472.873333333334
2021-12-25,376.0,2,2021,12,December,5,Saturday,4,1,4335.142857142857,3312.1400000000003
2021-12-26,556.0,2,2021,12,December,6,Sunday,4,1,2558.285714285714,3282.806666666667
2021-12-27,7918.0,9,2021,12,December,0,Monday,4,0,3077.4285714285716,3242.82
2021-12-28,840.0,2,2021,12,December,1,Tuesday,4,0,2800.8571428571427,3071.7533333333336
2021-12-29,2360.0,4,2021,12,December,2,Wednesday,4,0,2600.8571428571427,3125.3533333333335
2021-12-30,7520.0,4,2021,12,December,3,Thursday,4,0,3675.1428571428573,3237.3533333333335
2021-12-31,14880.0,8,2021,12,December,4,Friday,4,0,4921.428571428572,3720.82
2022-01-01,578.0,4,2022,1,January,5,Saturday,1,1,4950.285714285715,3720.7533333333336
2022-01-02,2640.0,4,2022,1,January,6,Sunday,1,1,5248.0,3702.8866666666668
2022-01-03,7520.0,6,2022,1,January,0,Monday,1,0,5191.142857142857,3922.3533333333335
2022-01-04,0.0,1,2022,1,January,1,Tuesday,1,0,5071.142857142857,3922.3533333333335
2022-01-05,50.0,2,2022,1,January,2,Wednesday,1,0,4741.142857142857,3911.4866666666667
2022-01-06,380.0,1,2022,1,January,3,Thursday,1,0,3721.1428571428573,3825.606666666667
2022-01-07,1169.6,5,2022,1,January,4,Friday,1,0,1762.5142857142857,3839.3933333333334
2022-01-08,0.0,3,2022,1,January,5,Saturday,1,1,1679.9428571428573,3795.7933333333335
2022-01-09,680.0,5,2022,1,January,6,Sunday,1,1,1399.9428571428573,3257.9266666666667
2022-01-10,1388.0,7,2022,1,January,0,Monday,1,0,523.9428571428572,3173.7933333333335
2022-01-11,0.0,2,2022,1,January,1,Tuesday,1,0,523.9428571428572,3062.586666666667
2022-01-12,288.0,3,2022,1,January,2,Wednesday,1,0,557.9428571428572,3072.186666666667
2022-01-13,380.0,3,2022,1,January,3,Thursday,1,0,557.9428571428572,3084.8533333333335
2022-01-14,7472.0,13,2022,1,January,4,Friday,1,0,1458.2857142857142,3190.7200000000003
2022-01-15,3352.0,10,2022,1,January,5,Saturday,1,1,1937.142857142857,3071.1200000000003
2022-01-16,3936.0,6,2022,1,January,6,Sunday,1,1,2402.285714285714,3177.1200000000003
2022-01-17,13443.0,12,2022,1,January,0,Monday,1,0,4124.428571428572,3589.8866666666668
2022-01-18,4483.8,6,2022,1,January,1,Tuesday,1,0,4764.971428571429,3306.2133333333336
2022-01-19,0.0,3,2022,1,January,2,Wednesday,1,0,4723.828571428572,3163.413333333333
2022-01-20,3608.0,5,2022,1,January,3,Thursday,1,0,5184.971428571429,3191.1466666666665
2022-01-21,3282.2,4,2022,1,January,4,Friday,1,0,4586.428571428572,3175.22
2022-01-22,4788.0,8,2022,1,January,5,Saturday,1,1,4791.571428571428,3334.82
2022-01-23,0.0,3,2022,1,January,6,Sunday,1,1,4229.285714285715,3129.6200000000003
2022-01-24,0.0,3,2022,1,January,0,Monday,1,0,2308.8571428571427,3117.086666666667
2022-01-25,0.0,3,2022,1,January,1,Tuesday,1,0,1668.314285714286,3098.5533333333337
2022-01-26,680.0,5,2022,1,January,2,Wednesday,1,0,1765.457142857143,2857.286666666667
2022-01-27,896.0,4,2022,1,January,3,Thursday,1,0,1378.0285714285715,2859.1533333333336
2022-01-28,0.0,5,2022,1,January,4,Friday,1,0,909.1428571428571,2780.4866666666667
2022-01-29,1000.0,7,2022,1,January,5,Saturday,1,1,368.0,2563.1533333333336
2022-01-30,0.0,1,2022,1,January,6,Sunday,1,1,368.0,2067.153333333333
2022-01-31,4560.0,4,2022,1,January,0,Monday,1,0,1019.4285714285714,2199.8866666666668
2022-02-03,320.0,2,2022,2,February,3,Thursday,1,0,1065.142857142857,2122.5533333333333
2022-02-04,0.0,2,2022,2,February,4,Friday,1,0,968.0,1871.8866666666665
2022-02-05,0.0,1,2022,2,February,5,Saturday,1,1,840.0,1871.8866666666665
2022-02-06,0.0,1,2022,2,February,6,Sunday,1,1,840.0,1870.22
2022-02-07,380.0,4,2022,2,February,0,Monday,1,0,751.4285714285714,1870.22
2022-02-09,992.0,3,2022,2,February,2,Wednesday,1,0,893.1428571428571,1864.3
2022-02-10,0.0,1,2022,2,February,3,Thursday,1,0,241.71428571428572,1864.3
2022-02-11,1548.0,3,2022,2,February,4,Friday,1,0,417.14285714285717,1893.2333333333333
2022-02-12,0.0,2,2022,2,February,5,Saturday,1,1,417.14285714285717,1846.9666666666667
2022-02-13,0.0,3,2022,2,February,6,Sunday,1,1,417.14285714285717,1846.9666666666667
2022-02-14,0.0,1,2022,2,February,0,Monday,1,0,417.14285714285717,1837.3666666666666
2022-02-15,6280.0,3,2022,2,February,1,Tuesday,1,0,1260.0,2034.0333333333333
2022-02-16,380.0,2,2022,2,February,2,Wednesday,1,0,1172.5714285714287,1797.6333333333334
2022-02-17,4880.0,6,2022,2,February,3,Thursday,1,0,1869.7142857142858,1848.5666666666666
2022-02-18,2640.0,4,2022,2,February,4,Friday,1,0,2025.7142857142858,1805.3666666666666
2022-02-19,0.0,1,2022,2,February,5,Saturday,1,1,2025.7142857142858,1357.2666666666667
2022-02-20,0.0,7,2022,2,February,6,Sunday,1,1,2025.7142857142858,1207.8066666666666
2022-02-21,3120.0,6,2022,2,February,0,Monday,1,0,2471.4285714285716,1311.8066666666666
2022-02-22,320.0,2,2022,2,February,1,Tuesday,1,0,1620.0,1202.2066666666665
2022-02-23,578.0,4,2022,2,February,2,Wednesday,1,0,1648.2857142857142,1112.0666666666666
2022-02-24,0.0,1,2022,2,February,3,Thursday,1,0,951.1428571428571,952.4666666666667
2022-02-25,716.0,5,2022,2,February,4,Friday,1,0,676.2857142857143,976.3333333333334
2022-02-26,5076.0,8,2022,2,February,5,Saturday,1,1,1401.4285714285713,1145.5333333333333
2022-02-27,460.0,2,2022,2,February,6,Sunday,1,1,1467.142857142857,1160.8666666666666
2022-02-28,1564.0,4,2022,2,February,0,Monday,1,0,1244.857142857143,1190.3333333333333
2022-03-02,490.0,3,2022,3,March,2,Wednesday,1,0,1269.142857142857,1176.8
2022-03-03,0.0,2,2022,3,March,3,Thursday,1,0,1186.5714285714287,1176.8
2022-03-04,0.0,1,2022,3,March,4,Friday,1,0,1186.5714285714287,1143.4666666666667
2022-03-05,0.0,1,2022,3,March,5,Saturday,1,1,1084.2857142857142,1143.4666666666667
2022-03-06,0.0,5,2022,3,March,6,Sunday,1,1,359.14285714285717,991.4666666666667
2022-03-07,1308.0,3,2022,3,March,0,Monday,1,0,480.2857142857143,1024.4
2022-03-08,0.0,2,2022,3,March,1,Tuesday,1,0,256.85714285714283,1024.4
2022-03-09,0.0,1,2022,3,March,2,Wednesday,1,0,186.85714285714286,1024.4
2022-03-10,0.0,4,2022,3,March,3,Thursday,1,0,186.85714285714286,1024.4
2022-03-11,376.0,1,2022,3,March,4,Friday,1,0,240.57142857142858,1024.2666666666667
2022-03-12,7236.0,7,2022,3,March,5,Saturday,1,1,1274.2857142857142,1232.4
2022-03-13,0.0,2,2022,3,March,6,Sunday,1,1,1274.2857142857142,1232.4
2022-03-14,6536.0,7,2022,3,March,0,Monday,1,0,2021.142857142857,1398.6666666666667
2022-03-15,-42346.6,58,2022,3,March,1,Tuesday,1,0,-4028.371428571428,-12.886666666666619
2022-03-16,2652.0,7,2022,3,March,2,Wednesday,1,0,-3649.5142857142855,75.51333333333332
2022-03-17,160.0,3,2022,3,March,3,Thursday,1,0,-3626.657142857143,80.84666666666665
2022-03-18,960.0,6,2022,3,March,4,Friday,1,0,-3543.2285714285713,-96.48666666666668
2022-03-19,1932.8,5,2022,3,March,5,Saturday,1,1,-4300.828571428571,-44.72666666666668
2022-03-20,336.0,5,2022,3,March,6,Sunday,1,1,-4252.828571428571,-196.19333333333333
2022-03-21,7448.0,7,2022,3,March,0,Monday,1,0,-4122.542857142857,-35.92666666666664
2022-03-22,0.0,2,2022,3,March,1,Tuesday,1,0,1926.971428571429,-35.92666666666667
2022-03-23,376.0,5,2022,3,March,2,Wednesday,1,0,1601.8285714285719,-23.393333333333338
2022-03-24,300.0,1,2022,3,March,3,Thursday,1,0,1621.8285714285719,-117.39333333333335
2022-03-25,752.0,3,2022,3,March,4,Friday,1,0,1592.114285714286,-102.99333333333334
2022-03-26,11120.0,6,2022,3,March,5,Saturday,1,1,2904.571428571429,248.40666666666667
2022-03-27,2280.0,5,2022,3,March,6,Sunday,1,1,3182.2857142857147,324.4066666666667
2022-03-28,5958.0,10,2022,3,March,0,Monday,1,0,2969.428571428572,499.14000000000004
2022-03-29,376.0,1,2022,3,March,1,Tuesday,1,0,3023.142857142858,342.47333333333336
2022-03-30,15120.0,5,2022,3,March,2,Wednesday,1,0,5129.428571428572,831.14
2022-03-31,13536.0,4,2022,3,March,3,Thursday,1,0,7020.285714285715,1230.2066666666665
2022-04-01,16162.0,9,2022,4,April,4,Friday,2,0,9221.714285714286,1752.6066666666666
2022-04-02,4120.0,6,2022,4,April,5,Saturday,2,1,8221.714285714286,1889.9399999999998
2022-04-03,676.0,5,2022,4,April,6,Sunday,2,1,7992.571428571428,1912.4733333333331
2022-04-04,0.0,2,2022,4,April,0,Monday,2,0,7141.428571428572,1912.4733333333331
2022-04-05,0.0,3,2022,4,April,1,Tuesday,2,0,7087.714285714285,1912.4733333333331
2022-04-06,7320.0,4,2022,4,April,2,Wednesday,2,0,5973.428571428572,2112.8733333333334
2022-04-07,0.0,4,2022,4,April,3,Thursday,2,0,4039.7142857142862,2112.8733333333334
2022-04-08,376.0,2,2022,4,April,4,Friday,2,0,1784.5714285714291,2125.4066666666668
2022-04-09,480.0,2,2022,4,April,5,Saturday,2,1,1264.5714285714291,2141.4066666666668
2022-04-10,376.0,3,2022,4,April,6,Sunday,2,1,1221.7142857142862,2141.4066666666668
2022-04-11,4849.6,7,2022,4,April,0,Monday,2,0,1914.5142857142862,2061.86
2022-04-12,472.0,1,2022,4,April,1,Tuesday,2,0,1981.9428571428577,2077.5933333333332
2022-04-13,0.0,3,2022,4,April,2,Wednesday,2,0,936.228571428572,1859.7266666666667
2022-04-14,360.0,4,2022,4,April,3,Thursday,2,0,987.6571428571434,3283.2799999999997
2022-04-15,0.0,1,2022,4,April,4,Friday,2,0,933.9428571428577,3194.8799999999997
2022-04-16,4516.0,4,2022,4,April,5,Saturday,2,1,1510.5142857142862,3340.08
2022-04-17,1242.0,4,2022,4,April,6,Sunday,2,1,1634.228571428572,3349.48
2022-04-18,4828.0,8,2022,4,April,0,Monday,2,0,1631.1428571428576,3445.9866666666667
2022-04-19,1656.0,5,2022,4,April,1,Tuesday,2,0,1800.285714285715,3489.9866666666667
2022-04-20,912.0,5,2022,4,April,2,Wednesday,2,0,1930.5714285714291,3272.1200000000003
2022-04-21,736.0,4,2022,4,April,3,Thursday,2,0,1984.285714285715,3296.6533333333336
2022-04-22,0.0,3,2022,4,April,4,Friday,2,0,1984.285714285715,3284.1200000000003
2022-04-23,7648.0,7,2022,4,April,5,Saturday,2,1,2431.7142857142862,3529.0533333333337
2022-04-24,6940.0,9,2022,4,April,6,Sunday,2,1,3245.7142857142862,3735.32
2022-04-25,11700.0,8,2022,4,April,0,Monday,2,0,4227.428571428572,3754.6533333333336
2022-04-26,5632.0,6,2022,4,April,1,Tuesday,2,0,4795.428571428572,3866.3866666666668
2022-04-27,0.0,5,2022,4,April,2,Wednesday,2,0,4665.142857142858,3667.786666666667
2022-04-28,852.0,3,2022,4,April,3,Thursday,2,0,4681.714285714285,3683.6533333333336
2022-04-29,6078.2,6,2022,4,April,4,Friday,2,0,5550.028571428572,3382.26
2022-04-30,4374.0,12,2022,4,April,5,Saturday,2,1,5082.314285714287,3076.86
2022-05-01,17156.0,9,2022,5,May,6,Sunday,2,1,6541.742857142858,3109.9933333333333
2022-05-02,1798.2,5,2022,5,May,0,Monday,2,0,5127.2,3032.6
2022-05-05,5996.0,5,2022,5,May,3,Thursday,2,0,5179.2,3209.9333333333334
2022-05-06,3430.0,3,2022,5,May,4,Friday,2,0,5669.2,3324.266666666667
2022-05-07,4116.2,7,2022,5,May,5,Saturday,2,1,6135.514285714286,3461.4733333333334
2022-05-08,640.0,8,2022,5,May,6,Sunday,2,1,5358.628571428572,3238.8066666666664
2022-05-09,1998.0,8,2022,5,May,0,Monday,2,0,5019.200000000002,3305.4066666666668
2022-05-10,1848.0,10,2022,5,May,1,Tuesday,2,0,2832.342857142857,3354.4733333333334
2022-05-11,0.0,5,2022,5,May,2,Wednesday,2,0,2575.4571428571435,3338.4733333333334
2022-05-12,2288.0,4,2022,5,May,3,Thursday,2,0,2045.7428571428575,3402.2066666666665
2022-05-13,0.0,7,2022,5,May,4,Friday,2,0,1555.7428571428577,3240.553333333333
2022-05-14,2870.2,12,2022,5,May,5,Saturday,2,1,1377.7428571428577,3320.4933333333333
2022-05-15,6572.2,12,2022,5,May,6,Sunday,2,1,2225.2000000000003,3539.5666666666666
2022-05-16,4262.2,11,2022,5,May,0,Monday,2,0,2548.6571428571433,3669.64
2022-05-17,9510.0,14,2022,5,May,1,Tuesday,2,0,3643.2285714285717,3986.64
2022-05-18,5078.0,11,2022,5,May,2,Wednesday,2,0,4368.657142857143,4005.3733333333334
2022-05-19,2144.0,7,2022,5,May,3,Thursday,2,0,4348.085714285715,4035.44
2022-05-20,6594.0,7,2022,5,May,4,Friday,2,0,5290.085714285715,4094.3066666666664
2022-05-21,1076.0,10,2022,5,May,5,Saturday,2,1,5033.77142857143,4074.9733333333334
2022-05-22,4772.0,8,2022,5,May,6,Sunday,2,1,4776.599999999999,4203.64
2022-05-23,10370.4,15,2022,5,May,0,Monday,2,0,5649.2,4524.786666666667
2022-05-24,3350.2,12,2022,5,May,1,Tuesday,2,0,4769.228571428573,4636.46
2022-05-25,1998.0,8,2022,5,May,2,Wednesday,2,0,4329.228571428572,4448.126666666666
2022-05-26,2666.0,12,2022,5,May,3,Thursday,2,0,4403.8,4305.66
2022-05-27,9780.0,12,2022,5,May,4,Friday,2,0,4858.942857142858,4241.66
2022-05-28,4948.0,16,2022,5,May,5,Saturday,2,1,5412.085714285715,4218.86
2022-05-29,4022.0,12,2022,5,May,6,Sunday,2,1,5304.942857142858,4352.926666666666
2022-05-30,15466.8,22,2022,5,May,0,Monday,2,0,6033.0,4840.086666666667
2022-05-31,6350.0,10,2022,5,May,1,Tuesday,2,0,6461.542857142857,4849.1466666666665
2022-06-01,3980.0,15,2022,6,June,2,Wednesday,2,0,6744.685714285714,4836.013333333333
2022-06-02,3916.2,13,2022,6,June,3,Thursday,2,0,6923.285714285715,4394.6866666666665
2022-06-03,14256.0,17,2022,6,June,4,Friday,2,0,7562.714285714285,4809.946666666667
2022-06-04,4598.0,19,2022,6,June,5,Saturday,2,1,7512.714285714285,4763.346666666666
2022-06-05,1156.0,8,2022,6,June,6,Sunday,2,1,7103.285714285715,4687.546666666666
2022-06-06,1420.0,16,2022,6,June,0,Monday,2,0,5096.599999999999,4597.673333333333
2022-06-07,1160.0,10,2022,6,June,1,Tuesday,2,0,4355.171428571429,4615.006666666666
2022-06-08,3752.0,17,2022,6,June,2,Wednesday,2,0,4322.6,4673.473333333332
2022-06-09,1156.0,11,2022,6,June,3,Thursday,2,0,3928.2857142857147,4650.406666666666
2022-06-10,360.0,13,2022,6,June,4,Friday,2,0,1943.1428571428576,4662.406666666666
2022-06-11,5436.0,19,2022,6,June,5,Saturday,2,1,2062.8571428571436,4767.339999999999
2022-06-12,430.0,11,2022,6,June,6,Sunday,2,1,1959.1428571428576,4781.673333333333
2022-06-13,1376.0,15,2022,6,June,0,Monday,2,0,1952.8571428571433,4731.866666666667
2022-06-14,472.0,12,2022,6,June,1,Tuesday,2,0,1854.5714285714291,4528.526666666667
2022-06-15,1112.0,13,2022,6,June,2,Wednesday,2,0,1477.428571428572,4423.52
2022-06-16,1756.0,12,2022,6,June,3,Thursday,2,0,1563.1428571428576,4165.053333333333
2022-06-17,3098.0,14,2022,6,June,4,Friday,2,0,1954.285714285715,4099.053333333333
2022-06-18,1188.0,15,2022,6,June,5,Saturday,2,1,1347.428571428572,4067.186666666667
2022-06-19,2993.6,11,2022,6,June,6,Sunday,2,1,1713.6571428571435,3947.173333333333
2022-06-20,2472.0,13,2022,6,June,0,Monday,2,0,1870.228571428572,3993.7066666666665
2022-06-21,3998.0,9,2022,6,June,1,Tuesday,2,0,2373.9428571428575,3967.9066666666668
2022-06-22,3272.0,7,2022,6,June,2,Wednesday,2,0,2682.514285714286,3731.2933333333335
2022-06-23,3998.0,9,2022,6,June,3,Thursday,2,0,3002.8,3752.8866666666663
2022-06-24,3656.0,13,2022,6,June,4,Friday,2,0,3082.514285714286,3808.153333333333
2022-06-25,4656.0,12,2022,6,June,5,Saturday,2,1,3577.942857142858,3874.486666666666
2022-06-26,4274.2,13,2022,6,June,6,Sunday,2,1,3760.885714285715,3690.96
2022-06-27,0.0,14,2022,6,June,0,Monday,2,0,3407.7428571428577,3526.026666666666
2022-06-28,5944.0,14,2022,6,June,1,Tuesday,2,0,3685.7428571428577,3590.093333333333
2022-06-29,0.0,1,2022,6,June,2,Wednesday,2,0,3218.314285714286,3074.5333333333333
2022-06-30,5504.0,23,2022,6,June,3,Thursday,2,0,3433.4571428571435,3046.3333333333335
2022-07-01,7456.4,18,2022,7,July,4,Friday,3,0,3976.3714285714295,3162.2133333333336
2022-07-02,8284.0,19,2022,7,July,5,Saturday,3,1,4494.657142857143,3307.806666666667
2022-07-03,1848.0,11,2022,7,July,6,Sunday,3,1,4148.057142857144,2894.206666666667
2022-07-04,2820.0,13,2022,7,July,0,Monday,3,0,4550.914285714286,2834.9400000000005
2022-07-05,2912.0,13,2022,7,July,1,Tuesday,3,0,4117.771428571429,2893.473333333334
2022-07-06,0.0,9,2022,7,July,2,Wednesday,3,0,4117.771428571429,2846.1400000000003
2022-07-07,1420.0,12,2022,7,July,3,Thursday,3,0,3534.342857142858,2854.806666666667
2022-07-08,2444.0,19,2022,7,July,4,Friday,3,0,2818.2857142857147,2811.206666666667
2022-07-09,4770.0,19,2022,7,July,5,Saturday,3,1,2316.2857142857147,2931.6733333333336
2022-07-10,7744.0,20,2022,7,July,6,Sunday,3,1,3158.571428571429,3177.806666666667
2022-07-11,500.0,12,2022,7,July,0,Monday,3,0,2827.142857142858,3013.2733333333335
2022-07-12,1020.0,12,2022,7,July,1,Tuesday,3,0,2556.8571428571436,3032.9400000000005
2022-07-13,3368.0,9,2022,7,July,2,Wednesday,3,0,3038.0000000000005,3099.3400000000006
2022-07-14,300.0,18,2022,7,July,3,Thursday,3,0,2878.0000000000005,3093.606666666667
2022-07-15,1080.0,12,2022,7,July,4,Friday,3,0,2683.142857142858,3092.5400000000004
2022-07-16,1771.2,17,2022,7,July,5,Saturday,3,1,2254.7428571428577,3093.046666666667
2022-07-17,1756.0,13,2022,7,July,6,Sunday,3,1,1399.3142857142864,3048.313333333333
2022-07-18,3058.0,18,2022,7,July,0,Monday,3,0,1764.7428571428577,3110.6466666666665
2022-07-19,5776.0,17,2022,7,July,1,Tuesday,3,0,2444.1714285714293,3203.3933333333334
2022-07-20,792.0,15,2022,7,July,2,Wednesday,3,0,2076.1714285714293,3147.3933333333334
2022-07-21,5130.0,19,2022,7,July,3,Thursday,3,0,2766.1714285714293,3185.1266666666666
2022-07-22,4554.0,19,2022,7,July,4,Friday,3,0,3262.4571428571435,3227.86
2022-07-23,2456.0,14,2022,7,July,5,Saturday,3,1,3360.2857142857147,3176.46
2022-07-24,0.0,18,2022,7,July,6,Sunday,3,1,3109.428571428572,3054.5933333333332
2022-07-25,600.0,16,2022,7,July,0,Monday,3,0,2758.2857142857147,2919.3933333333334
2022-07-26,416.0,12,2022,7,July,1,Tuesday,3,0,1992.5714285714291,2790.786666666667
2022-07-27,0.0,5,2022,7,July,2,Wednesday,3,0,1879.428571428572,2790.786666666667
2022-07-28,6868.0,23,2022,7,July,3,Thursday,3,0,2127.7142857142862,2821.586666666667
2022-07-29,3184.0,17,2022,7,July,4,Friday,3,0,1932.0000000000005,2927.7200000000003
2022-07-30,7672.0,22,2022,7,July,5,Saturday,3,1,2677.142857142858,2999.9866666666667
2022-07-31,3992.0,17,2022,7,July,6,Sunday,3,1,3247.428571428572,2884.5066666666667
2022-08-01,2268.0,18,2022,8,August,0,Monday,3,0,3485.7142857142862,2683.9733333333334
2022-08-02,4302.0,16,2022,8,August,1,Tuesday,3,0,4040.8571428571436,2765.773333333333
2022-08-03,6512.0,15,2022,8,August,2,Wednesday,3,0,4971.142857142857,2888.8399999999997
2022-08-04,716.0,14,2022,8,August,3,Thursday,3,0,4092.2857142857147,2815.64
2022-08-05,472.0,12,2022,8,August,4,Friday,3,0,3704.8571428571436,2831.3733333333334
2022-08-06,11306.1,18,2022,8,August,5,Saturday,3,1,4224.014285714286,3160.9099999999994
2022-08-07,1600.0,13,2022,8,August,6,Sunday,3,1,3882.3000000000006,3132.776666666666
2022-08-08,320.0,14,2022,8,August,0,Monday,3,0,3604.0142857142864,2984.443333333333
2022-08-09,1668.0,18,2022,8,August,1,Tuesday,3,0,3227.728571428572,2781.9099999999994
2022-08-10,3260.4,11,2022,8,August,2,Wednesday,3,0,2763.2142857142862,2873.923333333333
2022-08-11,4336.0,7,2022,8,August,3,Thursday,3,0,3280.3571428571436,2984.4566666666665
2022-08-12,2118.4,6,2022,8,August,4,Friday,3,0,3515.5571428571434,2942.803333333333
2022-08-13,1356.0,5,2022,8,August,5,Saturday,3,1,2094.1142857142863,2978.003333333333
2022-08-14,3078.0,4,2022,8,August,6,Sunday,3,1,2305.257142857143,3044.603333333333
2022-08-15,6502.0,6,2022,8,August,0,Monday,3,0,3188.4000000000005,3202.2966666666666
2022-08-16,0.0,2,2022,8,August,1,Tuesday,3,0,2950.1142857142863,3143.7633333333333
2022-08-17,788.0,3,2022,8,August,2,Wednesday,3,0,2596.914285714286,3068.0966666666664
2022-08-18,720.0,3,2022,8,August,3,Thursday,3,0,2080.3428571428576,2899.563333333333
2022-08-19,3528.0,5,2022,8,August,4,Friday,3,0,2281.7142857142862,2990.7633333333333
2022-08-20,2172.0,9,2022,8,August,5,Saturday,3,1,2398.2857142857147,2892.163333333333
2022-08-21,1952.0,1,2022,8,August,6,Sunday,3,1,2237.428571428572,2805.43
2022-08-22,4210.0,6,2022,8,August,0,Monday,3,0,1910.0000000000005,2863.8966666666665
2022-08-23,2275.0,4,2022,8,August,1,Tuesday,3,0,2235.0000000000005,2939.73
2022-08-24,5196.0,4,2022,8,August,2,Wednesday,3,0,2864.7142857142862,3092.93
2022-08-25,8134.0,5,2022,8,August,3,Thursday,3,0,3923.8571428571436,3350.1966666666663
2022-08-26,976.0,3,2022,8,August,4,Friday,3,0,3559.2857142857147,3382.73
2022-08-27,2572.0,7,2022,8,August,5,Saturday,3,1,3616.428571428572,3239.5299999999997
2022-08-28,976.0,1,2022,8,August,6,Sunday,3,1,3477.0000000000005,3165.93
2022-08-29,976.0,4,2022,8,August,0,Monday,3,0,3015.0000000000005,2942.73
2022-08-30,976.0,1,2022,8,August,1,Tuesday,3,0,2829.428571428572,2842.1966666666663
2022-08-31,5526.0,7,2022,8,August,2,Wednesday,3,0,2876.571428571429,2950.7966666666666
2022-09-01,1824.0,5,2022,9,September,3,Thursday,3,0,1975.1428571428576,2868.1966666666663
2022-09-02,2712.0,6,2022,9,September,4,Friday,3,0,2223.142857142858,2741.5299999999997
2022-09-03,3760.0,4,2022,9,September,5,Saturday,3,1,2392.8571428571436,2842.9966666666664
2022-09-04,976.0,7,2022,9,September,6,Sunday,3,1,2392.8571428571436,2859.7966666666666
2022-09-05,2275.0,6,2022,9,September,0,Monday,3,0,2578.428571428572,2558.7599999999998
2022-09-06,1952.0,2,2022,9,September,1,Tuesday,3,0,2717.8571428571436,2570.493333333333
2022-09-08,1996.0,2,2022,9,September,3,Thursday,3,0,2213.571428571429,2626.3599999999997
2022-09-09,3698.0,4,2022,9,September,4,Friday,3,0,2481.2857142857147,2694.026666666666
2022-09-10,720.0,3,2022,9,September,5,Saturday,3,1,2196.7142857142862,2609.3466666666664
2022-09-11,3974.0,3,2022,9,September,6,Sunday,3,1,2227.2857142857147,2597.2799999999997
2022-09-12,1412.0,5,2022,9,September,0,Monday,3,0,2289.571428571429,2573.733333333333
2022-09-13,0.0,1,2022,9,September,1,Tuesday,3,0,1964.5714285714291,2528.5333333333333
2022-09-14,2598.0,3,2022,9,September,2,Wednesday,3,0,2056.8571428571436,2512.5333333333333
2022-09-15,1356.0,2,2022,9,September,3,Thursday,3,0,1965.428571428572,2341.0
2022-09-16,2546.0,5,2022,9,September,4,Friday,3,0,1800.8571428571433,2425.866666666667
2022-09-17,5640.0,5,2022,9,September,5,Saturday,3,1,2503.7142857142862,2587.6
2022-09-18,1956.0,1,2022,9,September,6,Sunday,3,1,2215.428571428572,2628.8
2022-09-19,0.0,3,2022,9,September,0,Monday,3,0,2013.7142857142862,2511.2
2022-09-20,976.0,5,2022,9,September,1,Tuesday,3,0,2153.142857142858,2471.3333333333335
2022-09-21,580.0,2,2022,9,September,2,Wednesday,3,0,1864.8571428571433,2425.6
2022-09-22,0.0,5,2022,9,September,3,Thursday,3,0,1671.1428571428576,2285.266666666667
2022-09-23,1616.0,6,2022,9,September,4,Friday,3,0,1538.285714285715,2263.3
2022-09-24,0.0,2,2022,9,September,5,Saturday,3,1,732.5714285714291,2090.1
2022-09-25,416.0,2,2022,9,September,6,Sunday,3,1,512.5714285714291,1832.8333333333333
2022-09-26,2918.0,6,2022,9,September,0,Monday,3,0,929.4285714285719,1897.5666666666666
2022-09-27,712.0,5,2022,9,September,1,Tuesday,3,0,891.7142857142862,1835.5666666666666
2022-09-28,4764.0,8,2022,9,September,2,Wednesday,3,0,1489.428571428572,1961.8333333333333
2022-09-29,6172.0,4,2022,9,September,3,Thursday,3,0,2371.142857142858,2135.0333333333333
2022-09-30,976.0,9,2022,9,September,4,Friday,3,0,2279.7142857142862,2135.0333333333333
2022-10-01,976.0,5,2022,10,October,5,Saturday,4,1,2419.142857142858,1983.3666666666666
2022-10-02,0.0,1,2022,10,October,6,Sunday,4,1,2359.7142857142862,1922.5666666666666
2022-10-03,1696.0,7,2022,10,October,0,Monday,4,0,2185.142857142858,1888.7
2022-10-04,808.0,4,2022,10,October,1,Tuesday,4,0,2198.8571428571436,1790.3
2022-10-05,13632.0,9,2022,10,October,2,Wednesday,4,0,3465.7142857142862,2212.1666666666665
2022-10-06,1336.0,4,2022,10,October,3,Thursday,4,0,2774.8571428571436,2180.866666666667
2022-10-07,0.0,7,2022,10,October,4,Friday,4,0,2635.428571428572,2115.8
2022-10-08,4910.0,7,2022,10,October,5,Saturday,4,1,3197.428571428572,2212.9333333333334
2022-10-09,6508.0,7,2022,10,October,6,Sunday,4,1,4127.142857142858,2306.6
2022-10-10,7296.0,7,2022,10,October,0,Monday,4,0,4927.142857142857,2525.8
2022-10-11,0.0,6,2022,10,October,1,Tuesday,4,0,4811.714285714285,2393.3333333333335
2022-10-12,300.0,1,2022,10,October,2,Wednesday,4,0,2907.142857142858,2356.266666666667
2022-10-13,0.0,7,2022,10,October,3,Thursday,4,0,2716.2857142857147,2356.266666666667
2022-10-14,0.0,7,2022,10,October,4,Friday,4,0,2716.2857142857147,2269.6666666666665
2022-10-15,1020.0,8,2022,10,October,5,Saturday,4,1,2160.571428571429,2258.4666666666667
2022-10-16,380.0,4,2022,10,October,6,Sunday,4,1,1285.1428571428576,2186.266666666667
2022-10-17,2928.0,8,2022,10,October,0,Monday,4,0,661.1428571428577,2095.866666666667
2022-10-18,396.0,4,2022,10,October,1,Tuesday,4,0,717.7142857142862,2043.8666666666666
2022-10-19,380.0,3,2022,10,October,2,Wednesday,4,0,729.1428571428577,2056.5333333333333
2022-10-20,5174.0,9,2022,10,October,3,Thursday,4,0,1468.285714285715,2196.4666666666667
2022-10-21,0.0,4,2022,10,October,4,Friday,4,0,1468.285714285715,2177.133333333333
2022-10-22,0.0,4,2022,10,October,5,Saturday,4,1,1322.5714285714291,2177.133333333333
2022-10-23,4560.0,5,2022,10,October,6,Sunday,4,1,1919.7142857142862,2275.266666666667
2022-10-24,2598.0,6,2022,10,October,0,Monday,4,0,1872.5714285714291,2361.866666666667
2022-10-25,0.0,1,2022,10,October,1,Tuesday,4,0,1816.0000000000005,2348.0
2022-10-26,0.0,1,2022,10,October,2,Wednesday,4,0,1761.7142857142862,2250.733333333333
2022-10-27,760.0,5,2022,10,October,3,Thursday,4,0,1131.1428571428576,2252.3333333333335
2022-10-28,3304.4,10,2022,10,October,4,Friday,4,0,1603.2000000000005,2203.6800000000003
2022-10-29,7452.0,7,2022,10,October,5,Saturday,4,1,2667.7714285714287,2246.346666666667
2022-10-30,5792.0,6,2022,10,October,6,Sunday,4,1,2843.7714285714287,2406.88
2022-10-31,3216.0,4,2022,10,October,0,Monday,4,0,2932.057142857143,2481.546666666667
2022-11-01,1952.0,5,2022,11,November,1,Tuesday,4,0,3210.914285714286,2546.6133333333337
2022-11-03,7148.0,11,2022,11,November,3,Thursday,4,0,4232.057142857143,2728.346666666667
2022-11-04,0.0,6,2022,11,November,4,Friday,4,0,4123.4857142857145,2701.4133333333334
2022-11-05,3696.0,8,2022,11,November,5,Saturday,4,1,4179.428571428572,2370.2133333333336
2022-11-06,3480.0,4,2022,11,November,6,Sunday,4,1,3612.0,2441.6800000000003
2022-11-07,1392.0,5,2022,11,November,0,Monday,4,0,2983.4285714285716,2488.0800000000004
2022-11-08,0.0,2,2022,11,November,1,Tuesday,4,0,2524.0,2324.4133333333334
2022-11-09,0.0,5,2022,11,November,2,Wednesday,4,0,2245.142857142858,2107.48
2022-11-10,4560.0,8,2022,11,November,3,Thursday,4,0,1875.428571428572,2016.2799999999997
2022-11-11,856.0,6,2022,11,November,4,Friday,4,0,1997.7142857142862,2044.813333333333
2022-11-12,3640.0,8,2022,11,November,5,Saturday,4,1,1989.7142857142862,2156.1466666666665
2022-11-14,2020.8,11,2022,11,November,0,Monday,4,0,1781.2571428571432,2223.5066666666667
2022-11-15,8148.0,10,2022,11,November,1,Tuesday,4,0,2746.4000000000005,2495.1066666666666
2022-11-16,0.0,3,2022,11,November,2,Wednesday,4,0,2746.4000000000005,2461.1066666666666
2022-11-17,0.0,3,2022,11,November,3,Thursday,4,0,2746.4000000000005,2448.44
2022-11-18,1400.0,4,2022,11,November,4,Friday,4,0,2294.971428571429,2397.5066666666667
2022-11-20,680.0,4,2022,11,November,6,Sunday,4,1,2269.8285714285716,2406.9733333333334
2022-11-21,2304.0,6,2022,11,November,0,Monday,4,0,2078.971428571429,2471.1066666666666
2022-11-22,0.0,5,2022,11,November,1,Tuesday,4,0,1790.285714285715,2298.64
2022-11-23,2096.0,5,2022,11,November,2,Wednesday,4,0,925.7142857142862,2368.5066666666667
2022-11-25,1296.0,5,2022,11,November,4,Friday,4,0,1110.8571428571433,2411.7066666666665
2022-11-26,6216.0,9,2022,11,November,5,Saturday,4,1,1998.8571428571433,2466.9066666666668
2022-11-27,380.0,1,2022,11,November,6,Sunday,4,1,1853.1428571428576,2392.9733333333334
2022-11-28,808.0,4,2022,11,November,0,Monday,4,0,1871.428571428572,2419.9066666666668
2022-11-29,1356.0,3,2022,11,November,1,Tuesday,4,0,1736.0000000000005,2465.1066666666666
2022-11-30,5826.0,7,2022,11,November,2,Wednesday,4,0,2568.2857142857147,2633.9733333333334
2022-12-01,0.0,4,2022,12,December,3,Thursday,4,0,2268.8571428571436,2523.826666666667
2022-12-02,0.0,6,2022,12,December,4,Friday,4,0,2083.7142857142862,2275.4266666666667
2022-12-03,19076.0,16,2022,12,December,5,Saturday,4,1,3920.8571428571436,2718.226666666667
2022-12-04,18212.0,14,2022,12,December,6,Sunday,4,1,6468.285714285715,3218.0933333333332
2022-12-05,472.0,9,2022,12,December,0,Monday,4,0,6420.285714285715,3168.76
2022-12-06,1996.0,3,2022,12,December,1,Tuesday,4,0,6511.714285714285,2997.0266666666666
2022-12-07,472.0,5,2022,12,December,2,Wednesday,4,0,5746.857142857143,3012.76
2022-12-09,3544.0,7,2022,12,December,4,Friday,4,0,6253.142857142857,3007.6933333333336
2022-12-10,708.0,9,2022,12,December,5,Saturday,4,1,6354.285714285715,2915.2933333333335
2022-12-11,6848.0,3,2022,12,December,6,Sunday,4,1,4607.428571428572,3097.1600000000003
2022-12-12,360.0,1,2022,12,December,0,Monday,4,0,2057.142857142858,3109.1600000000003
2022-12-13,320.0,2,2022,12,December,1,Tuesday,4,0,2035.428571428572,3119.826666666667
2022-12-14,6524.0,6,2022,12,December,2,Wednesday,4,0,2682.2857142857147,3185.2933333333335
2022-12-15,1296.0,5,2022,12,December,3,Thursday,4,0,2800.0000000000005,3199.96
2022-12-16,1608.0,4,2022,12,December,4,Friday,4,0,2523.428571428572,3132.226666666667
2022-12-17,0.0,5,2022,12,December,5,Saturday,4,1,2422.2857142857147,3064.866666666667
2022-12-18,472.0,2,2022,12,December,6,Sunday,4,1,1511.428571428572,2809.0
2022-12-19,236.0,6,2022,12,December,0,Monday,4,0,1493.7142857142862,2816.866666666667
2022-12-20,3194.0,7,2022,12,December,1,Tuesday,4,0,1904.285714285715,2923.3333333333335
2022-12-21,3528.0,5,2022,12,December,2,Wednesday,4,0,1476.285714285715,2994.266666666667
2022-12-22,0.0,5,2022,12,December,3,Thursday,4,0,1291.1428571428576,2971.6
2022-12-23,4556.0,10,2022,12,December,4,Friday,4,0,1712.285714285715,3046.6666666666665
2022-12-24,380.0,8,2022,12,December,5,Saturday,4,1,1766.5714285714291,3059.3333333333335
2022-12-25,236.0,1,2022,12,December,6,Sunday,4,1,1732.8571428571433,2997.3333333333335
2022-12-27,2332.0,4,2022,12,December,1,Tuesday,4,0,2032.285714285715,3031.866666666667
2022-12-28,236.0,3,2022,12,December,2,Wednesday,4,0,1609.7142857142862,2832.5333333333333
2022-12-29,6508.0,5,2022,12,December,3,Thursday,4,0,2035.428571428572,3036.8
2022-12-30,6634.0,3,2022,12,December,4,Friday,4,0,2983.142857142858,3231.0
2022-12-31,792.0,5,2022,12,December,5,Saturday,4,1,2445.428571428572,3212.2
2023-01-01,392.0,4,2023,1,January,6,Sunday,1,1,2447.142857142858,3031.0666666666666
2023-01-02,6392.0,4,2023,1,January,0,Monday,1,0,3326.571428571429,3244.133333333333
2023-01-04,616.0,4,2023,1,January,2,Wednesday,1,0,3081.428571428572,3264.6666666666665
2023-01-05,1074.2,3,2023,1,January,3,Thursday,1,0,3201.1714285714293,2664.6066666666666
2023-01-06,1084.0,3,2023,1,January,4,Friday,1,0,2426.314285714286,2093.673333333333
2023-01-07,1572.0,12,2023,1,January,5,Saturday,1,1,1703.1714285714293,2130.3399999999997
2023-01-08,976.0,5,2023,1,January,6,Sunday,1,1,1729.4571428571435,2096.3399999999997
2023-01-09,15440.0,6,2023,1,January,0,Monday,1,0,3879.1714285714293,2595.273333333333
2023-01-10,6218.0,5,2023,1,January,1,Tuesday,1,0,3854.314285714286,2684.4066666666668
2023-01-11,1406.0,5,2023,1,January,2,Wednesday,1,0,3967.1714285714293,2707.673333333333
2023-01-12,4000.0,7,2023,1,January,3,Thursday,1,0,4385.142857142858,2612.74
2023-01-13,648.2,4,2023,1,January,4,Friday,1,0,4322.885714285715,2622.3466666666664
2023-01-14,5212.0,7,2023,1,January,5,Saturday,1,1,4842.885714285715,2785.413333333333
2023-01-15,3340.0,6,2023,1,January,6,Sunday,1,1,5180.6,2679.2799999999997
2023-01-16,472.0,5,2023,1,January,0,Monday,1,0,3042.314285714286,2651.813333333333
2023-01-17,3084.0,14,2023,1,January,1,Tuesday,1,0,2594.600000000001,2701.0133333333333
2023-01-18,844.0,4,2023,1,January,2,Wednesday,1,0,2514.314285714286,2729.1466666666665
2023-01-19,236.0,4,2023,1,January,3,Thursday,1,0,1976.6000000000006,2721.2799999999997
2023-01-20,1992.0,9,2023,1,January,4,Friday,1,0,2168.571428571429,2779.813333333333
2023-01-21,2448.0,3,2023,1,January,5,Saturday,1,1,1773.7142857142862,2754.9466666666663
2023-01-25,2300.0,2,2023,1,January,2,Wednesday,1,0,1625.1428571428576,2714.0133333333333
2023-01-26,11600.0,7,2023,1,January,3,Thursday,1,0,3214.8571428571436,3100.68
2023-01-27,320.0,4,2023,1,January,4,Friday,1,0,2820.0000000000005,2959.48
2023-01-28,4864.0,6,2023,1,January,5,Saturday,1,1,3394.2857142857147,3108.9466666666663
2023-01-29,2562.0,1,2023,1,January,6,Sunday,1,1,3726.571428571429,3186.48
2023-01-31,236.0,5,2023,1,January,1,Tuesday,1,0,3475.7142857142862,3116.6133333333332
2023-02-01,3840.0,5,2023,2,February,2,Wednesday,1,0,3674.571428571429,3236.7466666666664
2023-02-02,276.0,1,2023,2,February,3,Thursday,1,0,3385.428571428572,3029.0133333333333
2023-02-03,380.0,8,2023,2,February,4,Friday,1,0,1782.5714285714291,2820.5466666666666
2023-02-04,0.0,4,2023,2,February,5,Saturday,1,1,1736.8571428571433,2794.1466666666665
2023-02-05,7864.0,7,2023,2,February,6,Sunday,1,1,2165.428571428572,3043.213333333333
2023-02-06,3486.8,5,2023,2,February,0,Monday,1,0,2297.5428571428574,2946.3733333333334
2023-02-07,5778.0,8,2023,2,February,1,Tuesday,1,0,3089.257142857143,3118.44
2023-02-08,640.0,4,2023,2,February,2,Wednesday,1,0,2632.1142857142863,3103.9666666666667
2023-02-09,0.0,2,2023,2,February,3,Thursday,1,0,2592.6857142857148,3067.8333333333335
2023-02-10,640.0,4,2023,2,February,4,Friday,1,0,2629.8285714285716,3036.766666666667
2023-02-11,4440.0,12,2023,2,February,5,Saturday,1,1,3264.1142857142863,3152.233333333333
2023-02-12,0.0,2,2023,2,February,6,Sunday,1,1,2140.6857142857148,2637.5666666666666
2023-02-13,2874.0,1,2023,2,February,0,Monday,1,0,2053.142857142858,2526.1
2023-02-14,0.0,3,2023,2,February,1,Tuesday,1,0,1227.7142857142862,2479.233333333333
2023-02-15,0.0,7,2023,2,February,2,Wednesday,1,0,1136.285714285715,2345.9
2023-02-17,1952.0,4,2023,2,February,4,Friday,1,0,1415.1428571428576,2389.36
2023-02-18,810.0,4,2023,2,February,5,Saturday,1,1,1439.428571428572,2242.6266666666666
2023-02-19,276.0,2,2023,2,February,6,Sunday,1,1,844.5714285714291,2140.4933333333333
2023-02-21,4560.0,2,2023,2,February,1,Tuesday,1,0,1496.0000000000005,2276.76
2023-02-22,1280.0,18,2023,2,February,2,Wednesday,1,0,1268.285714285715,2216.6266666666666
2023-02-23,0.0,2,2023,2,February,3,Thursday,1,0,1268.285714285715,2188.4933333333333
2023-02-24,0.0,3,2023,2,February,4,Friday,1,0,1268.285714285715,2180.6266666666666
2023-02-25,3516.0,11,2023,2,February,5,Saturday,1,1,1491.7142857142862,2231.4266666666667
2023-02-26,0.0,1,2023,2,February,6,Sunday,1,1,1376.0000000000005,2149.826666666667
2023-02-27,0.0,2,2023,2,February,0,Monday,1,0,1336.5714285714291,2073.1600000000003
2023-02-28,276.0,7,2023,2,February,1,Tuesday,1,0,724.5714285714291,1695.6933333333334
2023-03-01,4050.0,5,2023,3,March,2,Wednesday,1,0,1120.285714285715,1820.0266666666669
2023-03-02,5296.0,4,2023,3,March,3,Thursday,1,0,1876.8571428571433,1834.4266666666667
2023-03-03,1788.0,8,2023,3,March,4,Friday,1,0,2132.2857142857147,1808.6266666666668
2023-03-04,3198.0,7,2023,3,March,5,Saturday,1,1,2086.8571428571436,1907.3600000000001
2023-03-05,0.0,1,2023,3,March,6,Sunday,1,1,2086.8571428571436,1779.3600000000001
2023-03-06,440.0,3,2023,3,March,0,Monday,1,0,2149.7142857142862,1784.8266666666668
2023-03-07,6392.0,9,2023,3,March,1,Tuesday,1,0,3023.428571428572,1985.2266666666667
2023-03-08,600.0,8,2023,3,March,2,Wednesday,1,0,2530.571428571429,2005.2266666666667
2023-03-09,608.0,2,2023,3,March,3,Thursday,1,0,1860.8571428571433,1763.3600000000001
2023-03-10,1318.0,4,2023,3,March,4,Friday,1,0,1793.7142857142862,1691.0666666666666
2023-03-11,712.0,8,2023,3,March,5,Saturday,1,1,1438.5714285714291,1522.2
2023-03-12,0.0,2,2023,3,March,6,Sunday,1,1,1438.5714285714291,1500.8666666666666
2023-03-13,520.0,1,2023,3,March,0,Monday,1,0,1450.0000000000005,1518.2
2023-03-14,0.0,4,2023,3,March,1,Tuesday,1,0,536.8571428571433,1496.8666666666666
2023-03-15,0.0,5,2023,3,March,2,Wednesday,1,0,451.1428571428577,1348.8666666666666
2023-03-16,3156.0,5,2023,3,March,3,Thursday,1,0,815.1428571428577,1454.0666666666666
2023-03-17,396.0,3,2023,3,March,4,Friday,1,0,683.4285714285719,1371.4666666666667
2023-03-18,5028.8,4,2023,3,March,5,Saturday,1,1,1300.114285714286,1539.0933333333332
2023-03-19,4360.0,3,2023,3,March,6,Sunday,1,1,1922.971428571429,1684.4266666666665
2023-03-20,3970.0,2,2023,3,March,0,Monday,1,0,2415.8285714285716,1751.6933333333332
2023-03-21,3528.0,7,2023,3,March,1,Tuesday,1,0,2919.8285714285716,1842.2933333333333
2023-03-22,0.0,3,2023,3,March,2,Wednesday,1,0,2919.8285714285716,1833.0933333333332
2023-03-23,4390.0,8,2023,3,March,3,Thursday,1,0,3096.1142857142863,1827.4266666666665
2023-03-24,24888.0,10,2023,3,March,4,Friday,1,0,6594.971428571429,2614.3599999999997
2023-03-25,440.0,9,2023,3,March,5,Saturday,1,1,5939.428571428572,2629.026666666666
2023-03-26,2764.0,3,2023,3,March,6,Sunday,1,1,5711.428571428572,2721.1599999999994
2023-03-27,10824.0,4,2023,3,March,0,Monday,1,0,6690.571428571428,2964.7599999999998
2023-03-28,1944.0,7,2023,3,March,1,Tuesday,1,0,6464.285714285715,3029.5599999999995
2023-03-29,3908.0,6,2023,3,March,2,Wednesday,1,0,7022.571428571428,3159.8266666666664
2023-03-30,0.0,3,2023,3,March,3,Thursday,1,0,6395.428571428572,3150.626666666666
2023-03-31,5704.0,5,2023,3,March,4,Friday,1,0,3654.8571428571436,3205.7599999999998
2023-04-01,7224.0,5,2023,4,April,5,Saturday,2,1,4624.000000000001,3270.026666666666
2023-04-02,4100.0,2,2023,4,April,6,Sunday,2,1,4814.857142857143,3347.093333333333
2023-04-03,4890.0,5,2023,4,April,0,Monday,2,0,3967.142857142858,3403.493333333333
2023-04-04,8230.0,5,2023,4,April,1,Tuesday,2,0,4865.142857142857,3677.8266666666664
2023-04-05,3568.0,3,2023,4,April,2,Wednesday,2,0,4816.571428571428,3782.093333333333
2023-04-06,1376.0,1,2023,4,April,3,Thursday,2,0,5013.142857142857,3614.893333333333
2023-04-07,6952.0,2,2023,4,April,4,Friday,2,0,5191.428571428572,3826.626666666666
2023-04-08,0.0,3,2023,4,April,5,Saturday,2,1,4159.428571428572,3806.3599999999997
2023-04-09,1208.0,3,2023,4,April,6,Sunday,2,1,3746.2857142857147,3802.693333333333
2023-04-10,1232.0,3,2023,4,April,0,Monday,2,0,3223.7142857142862,3820.026666666666
2023-04-11,936.0,1,2023,4,April,1,Tuesday,2,0,2181.7142857142862,3851.2266666666665
2023-04-12,3836.0,4,2023,4,April,2,Wednesday,2,0,2220.0000000000005,3961.7599999999998
2023-04-13,3932.0,11,2023,4,April,3,Thursday,2,0,2585.142857142858,4092.8266666666664
2023-04-14,0.0,3,2023,4,April,4,Friday,2,0,1592.0000000000005,4092.8266666666664
2023-04-15,1862.8,6,2023,4,April,5,Saturday,2,1,1858.114285714286,4049.72
2023-04-16,1808.0,6,2023,4,April,6,Sunday,2,1,1943.8285714285719,4096.786666666666
2023-04-18,1194.0,10,2023,4,April,1,Tuesday,2,0,1938.4000000000003,3968.9599999999996
2023-04-19,8744.0,6,2023,4,April,2,Wednesday,2,0,3053.8285714285716,4115.093333333333
2023-04-20,1756.0,4,2023,4,April,3,Thursday,2,0,2756.6857142857148,4041.293333333333
2023-04-21,1176.0,6,2023,4,April,4,Friday,2,0,2362.971428571429,3962.893333333333
2023-04-24,3528.0,1,2023,4,April,0,Monday,2,0,2866.971428571429,4080.493333333333
2023-04-25,1601.1,5,2023,4,April,1,Tuesday,2,0,2829.5857142857144,3987.5299999999997
2023-04-26,0.0,1,2023,4,April,2,Wednesday,2,0,2571.3,3157.93
2023-04-27,0.0,2,2023,4,April,3,Thursday,2,0,2400.7285714285717,3143.2633333333333
2023-04-28,6777.2,7,2023,4,April,4,Friday,2,0,2119.757142857143,3277.0366666666664
2023-04-29,3082.0,2,2023,4,April,5,Saturday,2,1,2309.1857142857148,3018.9700000000003
2023-04-30,6392.0,4,2023,4,April,6,Sunday,2,1,3054.3285714285716,3167.2366666666667
2023-05-01,5392.0,4,2023,5,May,0,Monday,2,0,3320.6142857142863,3216.7033333333334
2023-05-02,1712.0,10,2023,5,May,1,Tuesday,2,0,3336.4571428571435,3273.77
2023-05-03,3612.0,5,2023,5,May,2,Wednesday,2,0,3852.4571428571435,3204.036666666667
2023-05-05,1657.0,9,2023,5,May,4,Friday,2,0,4089.1714285714293,3018.4700000000003
2023-05-06,3084.8,7,2023,5,May,5,Saturday,2,1,3561.6857142857148,2984.63
2023-05-07,1176.0,4,2023,5,May,6,Sunday,2,1,3289.4000000000005,2860.83
2023-05-08,1628.0,4,2023,5,May,0,Monday,2,0,2608.8285714285716,2640.7633333333333
2023-05-09,290.0,3,2023,5,May,1,Tuesday,2,0,1879.971428571429,2531.4966666666664
2023-05-10,2168.0,7,2023,5,May,2,Wednesday,2,0,1945.114285714286,2557.8966666666665
2023-05-11,2096.0,4,2023,5,May,3,Thursday,2,0,1728.5428571428577,2396.0299999999997
2023-05-12,12988.0,12,2023,5,May,4,Friday,2,0,3347.257142857143,2828.963333333333
2023-05-13,2886.0,8,2023,5,May,5,Saturday,2,1,3318.8571428571436,2884.8966666666665
2023-05-14,792.0,3,2023,5,May,6,Sunday,2,1,3264.0000000000005,2870.23
2023-05-15,14492.0,5,2023,5,May,0,Monday,2,0,5101.714285714285,3322.0966666666664
2023-05-16,972.0,9,2023,5,May,1,Tuesday,2,0,5199.142857142857,3226.6299999999997
2023-05-17,0.0,1,2023,5,May,2,Wednesday,2,0,4889.428571428572,3095.563333333333
2023-05-18,1376.0,3,2023,5,May,3,Thursday,2,0,4786.571428571428,3141.43
2023-05-20,1660.0,5,2023,5,May,5,Saturday,2,1,3168.2857142857147,3134.67
2023-05-22,556.0,1,2023,5,May,0,Monday,2,0,2835.428571428572,3092.936666666667
2023-05-23,1236.0,13,2023,5,May,1,Tuesday,2,0,2898.8571428571436,3094.336666666667
2023-05-24,0.0,5,2023,5,May,2,Wednesday,2,0,828.5714285714291,2802.8700000000003
2023-05-25,536.0,5,2023,5,May,3,Thursday,2,0,766.2857142857148,2762.2033333333334
2023-05-26,396.0,6,2023,5,May,4,Friday,2,0,822.8571428571433,2736.2033333333334
2023-05-27,4484.0,6,2023,5,May,5,Saturday,2,1,1266.8571428571433,2768.07
2023-05-28,792.0,5,2023,5,May,6,Sunday,2,1,1142.8571428571433,2741.1
2023-05-29,196.0,2,2023,5,May,0,Monday,2,0,1091.428571428572,2747.633333333333
2023-05-30,396.0,4,2023,5,May,1,Tuesday,2,0,971.4285714285719,2760.8333333333335
2023-05-31,380.0,2,2023,5,May,2,Wednesday,2,0,1025.7142857142862,2547.5933333333332
2023-06-01,0.0,4,2023,6,June,3,Thursday,2,0,949.1428571428577,2444.86
2023-06-02,396.0,1,2023,6,June,4,Friday,2,0,949.1428571428577,2244.9933333333333
2023-06-03,3370.0,3,2023,6,June,5,Saturday,2,1,790.0000000000006,2177.5933333333332
2023-06-04,3140.0,1,2023,6,June,6,Sunday,2,1,1125.428571428572,2225.1933333333336
2023-06-05,3528.0,2,2023,6,June,0,Monday,2,0,1601.428571428572,2222.3933333333334
2023-06-06,396.0,1,2023,6,June,1,Tuesday,2,0,1601.428571428572,2180.36
2023-06-07,700.0,3,2023,6,June,2,Wednesday,2,0,1647.1428571428576,2100.866666666667
2023-06-08,0.0,15,2023,6,June,3,Thursday,2,0,1647.1428571428576,2061.6666666666665
2023-06-10,998.0,7,2023,6,June,5,Saturday,2,1,1733.1428571428576,2040.6666666666667
2023-06-11,998.0,6,2023,6,June,6,Sunday,2,1,1394.285714285715,2064.266666666667
2023-06-12,416.0,6,2023,6,June,0,Monday,2,0,1005.1428571428577,2005.8666666666666
2023-06-13,0.0,5,2023,6,June,1,Tuesday,2,0,501.1428571428577,1936.0
2023-06-14,1108.0,3,2023,6,June,2,Wednesday,2,0,602.8571428571433,1540.0
2023-06-15,0.0,2,2023,6,June,3,Thursday,2,0,502.8571428571434,1443.8
2023-06-16,3528.0,5,2023,6,June,4,Friday,2,0,1006.8571428571433,1535.0
2023-06-17,4260.0,4,2023,6,June,5,Saturday,2,1,1472.8571428571433,1193.9333333333334
2023-06-19,0.0,3,2023,6,June,0,Monday,2,0,1330.285714285715,1161.5333333333333
2023-06-20,0.0,4,2023,6,June,1,Tuesday,2,0,1270.8571428571433,1161.5333333333333
2023-06-21,2031.9,5,2023,6,June,2,Wednesday,2,0,1561.1285714285718,1183.3966666666668
2023-06-22,396.0,2,2023,6,June,3,Thursday,2,0,1459.4142857142863,1141.2633333333333
2023-06-23,260.0,4,2023,6,June,4,Friday,2,0,1496.5571428571434,1131.3966666666668
2023-06-24,8748.0,9,2023,6,June,5,Saturday,2,1,2242.271428571429,1381.7966666666666
2023-06-25,7854.0,4,2023,6,June,6,Sunday,2,1,2755.7000000000003,1643.5966666666668
2023-06-26,1596.0,2,2023,6,June,0,Monday,2,0,2983.7000000000003,1678.93
2023-06-27,1036.0,7,2023,6,June,1,Tuesday,2,0,3131.7000000000003,1700.2633333333333
2023-06-28,1148.0,6,2023,6,June,2,Wednesday,2,0,3005.4285714285716,1589.0633333333333
2023-06-29,2918.0,3,2023,6,June,3,Thursday,2,0,3365.714285714286,1659.93
2023-06-30,576.0,2,2023,6,June,4,Friday,2,0,3410.8571428571427,1672.5966666666668
2023-07-01,1716.0,10,2023,7,July,5,Saturday,3,1,2406.2857142857147,1716.5966666666668
2023-07-02,3716.0,5,2023,7,July,6,Sunday,3,1,1815.1428571428576,1827.7966666666666
2023-07-03,1316.0,1,2023,7,July,0,Monday,3,0,1775.1428571428576,1871.6633333333334
2023-07-04,640.0,4,2023,7,July,1,Tuesday,3,0,1718.5714285714291,1879.7966666666666
2023-07-05,1776.0,5,2023,7,July,2,Wednesday,3,0,1808.285714285715,1826.6633333333334
2023-07-06,5344.0,5,2023,7,July,3,Thursday,3,0,2154.8571428571436,1900.13
2023-07-07,0.0,5,2023,7,July,4,Friday,3,0,2072.571428571429,1782.53
2023-07-08,1272.0,5,2023,7,July,5,Saturday,3,1,2009.1428571428576,1811.73
2023-07-09,6806.0,4,2023,7,July,6,Sunday,3,1,2450.571428571429,2015.2633333333333
2023-07-10,1264.0,2,2023,7,July,0,Monday,3,0,2443.142857142858,2057.3966666666665
2023-07-11,1112.0,6,2023,7,July,1,Tuesday,3,0,2510.571428571429,2061.1966666666667
2023-07-12,0.0,2,2023,7,July,2,Wednesday,3,0,2256.8571428571436,2027.93
2023-07-13,0.0,1,2023,7,July,3,Thursday,3,0,1493.428571428572,2014.0633333333333
2023-07-14,1254.0,4,2023,7,July,4,Friday,3,0,1672.5714285714291,2055.8633333333332
2023-07-15,0.0,2,2023,7,July,5,Saturday,3,1,1490.8571428571433,2018.93
2023-07-16,0.0,2,2023,7,July,6,Sunday,3,1,518.5714285714291,2018.93
2023-07-17,396.0,4,2023,7,July,0,Monday,3,0,394.57142857142907,1914.53
2023-07-18,160.0,4,2023,7,July,1,Tuesday,3,0,258.57142857142907,1777.8633333333335
2023-07-19,560.0,1,2023,7,July,2,Wednesday,3,0,338.57142857142907,1796.53
2023-07-20,760.0,1,2023,7,July,3,Thursday,3,0,447.1428571428577,1821.8633333333335
2023-07-21,396.0,5,2023,7,July,4,Friday,3,0,324.57142857142907,1767.3333333333333
2023-07-22,5233.0,5,2023,7,July,5,Saturday,3,1,1072.1428571428576,1928.5666666666666
2023-07-23,4888.0,3,2023,7,July,6,Sunday,3,1,1770.428571428572,2082.8333333333335
2023-07-25,536.0,5,2023,7,July,1,Tuesday,3,0,1790.428571428572,1809.1
2023-07-26,360.0,1,2023,7,July,2,Wednesday,3,0,1819.0000000000005,1559.3
2023-07-28,756.0,6,2023,7,July,4,Friday,3,0,1847.0000000000005,1531.3
2023-07-29,6392.0,5,2023,7,July,5,Saturday,3,1,2651.571428571429,1709.8333333333333
2023-07-30,396.0,3,2023,7,July,6,Sunday,3,1,2651.571428571429,1684.7666666666667
2023-07-31,4568.0,5,2023,7,July,0,Monday,3,0,2556.571428571429,1739.7666666666667
2023-08-01,868.0,3,2023,8,August,1,Tuesday,3,0,1982.285714285715,1749.5
2023-08-02,952.0,2,2023,8,August,2,Wednesday,3,0,2041.7142857142862,1724.0333333333333
2023-08-03,0.0,2,2023,8,August,3,Thursday,3,0,1990.285714285715,1600.1666666666667
2023-08-04,395.2,4,2023,8,August,4,Friday,3,0,1938.7428571428577,1569.4733333333331
2023-08-05,8148.0,7,2023,8,August,5,Saturday,3,1,2189.600000000001,1819.74
2023-08-06,1176.0,3,2023,8,August,6,Sunday,3,1,2301.028571428572,1799.74
2023-08-08,0.0,5,2023,8,August,1,Tuesday,3,0,1648.4571428571435,1621.6066666666666
2023-08-09,1640.0,2,2023,8,August,2,Wednesday,3,0,1758.7428571428577,1676.2733333333333
2023-08-10,560.0,2,2023,8,August,3,Thursday,3,0,1702.7428571428577,1652.54
2023-08-11,70.0,1,2023,8,August,4,Friday,3,0,1712.7428571428577,1428.0066666666667
2023-08-12,196.0,1,2023,8,August,5,Saturday,3,1,1684.285714285715,1392.4066666666665
2023-08-13,1352.0,2,2023,8,August,6,Sunday,3,1,713.4285714285719,1400.4066666666665
2023-08-14,1104.0,4,2023,8,August,0,Monday,3,0,703.1428571428577,1437.2066666666665
2023-08-15,4048.0,1,2023,8,August,1,Tuesday,3,0,1281.428571428572,1572.1399999999999
2023-08-16,836.0,5,2023,8,August,2,Wednesday,3,0,1166.5714285714291,1558.2066666666665
2023-08-17,0.0,2,2023,8,August,3,Thursday,3,0,1086.5714285714291,1558.2066666666665
2023-08-18,376.0,2,2023,8,August,4,Friday,3,0,1130.285714285715,1570.74
2023-08-19,0.0,3,2023,8,August,5,Saturday,3,1,1102.285714285715,1557.54
2023-08-20,3528.0,2,2023,8,August,6,Sunday,3,1,1413.1428571428576,1669.8066666666666
2023-08-21,2960.0,5,2023,8,August,0,Monday,3,0,1678.285714285715,1749.8066666666666
2023-08-22,640.0,4,2023,8,August,1,Tuesday,3,0,1191.428571428572,1745.8066666666666
2023-08-23,640.0,2,2023,8,August,2,Wednesday,3,0,1163.428571428572,1753.9399999999998
2023-08-24,7552.0,5,2023,8,August,3,Thursday,3,0,2242.2857142857147,1831.24
2023-08-25,5904.0,4,2023,8,August,4,Friday,3,0,3032.0000000000005,1865.1066666666666
2023-08-26,360.0,8,2023,8,August,5,Saturday,3,1,3083.428571428572,1859.24
2023-08-27,5808.0,5,2023,8,August,6,Sunday,3,1,3409.142857142858,2040.84
2023-08-28,5160.0,2,2023,8,August,0,Monday,3,0,3723.428571428572,2187.64
2023-08-29,4474.4,8,2023,8,August,1,Tuesday,3,0,4271.2,2123.72
2023-08-30,8784.0,8,2023,8,August,2,Wednesday,3,0,5434.628571428571,2403.32
2023-08-31,3596.0,5,2023,8,August,3,Thursday,3,0,4869.4857142857145,2370.92
2023-09-01,4320.0,3,2023,9,September,4,Friday,3,0,4643.2,2485.9866666666667
2023-09-02,396.0,3,2023,9,September,5,Saturday,3,1,4648.342857142858,2467.4533333333334
2023-09-03,3168.0,2,2023,9,September,6,Sunday,3,1,4271.2,2573.0533333333337
2023-09-04,3572.0,1,2023,9,September,0,Monday,3,0,4044.342857142857,2678.9466666666663
2023-09-05,0.0,9,2023,9,September,1,Tuesday,3,0,3405.1428571428573,2407.3466666666664
2023-09-06,396.0,5,2023,9,September,2,Wednesday,3,0,2206.8571428571436,2381.3466666666664
2023-09-07,792.0,4,2023,9,September,3,Thursday,3,0,1806.285714285715,2407.7466666666664
2023-09-08,1052.0,5,2023,9,September,4,Friday,3,0,1339.428571428572,2388.1466666666665
2023-09-09,0.0,3,2023,9,September,5,Saturday,3,1,1282.8571428571433,2369.48
2023-09-10,6500.0,2,2023,9,September,6,Sunday,3,1,1758.8571428571433,2583.813333333333
2023-09-11,4732.0,2,2023,9,September,0,Monday,3,0,1924.5714285714291,2735.0133333333333
2023-09-12,792.0,1,2023,9,September,1,Tuesday,3,0,2037.7142857142862,2716.3466666666664
2023-09-13,546.0,4,2023,9,September,2,Wednesday,3,0,2059.142857142858,2697.7466666666664
2023-09-14,3616.0,3,2023,9,September,3,Thursday,3,0,2462.571428571429,2683.3466666666664
2023-09-15,1052.0,5,2023,9,September,4,Friday,3,0,2462.571428571429,2690.5466666666666
2023-09-16,5360.0,7,2023,9,September,5,Saturday,3,1,3228.2857142857147,2869.213333333333
2023-09-17,1980.0,7,2023,9,September,6,Sunday,3,1,2582.571428571429,2922.68
2023-09-18,916.0,4,2023,9,September,0,Monday,3,0,2037.428571428572,2953.213333333333
2023-09-19,656.0,3,2023,9,September,1,Tuesday,3,0,2018.0000000000005,2857.48
2023-09-20,396.0,1,2023,9,September,2,Wednesday,3,0,1996.5714285714291,2772.0133333333333
2023-09-21,1188.0,3,2023,9,September,3,Thursday,3,0,1649.7142857142862,2790.2799999999997
2023-09-22,2076.0,7,2023,9,September,4,Friday,3,0,1796.0000000000005,2838.1466666666665
2023-09-23,1416.0,5,2023,9,September,5,Saturday,3,1,1232.5714285714291,2633.6133333333332
2023-09-24,1060.0,1,2023,9,September,6,Sunday,3,1,1101.1428571428576,2472.1466666666665
2023-09-25,656.0,4,2023,9,September,0,Monday,3,0,1064.0000000000005,2482.0133333333333
2023-09-26,656.0,2,2023,9,September,1,Tuesday,3,0,1064.0000000000005,2310.2799999999997
2023-09-28,598.0,4,2023,9,September,3,Thursday,3,0,1092.8571428571433,2158.2133333333336
2023-09-29,0.0,1,2023,9,September,4,Friday,3,0,923.1428571428577,2009.0666666666666
2023-09-30,2016.8,5,2023,9,September,5,Saturday,3,1,914.6857142857149,1783.4933333333333
2023-10-01,2362.0,4,2023,10,October,6,Sunday,4,1,1049.8285714285719,1742.3600000000001
2023-10-02,0.0,1,2023,10,October,0,Monday,4,0,898.4000000000005,1598.3600000000001
2023-10-03,0.0,2,2023,10,October,1,Tuesday,4,0,804.6857142857149,1585.16
2023-10-04,360.0,5,2023,10,October,2,Wednesday,4,0,762.4000000000005,1491.5600000000002
2023-10-05,756.0,3,2023,10,October,3,Thursday,4,0,784.9714285714291,1397.6933333333334
2023-10-06,360.0,1,2023,10,October,4,Friday,4,0,836.4000000000005,1409.6933333333334
2023-10-07,4256.0,4,2023,10,October,5,Saturday,4,1,1156.285714285715,1538.3600000000001
2023-10-08,8559.0,6,2023,10,October,6,Sunday,4,1,2041.5714285714291,1797.26
2023-10-09,198.0,1,2023,10,October,0,Monday,4,0,2069.8571428571436,1768.7933333333335
2023-10-10,0.0,2,2023,10,October,1,Tuesday,4,0,2069.8571428571436,1768.7933333333335
2023-10-11,990.0,6,2023,10,October,2,Wednesday,4,0,2159.8571428571436,1585.1266666666668
2023-10-12,0.0,2,2023,10,October,3,Thursday,4,0,2051.8571428571436,1427.3933333333334
2023-10-13,760.0,3,2023,10,October,4,Friday,4,0,2109.0000000000005,1426.3266666666668
2023-10-14,1188.0,5,2023,10,October,5,Saturday,4,1,1670.7142857142862,1447.7266666666667
2023-10-15,0.0,2,2023,10,October,6,Sunday,4,1,448.0000000000005,1327.1933333333334
2023-10-17,0.0,1,2023,10,October,1,Tuesday,4,0,419.71428571428623,1292.1266666666668
2023-10-18,1386.0,5,2023,10,October,2,Wednesday,4,0,617.7142857142862,1159.66
2023-10-19,0.0,1,2023,10,October,3,Thursday,4,0,476.2857142857148,1093.66
2023-10-20,5112.0,6,2023,10,October,4,Friday,4,0,1206.5714285714291,1233.5266666666669
2023-10-21,3422.0,5,2023,10,October,5,Saturday,4,1,1586.8571428571433,1325.7266666666667
2023-10-22,396.0,1,2023,10,October,6,Sunday,4,1,1473.7142857142862,1325.7266666666667
2023-10-23,396.0,1,2023,10,October,0,Monday,4,0,1530.285714285715,1299.3266666666668
2023-10-24,1980.0,2,2023,10,October,1,Tuesday,4,0,1813.1428571428576,1296.1266666666668
2023-10-25,1188.0,1,2023,10,October,2,Wednesday,4,0,1784.8571428571433,1288.5266666666669
2023-10-26,1152.0,1,2023,10,October,3,Thursday,4,0,1949.428571428572,1291.5933333333335
2023-10-27,520.0,1,2023,10,October,4,Friday,4,0,1293.428571428572,1287.0600000000002
2023-10-28,2578.0,6,2023,10,October,5,Saturday,4,1,1172.8571428571433,1351.1266666666668
2023-10-29,1172.0,3,2023,10,October,6,Sunday,4,1,1283.7142857142862,1370.26
2023-10-30,20372.0,5,2023,10,October,0,Monday,4,0,4137.428571428572,2049.326666666667
2023-10-31,2178.0,3,2023,10,October,1,Tuesday,4,0,4165.714285714286,2054.7
2023-11-01,2376.0,2,2023,11,November,2,Wednesday,4,0,4335.428571428572,2055.1666666666665
2023-11-02,5000.0,1,2023,11,November,3,Thursday,4,0,4885.142857142857,2221.8333333333335
2023-11-03,1650.0,3,2023,11,November,4,Friday,4,0,5046.571428571428,2276.8333333333335
2023-11-04,3792.0,5,2023,11,November,5,Saturday,4,1,5220.0,2391.233333333333
2023-11-05,3412.0,4,2023,11,November,6,Sunday,4,1,5540.0,2479.766666666667
2023-11-06,0.0,1,2023,11,November,0,Monday,4,0,2629.7142857142862,2467.766666666667
2023-11-07,945.0,2,2023,11,November,1,Tuesday,4,0,2453.571428571429,2357.4
2023-11-09,1314.0,1,2023,11,November,3,Thursday,4,0,2301.8571428571436,2115.9
2023-11-10,5172.0,4,2023,11,November,4,Friday,4,0,2326.428571428572,2281.7
2023-11-11,1010.0,3,2023,11,November,5,Saturday,4,1,2235.0000000000005,2315.366666666667
2023-11-12,0.0,2,2023,11,November,6,Sunday,4,1,1693.285714285715,2282.366666666667
2023-11-13,8450.0,3,2023,11,November,0,Monday,4,0,2413.0000000000005,2564.0333333333333
2023-11-15,1966.0,4,2023,11,November,2,Wednesday,4,0,2693.8571428571436,2604.233333333333
2023-11-16,4124.0,2,2023,11,November,3,Thursday,4,0,3148.0000000000005,2702.1
2023-11-17,396.0,3,2023,11,November,4,Friday,4,0,3016.8571428571436,2715.3
2023-11-18,1172.0,2,2023,11,November,5,Saturday,4,1,2445.428571428572,2754.366666666667
2023-11-19,1447.6,4,2023,11,November,6,Sunday,4,1,2507.9428571428575,2756.4199999999996
2023-11-21,2268.0,5,2023,11,November,1,Tuesday,4,0,2831.9428571428575,2832.0199999999995
2023-11-22,396.0,1,2023,11,November,2,Wednesday,4,0,1681.371428571429,2674.8199999999997
2023-11-23,396.0,1,2023,11,November,3,Thursday,4,0,1457.0857142857149,2573.953333333333
2023-11-24,400.0,1,2023,11,November,4,Friday,4,0,925.0857142857149,2574.0866666666666
2023-11-25,198.0,1,2023,11,November,5,Saturday,4,1,896.8000000000005,2567.486666666666
2023-11-26,396.0,1,2023,11,November,6,Sunday,4,1,785.9428571428577,2514.6866666666665
2023-11-27,5998.0,2,2023,11,November,0,Monday,4,0,1436.0000000000005,2675.0199999999995
2023-11-28,2694.0,5,2023,11,November,1,Tuesday,4,0,1496.8571428571433,2726.4199999999996
2023-11-29,5396.0,2,2023,11,November,2,Wednesday,4,0,2211.142857142858,2888.953333333333
2023-11-30,3992.0,4,2023,11,November,3,Thursday,4,0,2724.8571428571436,2936.0866666666666
2023-12-01,1874.0,4,2023,12,December,4,Friday,4,0,2935.428571428572,2959.486666666666
2023-12-02,396.0,1,2023,12,December,5,Saturday,4,1,2963.7142857142862,2293.62
2023-12-03,6384.0,6,2023,12,December,6,Sunday,4,1,3819.142857142858,2433.8199999999997
2023-12-04,12360.0,2,2023,12,December,0,Monday,4,0,4728.0,2766.62
2023-12-05,2174.0,3,2023,12,December,1,Tuesday,4,0,4653.714285714286,2672.4199999999996
2023-12-08,13294.0,7,2023,12,December,4,Friday,4,0,5782.0,3060.553333333333
2023-12-09,6356.0,3,2023,12,December,5,Saturday,4,1,6119.714285714285,3146.0199999999995
2023-12-10,396.0,1,2023,12,December,6,Sunday,4,1,5908.571428571428,3045.486666666666
2023-12-12,1588.0,6,2023,12,December,1,Tuesday,4,0,6078.857142857143,3098.4199999999996
2023-12-13,398.0,1,2023,12,December,2,Wednesday,4,0,5223.714285714285,3080.1866666666665
2023-12-14,796.0,1,2023,12,December,3,Thursday,4,0,3571.7142857142862,3062.9199999999996
2023-12-15,1586.0,5,2023,12,December,4,Friday,4,0,3487.7142857142862,2943.3866666666663
2023-12-16,396.0,1,2023,12,December,5,Saturday,4,1,1645.1428571428576,2922.9199999999996
2023-12-17,792.0,2,2023,12,December,6,Sunday,4,1,850.2857142857148,2949.3199999999997
2023-12-18,956.0,4,2023,12,December,0,Monday,4,0,930.2857142857148,2699.5199999999995
2023-12-19,2096.0,4,2023,12,December,1,Tuesday,4,0,1002.8571428571433,2703.853333333333
2023-12-20,796.0,1,2023,12,December,2,Wednesday,4,0,1059.7142857142862,2592.9199999999996
2023-12-21,1194.0,3,2023,12,December,3,Thursday,4,0,1116.5714285714291,2619.5199999999995
2023-12-22,2328.0,2,2023,12,December,4,Friday,4,0,1222.5714285714291,2658.053333333333
2023-12-23,2252.0,4,2023,12,December,5,Saturday,4,1,1487.7142857142862,2684.866666666667
2023-12-24,990.0,1,2023,12,December,6,Sunday,4,1,1516.0000000000005,2642.266666666667
2023-12-25,1052.0,3,2023,12,December,0,Monday,4,0,1529.7142857142862,2664.133333333333
2023-12-26,1044.0,1,2023,12,December,1,Tuesday,4,0,1379.428571428572,2685.733333333333
2023-12-27,2656.0,3,2023,12,December,2,Wednesday,4,0,1645.1428571428576,2760.9333333333334
2023-12-28,1090.0,2,2023,12,December,3,Thursday,4,0,1630.285714285715,2790.6666666666665
2023-12-29,792.0,1,2023,12,December,4,Friday,4,0,1410.8571428571433,2803.866666666667
2023-12-30,11092.0,4,2023,12,December,5,Saturday,4,1,2673.7142857142862,2973.6666666666665
2023-12-31,2776.0,2,2023,12,December,6,Sunday,4,1,2928.8571428571436,2976.4
2024-01-03,1078.0,3,2024,1,January,2,Wednesday,1,0,2932.571428571429,2832.4666666666667
2024-01-04,2574.0,2,2024,1,January,3,Thursday,1,0,3151.142857142858,2785.2
2024-01-05,7716.0,8,2024,1,January,4,Friday,1,0,3874.0000000000005,2979.9333333333334
2024-01-06,40820.0,8,2024,1,January,5,Saturday,1,1,9549.714285714286,4327.4
2024-01-07,0.0,2,2024,1,January,6,Sunday,1,1,9436.57142857143,4114.6
2024-01-08,466.0,1,2024,1,January,0,Monday,1,0,7918.571428571428,3718.133333333333
2024-01-09,16728.4,4,2024,1,January,1,Tuesday,1,0,9911.771428571428,4203.280000000001
2024-01-10,13152.0,5,2024,1,January,2,Wednesday,1,0,11636.628571428571,4198.546666666667
2024-01-11,12398.0,2,2024,1,January,3,Thursday,1,0,13040.057142857142,4399.946666666668
2024-01-12,398.0,2,2024,1,January,4,Friday,1,0,11994.628571428571,4400.013333333334
2024-01-13,40768.0,4,2024,1,January,5,Saturday,1,1,11987.199999999999,5706.013333333334
2024-01-14,70.0,1,2024,1,January,6,Sunday,1,1,11997.199999999999,5695.080000000001
2024-01-15,3600.0,2,2024,1,January,0,Monday,1,0,12444.914285714285,5788.546666666667
2024-01-16,6982.8,3,2024,1,January,1,Tuesday,1,0,11052.685714285715,5968.4400000000005
2024-01-17,10368.0,4,2024,1,January,2,Wednesday,1,0,10654.971428571429,6300.84
2024-01-18,10026.0,2,2024,1,January,3,Thursday,1,0,10316.114285714286,6608.64
2024-01-19,5852.8,2,2024,1,January,4,Friday,1,0,11095.371428571429,6771.866666666667
2024-01-20,896.0,3,2024,1,January,5,Saturday,1,1,5399.371428571429,6731.866666666667
2024-01-21,10228.0,5,2024,1,January,6,Sunday,1,1,6850.5142857142855,7046.266666666666
2024-01-22,0.0,1,2024,1,January,0,Monday,1,0,6336.228571428571,7006.466666666666
2024-01-23,1696.0,1,2024,1,January,1,Tuesday,1,0,5580.971428571428,6985.4
2024-01-24,17522.0,7,2024,1,January,2,Wednesday,1,0,6602.971428571429,7494.4
2024-01-25,976.0,3,2024,1,January,3,Thursday,1,0,5310.114285714286,7493.933333333333
2024-01-26,7408.0,1,2024,1,January,4,Friday,1,0,5532.285714285715,7705.8
2024-01-27,4392.6,6,2024,1,January,5,Saturday,1,1,6031.8,7817.42
2024-01-28,4272.0,4,2024,1,January,6,Sunday,1,1,5180.942857142857,7871.286666666667
2024-01-31,21232.0,6,2024,1,January,2,Wednesday,1,0,8214.085714285715,8542.686666666666
2024-02-01,3044.0,4,2024,2,February,3,Thursday,1,0,8406.657142857142,8617.753333333334
2024-02-02,10598.0,6,2024,2,February,4,Friday,1,0,7417.5142857142855,8601.286666666667
2024-02-03,3152.0,5,2024,2,February,5,Saturday,1,1,7728.371428571429,8613.82
2024-02-04,11822.0,6,2024,2,February,6,Sunday,1,1,8358.942857142856,8971.953333333333
2024-02-05,10976.0,3,2024,2,February,0,Monday,1,0,9299.42857142857,9252.019999999999
2024-02-06,14308.0,6,2024,2,February,1,Tuesday,1,0,10733.142857142857,9471.753333333332
2024-02-07,12000.0,4,2024,2,February,2,Wednesday,1,0,9414.285714285714,8511.086666666666
2024-02-08,14830.2,6,2024,2,February,3,Thursday,1,0,11098.028571428571,9005.426666666666
2024-02-09,776.0,1,2024,2,February,4,Friday,1,0,9694.885714285714,9015.76
2024-02-13,976.0,2,2024,2,February,1,Tuesday,1,0,9384.028571428571,8490.68
2024-02-14,160.0,1,2024,2,February,2,Wednesday,1,0,7718.028571428571,8057.613333333334
2024-02-15,1116.0,3,2024,2,February,3,Thursday,1,0,6309.457142857143,7681.546666666667
2024-02-17,0.0,1,2024,2,February,5,Saturday,1,1,4265.457142857143,7668.280000000001
2024-02-18,396.0,2,2024,2,February,6,Sunday,1,1,2607.7428571428572,6322.546666666667
2024-02-19,994.0,1,2024,2,February,0,Monday,1,0,631.1428571428571,6353.346666666667
2024-02-21,15788.0,3,2024,2,February,2,Wednesday,1,0,2775.714285714286,6759.613333333334
2024-02-22,450.0,2,2024,2,February,3,Thursday,1,0,2700.5714285714284,6541.8533333333335
2024-02-24,2430.0,6,2024,2,February,5,Saturday,1,1,3024.8571428571427,6277.253333333333
2024-02-25,468.0,2,2024,2,February,6,Sunday,1,1,2932.285714285714,5958.653333333334
2024-02-26,3674.4,4,2024,2,February,0,Monday,1,0,3457.2000000000003,5886.04
2024-02-27,1694.0,1,2024,2,February,1,Tuesday,1,0,3642.628571428572,5912.64
2024-02-28,10122.0,8,2024,2,February,2,Wednesday,1,0,4946.628571428571,5909.1066666666675
2024-03-01,1692.0,3,2024,3,March,4,Friday,1,0,2932.914285714286,5965.506666666667
2024-03-02,10829.0,7,2024,3,March,5,Saturday,1,1,4415.628571428571,6269.9400000000005
2024-03-03,5958.0,2,2024,3,March,6,Sunday,1,1,4919.628571428571,5884.473333333333
2024-03-04,13479.5,5,2024,3,March,0,Monday,1,0,6778.414285714286,6301.256666666667
2024-03-05,1203.7,4,2024,3,March,1,Tuesday,1,0,6425.457142857143,6094.446666666667
2024-03-06,17042.4,1,2024,3,March,2,Wednesday,1,0,8618.085714285715,6516.1066666666675
2024-03-07,1049.8,2,2024,3,March,3,Thursday,1,0,7322.057142857143,6408.7
2024-03-08,823.7,2,2024,3,March,4,Friday,1,0,7198.0142857142855,5728.423333333334
2024-03-09,0.0,2,2024,3,March,5,Saturday,1,1,5651.0142857142855,5626.956666666667
2024-03-10,6800.0,4,2024,3,March,6,Sunday,1,1,5771.3,5500.3566666666675
2024-03-11,10324.8,4,2024,3,March,0,Monday,1,0,5320.6285714285705,5739.45
2024-03-12,0.0,1,2024,3,March,1,Tuesday,1,0,5148.671428571428,5345.383333333333
2024-03-13,736.0,2,2024,3,March,2,Wednesday,1,0,2819.1857142857143,5004.05
2024-03-14,160.0,1,2024,3,March,3,Thursday,1,0,2692.0714285714284,4532.45
2024-03-15,976.0,1,2024,3,March,4,Friday,1,0,2713.828571428571,4164.983333333334
2024-03-16,8518.0,5,2024,3,March,5,Saturday,1,1,3930.6857142857143,3954.576666666667
2024-03-17,1370.0,3,2024,3,March,6,Sunday,1,1,3154.9714285714285,3974.3766666666666
2024-03-18,4232.0,4,2024,3,March,0,Monday,1,0,2284.5714285714284,4082.9100000000003
2024-03-19,23066.0,2,2024,3,March,1,Tuesday,1,0,5579.714285714285,4846.443333333333
2024-03-20,2132.0,3,2024,3,March,2,Wednesday,1,0,5779.142857142857,4880.3099999999995
2024-03-21,4512.0,2,2024,3,March,3,Thursday,1,0,6400.857142857143,5030.71
2024-03-22,5466.0,3,2024,3,March,4,Friday,1,0,7042.285714285715,5199.71
2024-03-23,3318.0,9,2024,3,March,5,Saturday,1,1,6299.428571428572,5277.176666666666
2024-03-24,3976.0,1,2024,3,March,6,Sunday,1,1,6671.714285714285,4883.443333333333
2024-03-26,2876.0,4,2024,3,March,1,Tuesday,1,0,6478.0,4964.3099999999995
2024-03-27,160.0,1,2024,3,March,2,Wednesday,1,0,3205.714285714286,4888.6433333333325
2024-03-28,0.0,1,2024,3,March,3,Thursday,1,0,2901.1428571428573,4873.043333333333
2024-03-29,15730.0,4,2024,3,March,4,Friday,1,0,4503.714285714285,5274.896666666667
2024-03-30,396.0,1,2024,3,March,5,Saturday,1,1,3779.4285714285716,5231.630000000001
2024-03-31,5080.0,3,2024,3,March,6,Sunday,1,1,4031.1428571428573,5063.563333333334
2024-04-01,8140.0,3,2024,4,April,0,Monday,2,0,4626.0,5278.496666666668
2024-04-02,5000.0,1,2024,4,April,1,Tuesday,2,0,4929.428571428572,5084.196666666668
2024-04-04,3225.1,2,2024,4,April,3,Thursday,2,0,5367.3,4993.1
2024-04-05,598.0,1,2024,4,April,4,Friday,2,0,5452.728571428571,4563.716666666666
2024-04-06,932.0,2,2024,4,April,5,Saturday,2,1,3338.7285714285713,4554.66
2024-04-07,8504.0,5,2024,4,April,6,Sunday,2,1,4497.0142857142855,4270.046666666667
2024-04-11,1360.0,1,2024,4,April,3,Thursday,2,0,3965.585714285714,4280.386666666667
2024-04-12,3396.0,2,2024,4,April,4,Friday,2,0,3287.871428571428,4366.13
2024-04-14,956.0,2,2024,4,April,6,Sunday,2,1,2710.157142857143,4397.996666666667
2024-04-15,522.0,1,2024,4,April,0,Monday,2,0,2324.0,4188.7300000000005
2024-04-16,398.0,1,2024,4,April,1,Tuesday,2,0,2295.4285714285716,3857.836666666667
2024-04-17,560.0,1,2024,4,April,2,Wednesday,2,0,2242.285714285714,3876.5033333333336
2024-04-18,9456.0,4,2024,4,April,3,Thursday,2,0,2378.285714285714,4167.17
2024-04-19,2196.0,2,2024,4,April,4,Friday,2,0,2497.714285714286,4235.036666666667
2024-04-20,8856.0,2,2024,4,April,5,Saturday,2,1,3277.714285714286,4497.703333333334
2024-04-21,796.0,1,2024,4,April,6,Sunday,2,1,3254.8571428571427,4240.303333333333
2024-04-27,3990.0,4,2024,4,April,5,Saturday,2,1,3750.285714285714,4327.636666666667
2024-04-28,558.0,2,2024,4,April,6,Sunday,2,1,3773.1428571428573,4205.17
2024-04-29,4160.0,2,2024,4,April,0,Monday,2,0,4287.428571428572,3574.9700000000003
2024-05-01,2688.0,3,2024,5,May,2,Wednesday,2,0,3320.5714285714284,3593.5033333333336
2024-05-02,2428.8,2,2024,5,May,3,Thursday,2,0,3353.828571428571,3524.063333333333
2024-05-03,10254.0,1,2024,5,May,4,Friday,2,0,3553.542857142857,3683.663333333333
2024-05-05,6328.0,3,2024,5,May,6,Sunday,2,1,4343.828571428571,3783.9966666666664
2024-05-06,70.0,1,2024,5,May,0,Monday,2,0,3783.828571428571,3653.7966666666666
2024-05-07,398.0,2,2024,5,May,1,Tuesday,2,0,3760.9714285714285,3571.1966666666663
2024-05-08,1096.0,1,2024,5,May,2,Wednesday,2,0,3323.2571428571428,3602.3966666666665
2024-05-11,1766.0,3,2024,5,May,5,Saturday,2,1,3191.542857142857,3661.2633333333333
2024-05-12,1588.0,3,2024,5,May,6,Sunday,2,1,3071.4285714285716,3189.8633333333332
2024-05-14,396.0,1,2024,5,May,1,Tuesday,2,0,1663.142857142857,3189.8633333333332
2024-05-15,0.0,1,2024,5,May,2,Wednesday,2,0,759.1428571428571,3020.5299999999997
2024-05-18,2058.0,3,2024,5,May,5,Saturday,2,1,1043.142857142857,2817.7966666666666
2024-05-19,5892.0,4,2024,5,May,6,Sunday,2,1,1828.0,2847.5299999999997
2024-05-20,576.0,1,2024,5,May,0,Monday,2,0,1753.7142857142858,2759.2266666666665
2024-05-21,3314.0,2,2024,5,May,1,Tuesday,2,0,1974.857142857143,2849.7599999999998
2024-05-22,13568.0,6,2024,5,May,2,Wednesday,2,0,3686.285714285714,3270.9599999999996
2024-05-23,3836.0,2,2024,5,May,3,Thursday,2,0,4177.714285714285,3115.3599999999997
2024-05-24,576.0,1,2024,5,May,4,Friday,2,0,4260.0,3089.2266666666665
2024-05-25,2248.0,4,2024,5,May,5,Saturday,2,1,4287.142857142857,3050.9599999999996
2024-05-26,1188.0,2,2024,5,May,6,Sunday,2,1,3615.1428571428573,3058.693333333333
2024-05-27,2012.0,1,2024,5,May,0,Monday,2,0,3820.285714285714,3108.3599999999997
2024-05-28,576.0,1,2024,5,May,1,Tuesday,2,0,3429.1428571428573,3114.293333333333
2024-05-29,598.0,1,2024,5,May,2,Wednesday,2,0,1576.2857142857142,3115.5599999999995
2024-05-30,15115.4,5,2024,5,May,3,Thursday,2,0,3187.628571428572,3304.2066666666665
2024-05-31,796.0,1,2024,5,May,4,Friday,2,0,3219.057142857143,3257.54
2024-06-01,2016.0,5,2024,6,June,5,Saturday,2,1,3185.914285714286,3029.54
2024-06-02,1628.0,3,2024,6,June,6,Sunday,2,1,3248.7714285714287,3057.273333333333
2024-06-03,3910.0,5,2024,6,June,0,Monday,2,0,3519.914285714286,3054.6066666666666
2024-06-04,1154.0,2,2024,6,June,1,Tuesday,2,0,3602.4857142857145,3074.4733333333334
2024-06-05,0.0,1,2024,6,June,2,Wednesday,2,0,3517.057142857143,2935.8066666666664
2024-06-06,5736.0,5,2024,6,June,3,Thursday,2,0,2177.1428571428573,3037.4066666666668
2024-06-07,576.0,1,2024,6,June,4,Friday,2,0,2145.714285714286,2975.646666666667
2024-06-08,4376.0,6,2024,6,June,5,Saturday,2,1,2482.8571428571427,2779.713333333333
2024-06-09,560.0,1,2024,6,June,6,Sunday,2,1,2330.285714285714,2587.4466666666663
2024-06-10,3308.0,3,2024,6,June,0,Monday,2,0,2244.285714285714,2695.3799999999997
2024-06-11,4610.0,6,2024,6,June,1,Tuesday,2,0,2738.0,2835.7799999999997
2024-06-12,1728.0,4,2024,6,June,2,Wednesday,2,0,2984.8571428571427,2856.8466666666664
2024-06-13,360.0,1,2024,6,June,3,Thursday,2,0,2216.8571428571427,2809.98
2024-06-14,1928.0,3,2024,6,June,4,Friday,2,0,2410.0,2821.313333333333
2024-06-15,1586.0,4,2024,6,June,5,Saturday,2,1,2011.4285714285713,2860.98
2024-06-16,5516.0,3,2024,6,June,6,Sunday,2,1,2719.4285714285716,3044.8466666666664
2024-06-18,1152.0,2,2024,6,June,1,Tuesday,2,0,2411.4285714285716,3014.6466666666665
2024-06-21,1474.0,2,2024,6,June,4,Friday,2,0,1963.4285714285713,2867.3799999999997
2024-06-22,3892.0,2,2024,6,June,5,Saturday,2,1,2272.5714285714284,2977.913333333333
2024-06-23,534.0,4,2024,6,June,6,Sunday,2,1,2297.4285714285716,2885.2466666666664
2024-06-25,5268.0,2,2024,6,June,1,Tuesday,2,0,2774.5714285714284,2608.58
2024-06-26,2138.0,2,2024,6,June,2,Wednesday,2,0,2853.4285714285716,2551.98
2024-06-28,3102.0,3,2024,6,June,4,Friday,2,0,2508.5714285714284,2636.18
2024-06-29,4812.0,2,2024,6,June,5,Saturday,2,1,3031.4285714285716,2721.6466666666665
2024-06-30,3138.0,4,2024,6,June,6,Sunday,2,1,3269.1428571428573,2786.6466666666665
2024-07-01,396.0,2,2024,7,July,0,Monday,3,0,2769.714285714286,2732.7799999999997
2024-07-02,258.0,1,2024,7,July,1,Tuesday,3,0,2730.285714285714,2722.18
2024-07-04,6714.0,1,2024,7,July,3,Thursday,3,0,2936.8571428571427,2926.0466666666666
2024-07-05,6054.0,4,2024,7,July,4,Friday,3,0,3496.285714285714,2624.0
2024-07-06,6362.0,3,2024,7,July,5,Saturday,3,1,3962.0,2809.5333333333333
2024-07-07,1446.0,3,2024,7,July,6,Sunday,3,1,3481.1428571428573,2790.5333333333333
2024-07-10,654.0,1,2024,7,July,2,Wednesday,3,0,3126.285714285714,2758.0666666666666
2024-07-11,5152.0,1,2024,7,July,3,Thursday,3,0,3805.714285714286,2799.4666666666667
2024-07-12,792.0,1,2024,7,July,4,Friday,3,0,3882.0,2787.4
2024-07-13,13000.0,1,2024,7,July,5,Saturday,3,1,4780.0,3220.733333333333
2024-07-15,656.0,2,2024,7,July,0,Monday,3,0,4008.8571428571427,3051.4
2024-07-16,456.0,1,2024,7,July,1,Tuesday,3,0,3165.1428571428573,3047.4
2024-07-18,1172.0,2,2024,7,July,3,Thursday,3,0,3126.0,2940.6
2024-07-20,1828.0,4,2024,7,July,5,Saturday,3,1,3293.714285714286,2982.866666666667
2024-07-21,2366.0,3,2024,7,July,6,Sunday,3,1,2895.714285714286,2951.4666666666667
2024-07-22,2316.0,2,2024,7,July,0,Monday,3,0,3113.4285714285716,2875.0
2024-07-23,6380.0,2,2024,7,July,1,Tuesday,3,0,2167.714285714286,3030.0666666666666
2024-07-24,1360.0,1,2024,7,July,2,Wednesday,3,0,2268.285714285714,3063.4
2024-07-25,258.0,1,2024,7,July,3,Thursday,3,0,2240.0,3007.733333333333
2024-07-26,4320.0,3,2024,7,July,4,Friday,3,0,2689.714285714286,3098.866666666667
2024-07-27,5454.0,5,2024,7,July,5,Saturday,3,1,3207.714285714286,3096.8
2024-07-28,0.0,1,2024,7,July,6,Sunday,3,1,2869.714285714286,3058.4
2024-07-29,4084.0,3,2024,7,July,0,Monday,3,0,3122.285714285714,3145.4
2024-07-30,1192.0,2,2024,7,July,1,Tuesday,3,0,2381.1428571428573,3055.4
2024-07-31,0.0,1,2024,7,July,2,Wednesday,3,0,2186.8571428571427,3037.6
2024-08-01,22254.0,2,2024,8,August,3,Thursday,3,0,5329.142857142857,3603.8
2024-08-02,5526.0,1,2024,8,August,4,Friday,3,0,5501.428571428572,3716.733333333333
2024-08-04,398.0,1,2024,8,August,6,Sunday,3,1,4779.142857142857,3626.6
2024-08-05,2950.0,2,2024,8,August,0,Monday,3,0,5200.571428571428,3564.5333333333333
2024-08-06,160.0,1,2024,8,August,1,Tuesday,3,0,4640.0,3465.266666666667
2024-08-07,1450.0,3,2024,8,August,2,Wednesday,3,0,4676.857142857143,3500.4
2024-08-08,774.0,2,2024,8,August,3,Thursday,3,0,4787.428571428572,3517.6
2024-08-09,6182.0,3,2024,8,August,4,Friday,3,0,2491.4285714285716,3499.866666666667
2024-08-10,6514.0,2,2024,8,August,5,Saturday,3,1,2632.5714285714284,3515.2
2024-08-11,872.0,1,2024,8,August,6,Sunday,3,1,2700.285714285714,3332.2
2024-08-13,4340.0,6,2024,8,August,1,Tuesday,3,0,2898.8571428571427,3428.6666666666665
2024-08-14,11150.0,4,2024,8,August,2,Wednesday,3,0,4468.857142857143,3778.5333333333333
2024-08-16,1750.0,3,2024,8,August,4,Friday,3,0,4511.714285714285,3665.133333333333
2024-08-17,12290.4,1,2024,8,August,5,Saturday,3,1,6156.914285714286,4048.413333333333
2024-08-19,360.0,1,2024,8,August,0,Monday,3,0,5325.2,3627.08
2024-08-21,2892.0,1,2024,8,August,2,Wednesday,3,0,4807.771428571429,3701.6133333333332
2024-08-23,396.0,1,2024,8,August,4,Friday,3,0,4739.771428571429,3699.6133333333332
2024-08-24,4696.0,2,2024,8,August,5,Saturday,3,1,4790.628571428571,3817.08
2024-08-25,598.0,1,2024,8,August,6,Sunday,3,1,3283.2000000000003,3776.08
2024-08-27,198.0,1,2024,8,August,1,Tuesday,3,0,3061.4857142857145,3703.813333333333
2024-08-28,3750.0,5,2024,8,August,2,Wednesday,3,0,1841.4285714285713,3751.6133333333332
2024-08-30,756.0,2,2024,8,August,4,Friday,3,0,1898.0,3564.1466666666665
2024-08-31,1576.0,3,2024,8,August,5,Saturday,3,1,1710.0,3571.3466666666664
2024-09-03,396.0,1,2024,9,September,1,Tuesday,3,0,1710.0,3575.9466666666663
2024-09-04,6290.0,2,2024,9,September,2,Wednesday,3,0,1937.7142857142858,3641.6133333333332
2024-09-06,258.0,1,2024,9,September,4,Friday,3,0,1889.142857142857,3468.413333333333
2024-09-07,1856.0,2,2024,9,September,5,Saturday,3,1,2126.0,3530.2799999999997
2024-09-08,748.0,2,2024,9,September,6,Sunday,3,1,1697.142857142857,3419.08
2024-09-09,5016.0,2,2024,9,September,0,Monday,3,0,2305.714285714286,3546.5466666666666
2024-09-11,1952.0,2,2024,9,September,2,Wednesday,3,0,2359.4285714285716,3611.6133333333332
2024-09-12,654.0,1,2024,9,September,3,Thursday,3,0,2396.285714285714,2891.6133333333332
2024-09-13,572.0,1,2024,9,September,4,Friday,3,0,1579.4285714285713,2726.48
2024-09-14,6642.0,2,2024,9,September,5,Saturday,3,1,2491.4285714285716,2934.6133333333332
2024-09-15,258.0,1,2024,9,September,6,Sunday,3,1,2263.1428571428573,2844.8799999999997
2024-09-16,10072.0,5,2024,9,September,0,Monday,3,0,3595.1428571428573,3175.2799999999997
2024-09-18,7524.0,2,2024,9,September,2,Wednesday,3,0,3953.4285714285716,3377.7466666666664
2024-09-20,794.0,1,2024,9,September,4,Friday,3,0,3788.0,3378.413333333333
2024-09-21,396.0,1,2024,9,September,5,Saturday,3,1,3751.1428571428573,3185.5466666666666
2024-09-22,2364.0,3,2024,9,September,6,Sunday,3,1,4007.1428571428573,3047.213333333333
2024-09-24,858.0,3,2024,9,September,1,Tuesday,3,0,3180.8571428571427,3046.7466666666664
2024-09-25,664.0,1,2024,9,September,2,Wednesday,3,0,3238.8571428571427,2924.213333333333
2024-09-26,2200.0,2,2024,9,September,3,Thursday,3,0,2114.285714285714,2625.8799999999997
2024-09-28,572.0,2,2024,9,September,5,Saturday,3,1,1121.142857142857,2586.6133333333332
2024-09-29,7714.0,7,2024,9,September,6,Sunday,3,1,2109.714285714286,2434.0666666666666
2024-10-01,0.0,2,2024,10,October,1,Tuesday,4,0,2053.1428571428573,2422.0666666666666
2024-10-02,9910.0,2,2024,10,October,2,Wednesday,4,0,3131.1428571428573,2656.0
2024-10-03,1190.0,3,2024,10,October,3,Thursday,4,0,3178.5714285714284,2682.4666666666667
2024-10-05,20828.0,9,2024,10,October,5,Saturday,4,1,6059.142857142857,3220.2
2024-10-06,2420.0,3,2024,10,October,6,Sunday,4,1,6090.571428571428,3280.9333333333334
2024-10-07,160.0,1,2024,10,October,0,Monday,4,0,6031.714285714285,3279.6666666666665
2024-10-08,0.0,1,2024,10,October,1,Tuesday,4,0,4929.714285714285,3154.6666666666665
2024-10-09,398.0,1,2024,10,October,2,Wednesday,4,0,4986.571428571428,3142.733333333333
2024-10-10,160.0,1,2024,10,October,3,Thursday,4,0,3593.714285714286,3095.5333333333333
2024-10-11,398.0,1,2024,10,October,4,Friday,4,0,3480.5714285714284,3095.6
2024-10-12,4468.0,3,2024,10,October,5,Saturday,4,1,1143.4285714285713,3034.866666666667
2024-10-15,4054.0,2,2024,10,October,1,Tuesday,4,0,1376.857142857143,3161.4
2024-10-17,2546.0,2,2024,10,October,3,Thursday,4,0,1717.7142857142858,3184.4
2024-10-18,4184.0,2,2024,10,October,4,Friday,4,0,2315.4285714285716,3298.9333333333334
2024-10-19,6944.0,6,2024,10,October,5,Saturday,4,1,3250.5714285714284,3363.2
2024-10-20,1052.0,2,2024,10,October,6,Sunday,4,1,3378.0,3333.2
2024-10-21,2196.0,2,2024,10,October,0,Monday,4,0,3634.8571428571427,3384.6
2024-10-24,1550.0,2,2024,10,October,3,Thursday,4,0,3218.0,3417.2
2024-10-25,1012.0,1,2024,10,October,4,Friday,4,0,2783.4285714285716,3229.5333333333333
2024-10-26,4568.0,2,2024,10,October,5,Saturday,4,1,3072.285714285714,3373.2
2024-10-27,10728.0,3,2024,10,October,6,Sunday,4,1,4007.1428571428573,3395.0666666666666
2024-10-29,0.0,1,2024,10,October,1,Tuesday,4,0,3015.1428571428573,3144.266666666667
2024-11-01,360.0,2,2024,11,November,4,Friday,4,0,2916.285714285714,3129.8
2024-11-03,14440.0,2,2024,11,November,6,Sunday,4,1,4665.428571428572,3597.9333333333334
2024-11-06,580.0,1,2024,11,November,2,Wednesday,4,0,4526.857142857143,3538.4666666666667
2024-11-07,4560.0,3,2024,11,November,3,Thursday,4,0,5033.714285714285,3661.866666666667
2024-11-08,3636.0,1,2024,11,November,4,Friday,4,0,4900.571428571428,3760.9333333333334
2024-11-09,1474.0,7,2024,11,November,5,Saturday,4,1,3578.5714285714284,3736.733333333333
2024-11-10,6194.0,4,2024,11,November,6,Sunday,4,1,4463.428571428572,3924.133333333333
2024-11-12,398.0,1,2024,11,November,1,Tuesday,4,0,4468.857142857143,3680.266666666667
2024-11-14,240.0,1,2024,11,November,3,Thursday,4,0,2440.285714285714,3688.266666666667
2024-11-16,0.0,1,2024,11,November,5,Saturday,4,1,2357.4285714285716,3357.9333333333334
2024-11-18,10916.0,3,2024,11,November,0,Monday,4,0,3265.4285714285716,3682.133333333333
2024-11-19,398.0,1,2024,11,November,1,Tuesday,4,0,2802.8571428571427,3001.133333333333
2024-11-20,756.0,2,2024,11,November,2,Wednesday,4,0,2700.285714285714,2945.6666666666665
2024-11-21,520.0,1,2024,11,November,3,Thursday,4,0,1889.7142857142858,2957.6666666666665
2024-11-23,1956.0,1,2024,11,November,5,Saturday,4,1,2112.285714285714,3022.866666666667
2024-11-24,1764.0,2,2024,11,November,6,Sunday,4,1,2330.0,3068.4
2024-11-26,1188.0,2,2024,11,November,1,Tuesday,4,0,2499.714285714286,3102.6666666666665
2024-11-27,398.0,2,2024,11,November,2,Wednesday,4,0,997.1428571428571,3102.6666666666665
2024-11-28,1152.0,2,2024,11,November,3,Thursday,4,0,1104.857142857143,2992.133333333333
2024-11-29,2962.0,1,2024,11,November,4,Friday,4,0,1420.0,2955.733333333333
2024-11-30,3710.0,4,2024,11,November,5,Saturday,4,1,1875.7142857142858,2994.5333333333333
2024-12-01,7620.0,2,2024,12,December,6,Sunday,4,1,2684.8571428571427,3109.0666666666666
2024-12-02,398.0,1,2024,12,December,0,Monday,4,0,2489.714285714286,2890.866666666667
2024-12-03,396.0,1,2024,12,December,1,Tuesday,4,0,2376.5714285714284,2869.0
2024-12-04,396.0,1,2024,12,December,2,Wednesday,4,0,2376.285714285714,2809.0
2024-12-05,800.0,1,2024,12,December,3,Thursday,4,0,2326.0,2784.0
2024-12-06,1836.4,1,2024,12,December,4,Friday,4,0,2165.2,2811.48
2024-12-07,1120.0,2,2024,12,December,5,Saturday,4,1,1795.2,2696.5466666666666
2024-12-10,1548.0,1,2024,12,December,1,Tuesday,4,0,927.7714285714285,2390.5466666666666
2024-12-11,126.0,2,2024,12,December,2,Wednesday,4,0,888.9142857142857,2394.7466666666664
2024-12-13,1962.0,2,2024,12,December,4,Friday,4,0,1112.6285714285714,2448.1466666666665
2024-12-14,3697.2,4,2024,12,December,5,Saturday,4,1,1584.2285714285715,2090.0533333333333
2024-12-15,1922.0,2,2024,12,December,6,Sunday,4,1,1744.5142857142857,2134.7866666666664
2024-12-18,722.0,1,2024,12,December,2,Wednesday,4,0,1585.314285714286,2006.8533333333332
2024-12-19,858.0,1,2024,12,December,3,Thursday,4,0,1547.8857142857144,1914.2533333333333
2024-12-22,40.0,1,2024,12,December,6,Sunday,4,1,1332.457142857143,1866.4533333333334
2024-12-23,850.0,5,2024,12,December,0,Monday,4,0,1435.8857142857144,1688.32
2024-12-24,722.0,1,2024,12,December,1,Tuesday,4,0,1258.7428571428572,1699.12
2024-12-25,7950.0,1,2024,12,December,2,Wednesday,4,0,1866.2857142857142,1956.12
2024-12-26,956.0,2,2024,12,December,3,Thursday,4,0,1728.2857142857142,1987.9866666666667
2024-12-27,1412.0,2,2024,12,December,4,Friday,4,0,1826.857142857143,1671.1866666666667
2024-12-28,140.0,1,2024,12,December,5,Saturday,4,1,1724.2857142857142,1662.5866666666666
2024-12-30,396.0,1,2024,12,December,0,Monday,4,0,1775.142857142857,1650.5866666666666
2024-12-31,2394.0,4,2024,12,December,1,Tuesday,4,0,1995.7142857142858,1713.0533333333333
2025-01-01,1558.0,3,2025,1,January,2,Wednesday,1,0,2115.1428571428573,1699.7866666666666
2025-01-02,1492.0,3,2025,1,January,3,Thursday,1,0,1192.5714285714287,1690.72
2025-01-03,1656.0,3,2025,1,January,4,Friday,1,0,1292.5714285714287,1706.32
2025-01-04,656.0,1,2025,1,January,5,Saturday,1,1,1184.5714285714287,1714.9199999999998
2025-01-09,1192.0,2,2025,1,January,3,Thursday,1,0,1334.857142857143,1716.2533333333333
2025-01-10,760.0,1,2025,1,January,4,Friday,1,0,1386.857142857143,1642.8533333333332
2025-01-11,520.0,3,2025,1,January,5,Saturday,1,1,1119.142857142857,1536.52
2025-01-12,3532.0,2,2025,1,January,6,Sunday,1,1,1401.142857142857,1400.2533333333333
2025-01-13,6030.0,2,2025,1,January,0,Monday,1,0,2049.4285714285716,1587.9866666666667
2025-01-15,3316.0,4,2025,1,January,2,Wednesday,1,0,2286.5714285714284,1685.32
2025-01-18,2646.6,2,2025,1,January,5,Saturday,1,1,2570.942857142857,1760.34
2025-01-21,4032.0,1,2025,1,January,1,Tuesday,1,0,2976.657142857143,1868.0733333333333
2025-01-22,656.0,1,2025,1,January,2,Wednesday,1,0,2961.7999999999997,1828.7266666666665
2025-01-25,18116.0,4,2025,1,January,5,Saturday,1,1,5475.5142857142855,2395.26
2025-01-27,2418.0,3,2025,1,January,0,Monday,1,0,5316.371428571429,2424.26
2025-01-28,792.0,1,2025,1,January,1,Tuesday,1,0,4568.085714285714,2446.46
2025-02-01,1956.0,1,2025,2,February,5,Saturday,1,1,4373.8,2446.26
2025-02-02,5836.0,1,2025,2,February,6,Sunday,1,1,4829.428571428572,2517.5533333333337
2025-02-03,2202.0,4,2025,2,February,0,Monday,1,0,4568.0,2526.8866666666668
2025-02-05,976.0,1,2025,2,February,2,Wednesday,1,0,4613.714285714285,2535.3533333333335
2025-02-06,198.0,1,2025,2,February,3,Thursday,1,0,2054.0,2513.3533333333335
2025-02-07,6486.0,3,2025,2,February,4,Friday,1,0,2635.1428571428573,2728.2200000000003
2025-02-08,360.0,1,2025,2,February,5,Saturday,1,1,2573.4285714285716,2711.8866666666668
2025-02-09,4800.0,3,2025,2,February,6,Sunday,1,1,2979.714285714286,2847.82
2025-02-10,2576.0,1,2025,2,February,0,Monday,1,0,2514.0,2668.686666666667
2025-02-11,1188.0,3,2025,2,February,1,Tuesday,1,0,2369.1428571428573,2676.42
2025-02-12,396.0,1,2025,2,February,2,Wednesday,1,0,2286.285714285714,2642.5533333333337
2025-02-13,1052.0,1,2025,2,February,3,Thursday,1,0,2408.285714285714,2672.9533333333334
2025-02-14,10552.0,2,2025,2,February,4,Friday,1,0,2989.1428571428573,3011.4866666666667
2025-02-15,31450.800000000003,7,2025,2,February,5,Saturday,1,1,7430.685714285714,3980.046666666667
2025-02-17,360.0,1,2025,2,February,0,Monday,1,0,6796.400000000001,3940.1133333333337
2025-02-19,396.0,1,2025,2,February,2,Wednesday,1,0,6484.971428571429,3903.5800000000004
2025-02-20,9254.0,3,2025,2,February,3,Thursday,1,0,7637.257142857144,4156.846666666667
2025-02-22,1516.0,4,2025,2,February,5,Saturday,1,1,7797.257142857144,4185.513333333333
2025-02-23,520.0,1,2025,2,February,6,Sunday,1,1,7721.257142857144,4163.113333333334
2025-02-25,4180.0,3,2025,2,February,1,Tuesday,1,0,6810.971428571429,4277.113333333334
2025-02-26,2960.0,1,2025,2,February,2,Wednesday,1,0,2740.8571428571427,4358.446666666667
2025-02-28,60.0,1,2025,2,February,4,Friday,1,0,2698.0,4242.713333333334
2025-03-01,0.0,2,2025,3,March,5,Saturday,1,1,2641.4285714285716,4041.7133333333336
2025-03-02,0.0,2,2025,3,March,6,Sunday,1,1,1319.4285714285713,3931.1800000000003
2025-03-08,946.4,4,2025,3,March,5,Saturday,1,1,1238.0571428571427,3874.5066666666667
2025-03-09,1044.0,2,2025,3,March,6,Sunday,1,1,1312.9142857142856,3774.9066666666668
2025-03-10,398.0,1,2025,3,March,0,Monday,1,0,772.6285714285714,3766.3066666666664
2025-03-11,396.0,1,2025,3,March,1,Tuesday,1,0,406.34285714285716,3175.64
2025-03-12,840.0,1,2025,3,March,2,Wednesday,1,0,517.7714285714286,3123.04
2025-03-13,396.0,1,2025,3,March,3,Thursday,1,0,574.3428571428572,3109.8399999999997
2025-03-14,1018.0,2,2025,3,March,4,Friday,1,0,719.7714285714285,3078.5733333333333
2025-03-16,794.0,1,2025,3,March,6,Sunday,1,1,698.0,2910.5066666666667
2025-03-17,3364.0,4,2025,3,March,0,Monday,1,0,1029.4285714285713,2949.24
2025-03-18,398.0,1,2025,3,March,1,Tuesday,1,0,1029.4285714285713,2929.9733333333334
2025-03-21,5606.4,2,2025,3,March,4,Friday,1,0,1773.7714285714285,3110.2533333333336
2025-03-22,794.0,2,2025,3,March,5,Saturday,1,1,1767.2,2920.52
2025-03-23,1886.0,8,2025,3,March,6,Sunday,1,1,1980.0571428571427,2971.3866666666668
2025-03-24,702.0,1,2025,3,March,0,Monday,1,0,1934.9142857142856,2834.786666666667
2025-03-25,396.0,6,2025,3,March,1,Tuesday,1,0,1878.0571428571427,2762.1200000000003
2025-03-29,656.0,7,2025,3,March,5,Saturday,1,1,1491.2,2744.3866666666668
2025-03-30,4750.0,7,2025,3,March,6,Sunday,1,1,2112.9142857142856,2889.52
2025-03-31,2734.0,3,2025,3,March,0,Monday,1,0,1702.5714285714287,2945.586666666667
2025-04-03,396.0,1,2025,4,April,3,Thursday,2,0,1645.7142857142858,2607.0533333333337
2025-04-05,400.0,1,2025,4,April,5,Saturday,2,1,1433.4285714285713,1572.0266666666664
2025-04-06,4752.0,1,2025,4,April,6,Sunday,2,1,2012.0,1718.4266666666667
2025-04-07,1120.0,3,2025,4,April,0,Monday,2,0,2115.4285714285716,1742.5600000000002
2025-04-10,0.0,1,2025,4,April,3,Thursday,2,0,2021.7142857142858,1434.0933333333335
2025-04-12,1833.6,1,2025,4,April,5,Saturday,2,1,1605.0857142857144,1444.68
2025-04-13,4296.0,1,2025,4,April,6,Sunday,2,1,1828.2285714285715,1570.5466666666664
2025-04-14,990.0,3,2025,4,April,0,Monday,2,0,1913.0857142857144,1464.2133333333331
2025-04-15,1826.0,4,2025,4,April,1,Tuesday,2,0,2116.8,1426.4133333333332
2025-04-16,5508.0,4,2025,4,April,2,Wednesday,2,0,2224.8,1608.013333333333
2025-04-18,4350.4,2,2025,4,April,4,Friday,2,0,2686.285714285714,1753.0266666666664
2025-04-19,1992.0,2,2025,4,April,5,Saturday,2,1,2970.8571428571427,1819.4266666666667
2025-04-20,992.0,2,2025,4,April,6,Sunday,2,1,2850.628571428572,1820.9466666666667
2025-04-21,398.0,1,2025,4,April,0,Monday,2,0,2293.7714285714287,1799.4133333333334
2025-04-23,8264.0,3,2025,4,April,2,Wednesday,2,0,3332.914285714286,2061.6133333333332
2025-04-24,1044.0,1,2025,4,April,3,Thursday,2,0,3221.2000000000003,2083.2133333333336
2025-04-27,360.0,1,2025,4,April,6,Sunday,2,1,2485.7714285714287,2067.2133333333336
2025-05-01,1156.0,1,2025,5,May,3,Thursday,2,0,2029.4285714285713,2092.5466666666666
2025-05-03,1156.0,1,2025,5,May,5,Saturday,2,1,1910.0,2097.1466666666665
2025-05-04,198.0,1,2025,5,May,6,Sunday,2,1,1796.5714285714287,2077.28
2025-05-05,8349.6,3,2025,5,May,0,Monday,2,0,2932.5142857142855,2243.4666666666667
2025-05-06,656.0,1,2025,5,May,1,Tuesday,2,0,1845.6571428571428,2252.0666666666666
2025-05-08,198.0,1,2025,5,May,3,Thursday,2,0,1724.8,2071.7866666666664
2025-05-10,5758.0,4,2025,5,May,5,Saturday,2,1,2495.942857142857,2237.2533333333336
2025-05-11,198.0,1,2025,5,May,6,Sunday,2,1,2359.085714285714,2180.9866666666667
2025-05-12,7676.8,2,2025,5,May,0,Monday,2,0,3290.628571428572,2413.48
2025-05-14,4296.0,2,2025,5,May,2,Wednesday,2,0,3876.057142857143,2543.48
2025-05-16,0.0,2,2025,5,May,4,Friday,2,0,2683.257142857143,2521.6133333333332
2025-05-17,10632.0,4,2025,5,May,5,Saturday,2,1,4108.400000000001,2717.68
2025-05-18,1916.0,2,2025,5,May,6,Sunday,2,1,4353.828571428572,2690.413333333333
2025-05-19,198.0,1,2025,5,May,0,Monday,2,0,3559.5428571428574,2683.813333333333
2025-05-22,6976.0,2,2025,5,May,3,Thursday,2,0,4527.828571428572,2903.0133333333333
2025-05-23,360.0,1,2025,5,May,4,Friday,2,0,3482.5714285714284,2756.6133333333332
2025-05-24,376.0,4,2025,5,May,5,Saturday,2,1,2922.5714285714284,2731.813333333333
2025-05-26,1128.0,3,2025,5,May,0,Monday,2,0,3083.714285714286,2769.413333333333
2025-05-27,1318.0,3,2025,5,May,1,Tuesday,2,0,1753.142857142857,2752.2266666666665
2025-05-29,396.0,2,2025,5,May,3,Thursday,2,0,1536.0,2622.2266666666665
2025-05-30,2460.0,2,2025,5,May,4,Friday,2,0,1859.142857142857,2671.2266666666665
2025-05-31,7360.0,1,2025,5,May,5,Saturday,2,1,1914.0,2855.693333333333
2025-06-04,2000.0,1,2025,6,June,2,Wednesday,2,0,2148.285714285714,2738.7599999999998
2025-06-05,2538.0,2,2025,6,June,3,Thursday,2,0,2457.1428571428573,2678.3466666666664
2025-06-06,180.0,1,2025,6,June,4,Friday,2,0,2321.714285714286,2617.9466666666663
2025-06-07,6818.0,3,2025,6,June,5,Saturday,2,1,3107.4285714285716,2812.1466666666665
2025-06-08,4212.0,1,2025,6,June,6,Sunday,2,1,3652.5714285714284,2939.2799999999997
2025-06-11,702.0,1,2025,6,June,2,Wednesday,2,0,3401.4285714285716,2687.213333333333
2025-06-12,11468.6,2,2025,6,June,3,Thursday,2,0,3988.371428571428,3034.7
2025-06-14,4606.8,4,2025,6,June,5,Saturday,2,1,4360.771428571429,3176.26
2025-06-15,1024.0,2,2025,6,June,6,Sunday,2,1,4144.4857142857145,3171.86
2025-06-16,1892.8,2,2025,6,June,0,Monday,2,0,4389.171428571429,3196.42
2025-06-18,11172.0,2,2025,6,June,2,Wednesday,2,0,5011.171428571428,3562.2200000000003
2025-06-20,456.0,1,2025,6,June,4,Friday,2,0,4474.6,3299.1
2025-06-21,11640.0,2,2025,6,June,5,Saturday,2,1,6037.171428571428,3665.233333333333
2025-06-22,376.0,1,2025,6,June,6,Sunday,2,1,4452.514285714286,3671.1666666666665
2025-06-24,7068.4,2,2025,6,June,1,Tuesday,2,0,4804.171428571428,3714.8466666666664
2025-06-26,1994.4,1,2025,6,June,3,Thursday,2,0,4942.8,3774.726666666667
2025-06-27,1656.0,1,2025,6,June,4,Friday,2,0,4908.971428571429,3574.0333333333338
2025-06-28,2080.0,2,2025,6,June,5,Saturday,2,1,3610.1142857142854,3500.166666666667
2025-06-29,1998.0,1,2025,6,June,6,Sunday,2,1,3830.4,3566.7666666666673
2025-06-30,1194.0,3,2025,6,June,0,Monday,2,0,2338.1142857142854,3252.1666666666665
2025-07-01,1998.0,1,2025,7,July,1,Tuesday,3,0,2569.828571428571,3254.9
2025-07-02,92.0,1,2025,7,July,2,Wednesday,3,0,1573.2,3251.366666666667
2025-07-03,2038.0,2,2025,7,July,3,Thursday,3,0,1579.4285714285713,3086.766666666667
2025-07-05,11800.0,3,2025,7,July,5,Saturday,3,1,3028.5714285714284,3468.1
2025-07-06,4764.0,2,2025,7,July,6,Sunday,3,1,3412.0,3614.366666666667
2025-07-07,600.0,1,2025,7,July,0,Monday,3,0,3212.285714285714,3596.766666666667
2025-07-09,600.0,1,2025,7,July,2,Wednesday,3,0,3127.4285714285716,3572.8333333333335
2025-07-10,2454.0,2,2025,7,July,3,Thursday,3,0,3192.5714285714284,3641.4333333333334
2025-07-11,780.0,2,2025,7,July,4,Friday,3,0,3290.8571428571427,3585.4333333333334
2025-07-12,2032.0,3,2025,7,July,5,Saturday,3,1,3290.0,3407.8333333333335
2025-07-13,5718.0,4,2025,7,July,6,Sunday,3,1,2421.1428571428573,3531.766666666667
2025-07-14,600.0,1,2025,7,July,0,Monday,3,0,1826.2857142857142,3467.1666666666665
2025-07-16,2440.0,2,2025,7,July,2,Wednesday,3,0,2089.1428571428573,3542.5
2025-07-17,3214.0,3,2025,7,July,3,Thursday,3,0,2462.5714285714284,3422.366666666667
2025-07-18,10376.0,2,2025,7,July,4,Friday,3,0,3594.285714285714,3627.8333333333335
2025-07-19,648.0,1,2025,7,July,5,Saturday,3,1,3575.4285714285716,3626.0333333333333
2025-07-20,1840.0,2,2025,7,July,6,Sunday,3,1,3548.0,3305.08
2025-07-22,1840.0,1,2025,7,July,1,Tuesday,3,0,2994.0,3212.8533333333335
2025-07-23,1840.0,1,2025,7,July,2,Wednesday,3,0,3171.1428571428573,3240.0533333333337
2025-07-25,8292.0,5,2025,7,July,4,Friday,3,0,4007.1428571428573,3453.3599999999997
2025-07-26,3336.0,1,2025,7,July,5,Saturday,3,1,4024.5714285714284,3192.1599999999994
2025-07-27,376.0,1,2025,7,July,6,Sunday,3,1,2596.0,3189.493333333333
2025-07-29,995.0,2,2025,7,July,1,Tuesday,3,0,2645.5714285714284,2834.6599999999994
2025-07-30,1998.0,1,2025,7,July,2,Wednesday,3,0,2668.1428571428573,2888.7266666666665
2025-07-31,6000.0,1,2025,7,July,3,Thursday,3,0,3262.4285714285716,2853.1133333333332
2025-08-01,6960.0,4,2025,8,August,4,Friday,3,0,3993.8571428571427,3018.633333333333
2025-08-02,15728.0,6,2025,8,August,5,Saturday,3,1,5056.142857142857,3487.7
2025-08-03,4216.0,4,2025,8,August,6,Sunday,3,1,5181.857142857143,3558.9
2025-08-04,4514.9,2,2025,8,August,0,Monday,3,0,5773.128571428571,3642.7966666666666
2025-08-05,1272.0,3,2025,8,August,1,Tuesday,3,0,5812.7,3645.3966666666665
2025-08-06,11016.0,3,2025,8,August,2,Wednesday,3,0,7100.9857142857145,3945.9966666666664
2025-08-07,1558.0,1,2025,8,August,3,Thursday,3,0,6466.414285714286,3994.8633333333332
2025-08-08,3620.0,3,2025,8,August,4,Friday,3,0,5989.271428571429,4047.5966666666664
2025-08-09,4590.0,3,2025,8,August,5,Saturday,3,1,4398.128571428571,3807.2633333333333
2025-08-10,7606.0,4,2025,8,August,6,Sunday,3,1,4882.414285714286,3901.9966666666664
2025-08-11,398.0,1,2025,8,August,0,Monday,3,0,4294.285714285715,3895.2633333333333
2025-08-13,398.0,1,2025,8,August,2,Wednesday,3,0,4169.428571428572,3888.5299999999997
2025-08-14,376.0,1,2025,8,August,3,Thursday,3,0,2649.4285714285716,3819.2633333333333
2025-08-15,518.9,1,2025,8,August,4,Friday,3,0,2500.985714285714,3810.5599999999995
2025-08-16,1276.0,2,2025,8,August,5,Saturday,3,1,2166.1285714285714,3785.3599999999997
2025-08-17,5170.5,2,2025,8,August,6,Sunday,3,1,2249.057142857143,3767.1099999999997
2025-08-19,1738.0,1,2025,8,August,1,Tuesday,3,0,1410.7714285714285,3805.043333333333
2025-08-20,272.0,2,2025,8,August,2,Wednesday,3,0,1392.7714285714285,3732.776666666666
2025-08-21,600.0,1,2025,8,August,3,Thursday,3,0,1421.6285714285714,3645.643333333333
2025-08-22,1140.0,1,2025,8,August,4,Friday,3,0,1530.7714285714285,3337.776666666666
2025-08-23,2040.0,2,2025,8,August,5,Saturday,3,1,1748.0714285714287,3384.1766666666663
2025-08-24,0.0,1,2025,8,August,6,Sunday,3,1,1565.7857142857142,3322.843333333333
2025-08-25,114.0,1,2025,8,August,0,Monday,3,0,843.4285714285714,3265.3099999999995
2025-08-26,596.0,1,2025,8,August,1,Tuesday,3,0,680.2857142857143,3223.843333333333
2025-08-28,136.0,1,2025,8,August,3,Thursday,3,0,660.8571428571429,2951.9766666666665
2025-08-29,888.0,3,2025,8,August,4,Friday,3,0,702.0,2870.376666666666
2025-08-30,2736.8,5,2025,8,August,5,Saturday,3,1,930.1142857142858,2949.0699999999997
2025-08-31,5188.8,1,2025,8,August,6,Sunday,3,1,1379.9428571428573,3088.8633333333337
2025-09-03,1516.0,2,2025,9,September,2,Wednesday,3,0,1596.5142857142857,3072.7966666666666
2025-09-04,4718.0,3,2025,9,September,3,Thursday,3,0,2254.2285714285713,3030.063333333333
2025-09-05,2750.0,3,2025,9,September,4,Friday,3,0,2561.942857142857,2889.73
2025-09-06,1140.0,1,2025,9,September,5,Saturday,3,1,2705.371428571428,2403.463333333333
2025-09-07,3722.9,5,2025,9,September,6,Sunday,3,1,3110.3571428571427,2387.026666666666
2025-09-08,114.0,1,2025,9,September,0,Monday,3,0,2735.671428571429,2240.33
2025-09-09,3376.0,1,2025,9,September,1,Tuesday,3,0,2476.7000000000003,2310.463333333333
2025-09-10,3376.0,1,2025,9,September,2,Wednesday,3,0,2742.414285714286,2055.7966666666666
2025-09-13,4416.0,1,2025,9,September,5,Saturday,3,1,2699.2714285714287,2151.063333333333
2025-09-14,1998.0,2,2025,9,September,6,Sunday,3,1,2591.842857142857,2096.9966666666664
2025-09-15,4150.0,2,2025,9,September,0,Monday,3,0,3021.842857142857,2082.33
2025-09-16,114.0,1,2025,9,September,1,Tuesday,3,0,2506.285714285714,1832.5966666666666
2025-09-18,512.0,2,2025,9,September,3,Thursday,3,0,2563.1428571428573,1836.3966666666665
2025-09-20,398.0,1,2025,9,September,5,Saturday,3,1,2137.714285714286,1836.3966666666665
2025-09-21,756.0,2,2025,9,September,6,Sunday,3,1,1763.4285714285713,1849.063333333333
2025-09-22,480.0,1,2025,9,September,0,Monday,3,0,1201.142857142857,1847.7666666666667
2025-09-23,452.0,1,2025,9,September,1,Tuesday,3,0,980.2857142857143,1820.3
2025-09-24,820.0,2,2025,9,September,2,Wednesday,3,0,504.57142857142856,1675.2833333333333
2025-09-25,376.0,1,2025,9,September,3,Thursday,3,0,542.0,1629.8833333333334
2025-09-28,1496.0,1,2025,9,September,6,Sunday,3,1,682.5714285714286,1670.6833333333334
2025-09-29,540.0,1,2025,9,September,0,Monday,3,0,702.8571428571429,1668.6833333333334
2025-09-30,114.0,2,2025,9,September,1,Tuesday,3,0,611.1428571428571,1634.4833333333333
2025-10-01,120.0,1,2025,10,October,2,Wednesday,4,0,559.7142857142857,1570.4833333333333
2025-10-02,240.0,1,2025,10,October,3,Thursday,4,0,529.4285714285714,1578.4833333333333
2025-10-03,120.0,1,2025,10,October,4,Friday,4,0,429.42857142857144,1578.6833333333334
2025-10-04,480.0,3,2025,10,October,5,Saturday,4,1,444.2857142857143,1574.8166666666666
2025-10-05,5382.4,3,2025,10,October,6,Sunday,4,1,999.4857142857143,1749.6966666666665
2025-10-06,416.0,1,2025,10,October,0,Monday,4,0,981.7714285714285,1733.9633333333331
2025-10-07,70.0,2,2025,10,October,1,Tuesday,4,0,975.4857142857143,1645.07
2025-10-13,240.0,1,2025,10,October,0,Monday,4,0,992.6285714285714,1480.11
2025-10-15,512.0,1,2025,10,October,2,Wednesday,4,0,1031.4857142857143,1446.6433333333332
2025-10-16,376.0,1,2025,10,October,3,Thursday,4,0,1068.0571428571427,1301.9099999999999
2025-10-17,10216.0,3,2025,10,October,4,Friday,4,0,2458.914285714286,1550.7766666666664
2025-10-18,2260.0,1,2025,10,October,5,Saturday,4,1,2012.857142857143,1588.11
2025-10-19,1616.0,2,2025,10,October,6,Sunday,4,1,2184.285714285714,1517.8799999999999
2025-10-20,1292.0,2,2025,10,October,0,Monday,4,0,2358.8571428571427,1557.1466666666665
2025-10-21,176.0,2,2025,10,October,1,Tuesday,4,0,2349.714285714286,1450.4799999999998
2025-10-22,2080.0,2,2025,10,October,2,Wednesday,4,0,2573.714285714286,1407.2799999999997
2025-10-23,1360.0,1,2025,10,October,3,Thursday,4,0,2714.285714285714,1305.4133333333332
2025-10-24,3550.0,4,2025,10,October,4,Friday,4,0,1762.0,1357.1466666666665
2025-10-25,4548.0,4,2025,10,October,5,Saturday,4,1,2088.8571428571427,1370.4133333333332
2025-10-29,7176.0,2,2025,10,October,2,Wednesday,4,0,2883.1428571428573,1605.813333333333
2025-10-30,5300.8,3,2025,10,October,3,Thursday,4,0,3455.828571428571,1765.4399999999998
2025-10-31,240.0,1,2025,10,October,4,Friday,4,0,3464.9714285714285,1760.1733333333332
2025-11-01,2388.0,3,2025,11,November,5,Saturday,4,1,3508.9714285714285,1814.5733333333333
2025-11-02,1930.0,3,2025,11,November,6,Sunday,4,1,3590.4,1862.9066666666665
2025-11-03,2932.0,2,2025,11,November,0,Monday,4,0,3502.1142857142854,1945.5733333333333
2025-11-04,276.0,1,2025,11,November,1,Tuesday,4,0,2891.828571428571,1927.4399999999998
2025-11-05,796.0,1,2025,11,November,2,Wednesday,4,0,1980.3999999999999,1941.4399999999998
2025-11-07,360.0,1,2025,11,November,4,Friday,4,0,1274.5714285714287,1903.5733333333333
2025-11-08,13348.0,4,2025,11,November,5,Saturday,4,1,3147.1428571428573,2330.5066666666667
2025-11-11,896.0,1,2025,11,November,1,Tuesday,4,0,2934.0,2356.5733333333333
2025-11-12,1060.0,1,2025,11,November,2,Wednesday,4,0,2809.714285714286,2387.9066666666668
2025-11-13,136.0,1,2025,11,November,3,Thursday,4,0,2410.285714285714,2384.44
2025-11-14,120.0,1,2025,11,November,4,Friday,4,0,2388.0,2384.44
2025-11-15,760.0,1,2025,11,November,5,Saturday,4,1,2382.8571428571427,2393.773333333333
