Date,Revenue,Year,Month,Day,DayOfWeek,Quarter,WeekOfYear,IsWeekend,IsMonthStart,IsMonthEnd,DayOfWeek_sin,DayOfWeek_cos,Month_sin,Month_cos,Day_sin,Day_cos,Revenue_Lag_7,Revenue_Lag_14,Revenue_Lag_30,Revenue_RollingMean_7,Revenue_RollingMean_14,Revenue_RollingMean_30,Revenue_RollingStd_7,Revenue_RollingStd_14,Revenue_RollingStd_30,Revenue_RollingMin_7,Revenue_RollingMax_7,Revenue_RollingMin_30,Revenue_RollingMax_30,Revenue_EMA_7,Revenue_EMA_30,IsHoliday,IsPreHoliday,IsPostHoliday,IsMajorHoliday,TransactionCount,UniqueCustomers,UniqueEmployees,TotalRevenue,AvgTransactionValue,StdTransactionValue,TotalDiscount,TotalFOC,AvgRevenuePerCustomer,AvgRevenuePerEmployee,DiscountRate,FOCRate,ServiceDiversity,UniqueServices,Weekend_x_Month,Holiday_x_Weekend,TransactionCount_x_AvgValue,UniqueCustomers_x_UniqueEmployees,ServiceDiversity_x_TransactionCount,DiscountRate_x_IsWeekend,MonthEnd_x_Revenue
2021-01-06,760.0,2021,1,6,2,1,1,0,0,0,0.9749279121818236,-0.22252093395631434,0.49999999999999994,0.8660254037844387,0.9377521321470804,0.3473052528448203,,,,760.0,760.0,760.0,,,,760.0,760.0,760.0,760.0,760.0,760.0,0,0,1,0,2.0,2.0,2.0,380.0,190.0,0.0,380.0,0.0,126.66666666666667,126.66666666666667,0.49934296977660975,0.0,0.0,1.0,0,0,380.0,4.0,0.0,0.0,0.0
2021-10-07,1160.0,2021,10,7,3,4,40,0,0,0,0.43388373911755823,-0.900968867902419,-0.8660254037844386,0.5000000000000001,0.9884683243281114,0.1514277775045767,,,,960.0,960.0,960.0,282.842712474619,282.842712474619,282.842712474619,760.0,1160.0,760.0,1160.0,860.0,785.8064516129033,0,0,0,0,1.0,1.0,1.0,240.0,240.0,0.0,240.0,0.0,120.0,120.0,0.498960498960499,0.0,0.0,1.0,0,0,240.0,1.0,0.0,0.0,0.0
2021-10-09,5448.0,2021,10,9,5,4,40,1,0,0,-0.9749279121818236,-0.2225209339563146,-0.8660254037844386,0.5000000000000001,0.9680771188662043,-0.2506525322587204,,,,2456.0,2456.0,2456.0,2598.8551325535636,2598.8551325535636,2598.8551325535636,760.0,5448.0,760.0,5448.0,2007.0,1086.5931321540065,0,0,0,0,3.0,3.0,1.0,1684.0,561.3333333333334,271.30302861069083,3376.0,0.0,421.0,842.0,0.667061845485082,0.0,1.584962500721156,3.0,10,0,1684.0,3.0,4.754887502163468,0.667061845485082,0.0
2021-10-10,1360.0,2021,10,10,6,4,40,1,0,0,-0.7818314824680299,0.6234898018587334,-0.8660254037844386,0.5000000000000001,0.8978045395707416,-0.4403941515576344,,,,2182.0,2182.0,2182.0,2191.575384664344,2191.575384664344,2191.575384664344,760.0,5448.0,760.0,5448.0,1845.25,1104.2322849182642,0,0,0,0,2.0,2.0,2.0,190.0,95.0,134.35028842544403,190.0,0.0,63.333333333333336,63.333333333333336,0.49868766404199477,0.0,0.0,1.0,10,0,190.0,4.0,0.0,0.49868766404199477,0.0
2021-10-11,760.0,2021,10,11,0,4,41,0,0,0,0.0,1.0,-0.8660254037844386,0.5000000000000001,0.7907757369376989,-0.6121059825476626,,,,1897.6,1897.6,1897.6,2001.6665056896966,2001.6665056896966,2001.6665056896966,760.0,5448.0,760.0,5448.0,1573.9375,1082.0237504074084,0,0,0,0,1.0,1.0,1.0,190.0,190.0,0.0,190.0,0.0,95.0,95.0,0.49868766404199477,0.0,0.0,1.0,0,0,190.0,1.0,0.0,0.0,0.0
2021-10-12,14488.0,2021,10,12,1,4,41,0,0,0,0.7818314824680298,0.6234898018587336,-0.8660254037844386,0.5000000000000001,0.6513724827222223,-0.7587581226927909,,,,3996.0,3996.0,3996.0,5442.888056905083,5442.888056905083,5442.888056905083,760.0,14488.0,760.0,14488.0,4802.453125,1946.925443929511,0,1,0,0,4.0,3.0,2.0,2380.0,595.0,411.9465984809196,2380.0,0.0,595.0,793.3333333333334,0.4998949800462088,0.0,1.5,3.0,0,0,2380.0,6.0,6.0,0.0,0.0
2021-10-14,4780.0,2021,10,14,3,4,41,0,0,0,0.43388373911755823,-0.900968867902419,-0.8660254037844386,0.5000000000000001,0.29936312297335804,-0.9541392564000488,,,,4108.0,4108.0,4108.0,4977.482630138787,4977.482630138787,4977.482630138787,760.0,14488.0,760.0,14488.0,4796.83984375,2129.704447546962,0,1,0,0,2.0,2.0,2.0,1430.0,715.0,332.34018715767735,950.0,0.0,476.6666666666667,476.6666666666667,0.3989920201595968,0.0,1.0,2.0,0,0,1430.0,4.0,2.0,0.0,0.0
2021-10-15,4800.0,2021,10,15,4,4,41,0,0,0,-0.433883739117558,-0.9009688679024191,-0.8660254037844386,0.5000000000000001,0.10116832198743272,-0.994869323391895,760.0,,,4685.142857142857,4194.5,4194.5,4753.772236465529,4614.743546503966,4614.743546503966,760.0,14488.0,760.0,14488.0,4797.6298828125,2301.981579963287,0,1,0,0,1.0,1.0,1.0,2400.0,2400.0,0.0,2400.0,0.0,1200.0,1200.0,0.49989585503020206,0.0,0.0,1.0,0,0,2400.0,1.0,0.0,0.0,0.0
2021-10-16,380.0,2021,10,16,5,4,41,1,0,0,-0.9749279121818236,-0.2225209339563146,-0.8660254037844386,0.5000000000000001,-0.10116832198743204,-0.9948693233918952,1160.0,,,4573.714285714285,3770.6666666666665,3770.6666666666665,4858.1685751692385,4500.065332859069,4500.065332859069,380.0,14488.0,380.0,14488.0,3693.222412109375,2177.9827683527524,0,1,0,0,1.0,1.0,1.0,190.0,190.0,0.0,190.0,0.0,95.0,95.0,0.49868766404199477,0.0,0.0,1.0,10,0,190.0,1.0,0.0,0.49868766404199477,0.0
2021-10-17,4412.0,2021,10,17,6,4,41,1,0,0,-0.7818314824680299,0.6234898018587334,-0.8660254037844386,0.5000000000000001,-0.2993631229733582,-0.9541392564000488,5448.0,,,4425.714285714285,3834.8,3834.8,4842.851422949284,4247.546763852178,4247.546763852178,380.0,14488.0,380.0,14488.0,3872.9168090820312,2322.1129123299943,0,1,0,0,3.0,1.0,1.0,1148.0,382.6666666666667,501.19989358870913,950.0,0.0,574.0,574.0,0.45259647451167223,0.0,0.0,1.0,10,0,1148.0,1.0,0.0,0.45259647451167223,0.0
2021-10-19,11816.0,2021,10,19,1,4,42,0,0,0,0.7818314824680298,0.6234898018587336,-0.8660254037844386,0.5000000000000001,-0.651372482722222,-0.7587581226927911,1360.0,,,5919.428571428572,4560.363636363636,4560.363636363636,5327.893606831342,4693.437615921347,4693.437615921347,380.0,14488.0,380.0,14488.0,5858.687606811523,2934.621756695801,1,0,0,0,2.0,2.0,1.0,380.0,190.0,0.0,380.0,0.0,126.66666666666667,190.0,0.49934296977660975,0.0,1.0,2.0,0,0,380.0,2.0,2.0,0.0,0.0
2021-10-20,0.0,2021,10,20,2,4,42,0,0,0,0.9749279121818236,-0.22252093395631434,-0.8660254037844386,0.5000000000000001,-0.7907757369376986,-0.6121059825476627,760.0,,,5810.857142857143,4180.333333333333,4180.333333333333,5456.740768033957,4664.638801827549,4664.638801827549,0.0,14488.0,0.0,14488.0,4394.015705108643,2745.2913207799434,0,0,1,0,0.0,0.0,0.0,0.0,0.0,0.0,0.0,0.0,0.0,0.0,0.0,0.0,0.0,0.0,0,0,0.0,0.0,0.0,0.0,0.0
2021-10-21,720.0,2021,10,21,3,4,42,0,0,0,0.43388373911755823,-0.900968867902419,-0.8660254037844386,0.5000000000000001,-0.8978045395707417,-0.44039415155763423,14488.0,,,3844.0,3914.153846153846,3914.153846153846,4127.154952264332,4568.006892985055,4568.006892985055,0.0,11816.0,0.0,14488.0,3475.511778831482,2614.6273646005925,0,0,1,0,1.0,1.0,1.0,360.0,360.0,0.0,0.0,0.0,180.0,180.0,0.0,0.0,0.0,0.0,0,0,360.0,1.0,0.0,0.0,0.0
2021-10-22,5300.0,2021,10,22,4,4,42,0,0,0,-0.433883739117558,-0.9009688679024191,-0.8660254037844386,0.5000000000000001,-0.9680771188662041,-0.2506525322587213,4780.0,,,3918.285714285714,4013.1428571428573,4013.1428571428573,4151.41862155921,4404.40015748487,4404.40015748487,0.0,11816.0,0.0,14488.0,3931.6338341236115,2787.8772120457156,0,0,1,0,1.0,1.0,1.0,1450.0,1450.0,0.0,1450.0,0.0,725.0,725.0,0.49982764563943466,0.0,0.0,1.0,0,0,1450.0,1.0,0.0,0.0,0.0
2021-10-25,4176.0,2021,10,25,0,4,43,0,0,0,0.0,1.0,-0.8660254037844386,0.5000000000000001,-0.9377521321470804,0.3473052528448203,4800.0,760.0,,3829.1428571428573,4257.142857142857,4024.0,4136.0011052775535,4303.788221432957,4244.394488195999,0.0,11816.0,0.0,14488.0,3992.7253755927086,2877.4335209459923,0,0,1,0,5.0,5.0,3.0,1336.0,267.2,86.30874810817267,2184.0,0.0,222.66666666666666,334.0,0.6202783300198808,0.0,1.9219280948873625,4.0,0,0,1336.0,15.0,9.609640474436812,0.0,0.0
2021-10-26,47416.0,2021,10,26,1,4,43,0,0,0,0.7818314824680298,0.6234898018587336,-0.8660254037844386,0.5000000000000001,-0.848644257494751,0.5289640103269624,380.0,1160.0,,10548.57142857143,7561.142857142857,6736.0,16705.7949911315,12219.336950771245,11597.111548427336,0.0,47416.0,0.0,47416.0,14848.544031694531,5750.889422820444,0,0,1,0,2.0,1.0,1.0,288.0,144.0,203.64675298172568,1012.0,0.0,144.0,144.0,0.7778631821675634,0.0,0.0,1.0,0,0,288.0,1.0,0.0,0.0,0.0
2021-10-29,4972.0,2021,10,29,4,4,43,0,0,1,-0.433883739117558,-0.9009688679024191,-0.8660254037844386,0.5000000000000001,-0.3943558551133187,0.9189578116202306,4412.0,5448.0,,10628.57142857143,7527.142857142857,6632.235294117647,16672.81898637363,12226.329236259206,11237.002489150587,0.0,47416.0,0.0,47416.0,12379.408023770899,5700.6384923159,0,1,0,0,2.0,2.0,2.0,1190.0,595.0,502.04581464244876,1190.0,0.0,396.6666666666667,396.6666666666667,0.499790004199916,0.0,1.0,2.0,0,0,1190.0,4.0,2.0,0.0,4972.0
2021-10-30,4456.0,2021,10,30,5,4,43,1,0,1,-0.9749279121818236,-0.2225209339563146,-0.8660254037844386,0.5000000000000001,-0.20129852008866114,0.9795299412524943,11816.0,1360.0,,9577.142857142857,7748.285714285715,6511.333333333333,16816.903672877987,12133.850472817905,10913.55468052027,0.0,47416.0,0.0,47416.0,10398.556017828174,5620.339234747133,0,1,0,0,2.0,2.0,2.0,730.0,365.0,289.9137802864845,570.0,0.0,243.33333333333334,243.33333333333334,0.43812451960030746,0.0,0.0,1.0,10,0,730.0,4.0,0.0,0.43812451960030746,4456.0
2021-10-31,28888.0,2021,10,31,6,4,43,1,0,1,-0.7818314824680299,0.6234898018587334,-0.8660254037844386,0.5000000000000001,-2.4492935982947064e-16,1.0,0.0,760.0,,13704.0,9757.42857142857,7689.0526315789475,17601.232835609368,13172.034675573304,11783.128868917647,720.0,47416.0,0.0,47416.0,15020.91701337113,7121.478638956995,0,1,0,0,4.0,4.0,3.0,1604.0,401.0,207.1360261599448,1952.0,0.0,320.8,401.0,0.5487770593196514,0.0,2.0,4.0,10,0,1604.0,12.0,8.0,0.5487770593196514,28888.0
2021-11-02,580.0,2021,11,2,1,4,44,0,1,0,0.7818314824680298,0.6234898018587336,-0.5000000000000004,0.8660254037844384,0.39435585511331855,0.9189578116202306,720.0,14488.0,,13684.0,8764.0,7333.6,17618.516320432132,13311.541412219352,11578.496322698249,580.0,47416.0,0.0,47416.0,11410.687760028348,6699.447759024286,0,1,0,0,1.0,1.0,1.0,290.0,290.0,0.0,290.0,0.0,145.0,145.0,0.4991394148020654,0.0,0.0,1.0,0,0,290.0,1.0,0.0,0.0,0.0
2021-11-03,280.0,2021,11,3,2,4,44,0,1,0,0.9749279121818236,-0.22252093395631434,-0.5000000000000004,0.8660254037844384,0.5712682150947923,0.8207634412072763,5300.0,4780.0,,12966.857142857143,8442.57142857143,6997.714285714285,18111.913238055695,13468.545474059669,11389.806921729873,280.0,47416.0,0.0,47416.0,8628.01582002126,6285.289839087235,0,1,0,0,1.0,1.0,1.0,140.0,140.0,0.0,340.0,0.0,70.0,70.0,0.7068607068607069,0.0,0.0,1.0,0,0,140.0,1.0,0.0,0.0,0.0
2021-11-04,760.0,2021,11,4,3,4,44,0,0,0,0.43388373911755823,-0.900968867902419,-0.5000000000000004,0.8660254037844384,0.7247927872291199,0.6889669190756866,4176.0,4800.0,,12478.857142857143,8154.0,6714.181818181818,18431.44772238082,13595.276532678548,11194.58738105316,280.0,47416.0,0.0,47416.0,6661.011865015946,5928.819526888059,1,0,0,1,1.0,1.0,1.0,380.0,380.0,0.0,0.0,0.0,190.0,190.0,0.0,0.0,0.0,1.0,0,0,380.0,1.0,0.0,0.0,0.0
2021-11-05,180.0,2021,11,5,4,4,44,0,0,0,-0.433883739117558,-0.9009688679024191,-0.5000000000000004,0.8660254037844384,0.8486442574947509,0.5289640103269624,47416.0,380.0,,5730.857142857143,8139.714285714285,6430.086956521739,10410.08324380056,13604.175871505675,11021.742404377745,180.0,28888.0,0.0,47416.0,5040.758898761959,5557.927944508185,0,0,1,0,2.0,2.0,1.0,390.0,195.0,148.49242404917499,90.0,0.0,130.0,195.0,0.18711018711018712,0.0,1.0,2.0,0,0,390.0,2.0,2.0,0.0,0.0
2021-11-06,576.0,2021,11,6,5,4,44,1,0,0,-0.9749279121818236,-0.2225209339563146,-0.5000000000000004,0.8660254037844384,0.9377521321470804,0.3473052528448203,4972.0,4412.0,,5102.857142857143,7865.714285714285,6186.166666666667,10594.456088423032,13723.140677918234,10845.508241410025,180.0,28888.0,0.0,47416.0,3924.569174071469,5236.513238410883,0,0,1,0,2.0,2.0,2.0,288.0,144.0,203.64675298172568,0.0,0.0,96.0,96.0,0.0,0.0,1.0,2.0,11,0,288.0,4.0,2.0,0.0,0.0
2021-11-07,9548.0,2021,11,7,6,4,44,1,0,0,-0.7818314824680299,0.6234898018587334,-0.5000000000000004,0.8660254037844384,0.9884683243281114,0.1514277775045767,4456.0,11816.0,,5830.285714285715,7703.714285714285,6320.64,10716.745490341831,13686.258079540232,10638.424800693005,180.0,28888.0,0.0,47416.0,5330.426880553602,5514.673674642439,0,0,1,0,6.0,4.0,3.0,1734.0,289.0,57.9068217052188,512.0,0.0,346.8,433.5,0.22785936804628393,0.0,2.584962500721156,6.0,11,0,1734.0,12.0,15.509775004326936,0.22785936804628393,0.0
2021-11-08,3254.0,2021,11,8,0,4,45,0,0,0,0.0,1.0,-0.5000000000000004,0.8660254037844384,0.9987165071710528,-0.05064916883871264,28888.0,0.0,,2168.285714285714,7936.142857142857,6202.692307692308,3420.505699175972,13572.52315898186,10440.820947681197,180.0,9548.0,0.0,47416.0,4811.320160415202,5368.823760149379,0,0,1,0,4.0,3.0,2.0,487.0,121.75,45.50000000000001,190.0,0.0,121.75,162.33333333333334,0.28023598820059,0.0,0.8112781244591328,2.0,0,0,487.0,6.0,3.2451124978365313,0.0,0.0
2021-11-09,734.0,2021,11,9,1,4,45,0,0,0,0.7818314824680298,0.6234898018587336,-0.5000000000000004,0.8660254037844384,0.9680771188662043,-0.2506525322587204,580.0,720.0,,2190.285714285714,7937.142857142857,6000.148148148148,3409.063689357432,13571.951091849707,10292.019864938316,180.0,9548.0,0.0,47416.0,3791.9901203114014,5069.802872397807,0,0,1,0,3.0,3.0,2.0,367.0,122.33333333333333,135.51506681300546,380.0,0.0,91.75,122.33333333333333,0.5080213903743316,0.0,1.0,2.0,0,0,367.0,6.0,3.0,0.0,0.0
2021-11-10,8000.0,2021,11,10,2,4,45,0,0,0,0.9749279121818236,-0.22252093395631434,-0.5000000000000004,0.8660254037844384,0.8978045395707416,-0.4403941515576344,280.0,5300.0,,3293.1428571428573,8130.0,6071.571428571428,3901.2780567642876,13550.761681685875,10106.697571883897,180.0,9548.0,0.0,47416.0,4843.992590233551,5258.847848372142,0,0,1,0,1.0,1.0,1.0,4000.0,4000.0,0.0,4000.0,0.0,2000.0,2000.0,0.4999375078115236,0.0,0.0,1.0,0,0,4000.0,1.0,0.0,0.0,0.0
2021-11-11,4960.0,2021,11,11,3,4,45,0,0,0,0.43388373911755823,-0.900968867902419,-0.5000000000000004,0.8660254037844384,0.7907757369376989,-0.6121059825476626,760.0,4176.0,,3893.1428571428573,8186.0,6033.241379310345,3767.435530462404,13534.77494911079,9926.726282599677,180.0,9548.0,0.0,47416.0,4872.994442675163,5239.5673420255525,0,0,1,0,12.0,12.0,4.0,2071.0,172.58333333333334,95.4562806480093,190.0,0.0,159.30769230769232,414.2,0.08399646330680813,0.0,1.896240625180289,5.0,0,0,2071.0,48.0,22.75488750216347,0.0,0.0
2021-11-12,2592.0,2021,11,12,4,4,45,0,0,0,-0.433883739117558,-0.9009688679024191,-0.5000000000000004,0.8660254037844384,0.6513724827222223,-0.7587581226927909,180.0,47416.0,,4237.714285714285,4984.285714285715,5918.533333333334,3469.7708720839137,7494.911211344275,9774.287972068327,576.0,9548.0,0.0,47416.0,4302.745832006372,5068.756545765839,0,0,0,0,4.0,2.0,2.0,1619.0,404.75,496.13665792131644,0.0,0.0,539.6666666666666,539.6666666666666,0.0,0.0,0.0,1.0,0,0,1619.0,4.0,0.0,0.0,0.0
2021-11-13,6216.0,2021,11,13,5,4,45,1,0,0,-0.9749279121818236,-0.2225209339563146,-0.5000000000000004,0.8660254037844384,0.48530196253108104,-0.8743466161445821,576.0,4972.0,760.0,5043.428571428572,5073.142857142857,6100.4,3114.404536833273,7502.125102592272,9725.63305483203,734.0,9548.0,0.0,47416.0,4781.059374004779,5142.772252490624,0,0,0,0,5.0,5.0,3.0,509.0,101.8,87.29948453456068,240.0,0.0,84.83333333333333,127.25,0.32,0.0,1.584962500721156,3.0,11,0,509.0,15.0,7.92481250360578,0.32,0.0
2021-11-14,12770.0,2021,11,14,6,4,45,1,0,0,-0.7818314824680299,0.6234898018587334,-0.5000000000000004,0.8660254037844384,0.29936312297335804,-0.9541392564000488,9548.0,4456.0,1160.0,5503.714285714285,5667.0,6487.4,4002.5574205452644,7773.662981751022,9753.219014501194,734.0,12770.0,0.0,47416.0,6778.294530503585,5634.851462007358,0,0,0,0,8.0,7.0,5.0,9297.0,1162.125,2775.333361572469,1000.0,0.0,1162.125,1549.5,0.09710623422023694,0.0,1.7924812503605778,4.0,11,0,9297.0,35.0,14.339850002884623,0.09710623422023694,0.0
2021-11-16,0.0,2021,11,16,1,4,46,0,0,0,0.7818314824680298,0.6234898018587336,-0.5000000000000004,0.8660254037844384,-0.10116832198743204,-0.9948693233918952,3254.0,28888.0,5448.0,5038.857142857143,3603.5714285714284,6305.8,4469.149935150666,4103.27817753048,9823.704271495204,0.0,12770.0,0.0,47416.0,5083.720897877689,5271.312658006884,0,0,0,0,0.0,0.0,0.0,0.0,0.0,0.0,0.0,0.0,0.0,0.0,0.0,0.0,0.0,0.0,0,0,0.0,0.0,0.0,0.0,0.0
2021-11-17,576.0,2021,11,17,2,4,46,0,0,0,0.9749279121818236,-0.22252093395631434,-0.5000000000000004,0.8660254037844384,-0.2993631229733582,-0.9541392564000488,734.0,580.0,1360.0,5016.285714285715,3603.285714285714,6279.666666666667,4494.840364769584,4103.505038914374,9838.346834543983,0.0,12770.0,0.0,47416.0,3956.7906734082667,4968.389260716117,0,0,0,0,1.0,1.0,1.0,288.0,288.0,0.0,0.0,0.0,144.0,144.0,0.0,0.0,0.0,1.0,0,0,288.0,1.0,0.0,0.0,0.0
2021-11-19,198.0,2021,11,19,4,4,46,0,0,0,-0.433883739117558,-0.9009688679024191,-0.5000000000000004,0.8660254037844384,-0.651372482722222,-0.7587581226927911,8000.0,280.0,760.0,3901.714285714286,3597.4285714285716,6260.933333333333,4597.807075635294,4108.6686916302315,9849.74777528753,0.0,12770.0,0.0,47416.0,3017.0930050562,4660.622211637658,0,0,0,0,1.0,1.0,1.0,99.0,99.0,0.0,0.0,0.0,49.5,49.5,0.0,0.0,0.0,1.0,0,0,99.0,1.0,0.0,0.0,0.0
2021-11-20,2275.2,2021,11,20,5,4,46,1,0,0,-0.9749279121818236,-0.2225209339563146,-0.5000000000000004,0.8660254037844384,-0.7907757369376986,-0.6121059825476627,4960.0,760.0,14488.0,3518.171428571429,3705.657142857143,5853.84,4606.785278880964,4047.680807899434,9749.86843531394,0.0,12770.0,0.0,47416.0,2831.61975379215,4506.724004435229,0,0,0,0,3.0,2.0,3.0,770.0,256.6666666666667,149.77761292440647,90.0,0.0,256.6666666666667,192.5,0.10452961672473868,0.0,1.584962500721156,3.0,11,0,770.0,6.0,4.754887502163468,0.10452961672473868,0.0
2021-11-21,1160.0,2021,11,21,6,4,46,1,0,0,-0.7818314824680299,0.6234898018587334,-0.5000000000000004,0.8660254037844384,-0.8978045395707417,-0.44039415155763423,2592.0,180.0,4780.0,3313.6,3775.657142857143,5733.173333333334,4685.884056041799,3990.0826191011133,9785.951029389491,0.0,12770.0,0.0,47416.0,2413.714815344112,4290.806326729731,0,0,0,0,6.0,4.0,3.0,1140.0,190.0,121.98360545581525,280.0,0.0,228.0,285.0,0.19704433497536947,0.0,1.5219280948873626,3.0,11,0,1140.0,12.0,9.131568569324175,0.19704433497536947,0.0
2021-11-22,756.0,2021,11,22,0,4,47,0,0,0,0.0,1.0,-0.5000000000000004,0.8660254037844384,-0.9680771188662041,-0.2506525322587213,6216.0,576.0,4800.0,2533.6,3788.5142857142855,5598.373333333334,4575.362432274273,3979.2546667506963,9827.015191523662,0.0,12770.0,0.0,47416.0,1999.286111508084,4062.754305650394,0,0,0,0,2.0,2.0,1.0,99.0,49.5,70.0035713374682,0.0,0.0,33.0,49.5,0.0,0.0,0.0,1.0,0,0,99.0,2.0,0.0,0.0,0.0
2021-11-23,0.0,2021,11,23,1,4,47,0,0,0,0.7818314824680298,0.6234898018587336,-0.5000000000000004,0.8660254037844384,-0.9987165071710528,-0.05064916883871355,12770.0,9548.0,380.0,709.3142857142857,3106.5142857142855,5585.706666666667,810.6338824825123,3726.3872887736884,9834.215692056236,0.0,2275.2,0.0,47416.0,1499.464583631063,3800.6411246406915,0,0,0,0,0.0,0.0,0.0,0.0,0.0,0.0,0.0,0.0,0.0,0.0,0.0,0.0,0.0,0.0,0,0,0.0,0.0,0.0,0.0,0.0
2021-11-24,5198.0,2021,11,24,2,4,47,0,0,0,0.9749279121818236,-0.22252093395631434,-0.5000000000000004,0.8660254037844384,-0.9884683243281114,0.15142777750457667,0.0,3254.0,4412.0,1451.8857142857144,3245.371428571428,5611.906666666667,1813.2866177456149,3768.2900744601366,9832.027689242084,0.0,5198.0,0.0,47416.0,2424.098437723297,3890.793310147744,0,0,0,0,2.0,2.0,2.0,99.0,49.5,70.0035713374682,0.0,0.0,33.0,33.0,0.0,0.0,0.0,1.0,0,0,99.0,4.0,0.0,0.0,0.0
2021-11-25,1436.0,2021,11,25,3,4,47,0,0,0,0.43388373911755823,-0.900968867902419,-0.5000000000000004,0.8660254037844384,-0.9377521321470804,0.3473052528448203,576.0,734.0,11816.0,1574.7428571428572,3295.5142857142855,5265.906666666667,1772.7318643430642,3736.841213739668,9788.716636636687,0.0,5198.0,0.0,47416.0,2177.073828292473,3732.419548202728,0,0,0,0,2.0,2.0,1.0,660.0,330.0,70.71067811865476,0.0,0.0,220.0,330.0,0.0,0.0,1.0,2.0,0,0,660.0,2.0,2.0,0.0,0.0
2021-11-27,9117.6,2021,11,27,5,4,47,1,0,0,-0.9749279121818236,-0.2225209339563146,-0.5000000000000004,0.8660254037844384,-0.72479278722912,0.6889669190756865,198.0,8000.0,0.0,2848.9714285714285,3375.342857142857,5569.826666666666,3227.2055350898195,3855.1369241799807,9761.085609314563,0.0,9117.6,0.0,47416.0,3912.2053712193547,4079.850545092875,0,0,0,0,6.0,5.0,4.0,1654.8,275.8,454.26010170385865,137.2,0.0,275.8,330.96,0.07651979921918571,0.0,1.0,2.0,11,0,1654.8000000000002,20.0,6.0,0.07651979921918571,0.0
2021-11-28,5972.0,2021,11,28,6,4,47,1,0,1,-0.7818314824680299,0.6234898018587334,-0.5000000000000004,0.8660254037844384,-0.5712682150947924,0.8207634412072763,2275.2,4960.0,720.0,3377.085714285714,3447.628571428572,5744.8933333333325,3414.696040854683,3896.4025426674734,9718.106901035513,0.0,9117.6,0.0,47416.0,4427.154028414516,4201.92470347398,0,0,0,0,6.0,6.0,3.0,3079.0,513.1666666666666,872.3027952876607,140.0,0.0,439.85714285714283,769.75,0.043478260869565216,0.0,2.3219280948873626,5.0,11,0,3079.0,18.0,13.931568569324176,0.043478260869565216,5972.0
2021-11-29,752.0,2021,11,29,0,4,48,0,0,1,0.0,1.0,-0.5000000000000004,0.8660254037844384,-0.3943558551133187,0.9189578116202306,1160.0,2592.0,5300.0,3318.7999999999997,3316.2000000000003,5593.293333333333,3462.001340265494,3958.0285558887554,9760.667069167275,0.0,9117.6,0.0,47416.0,3508.365521310887,3979.3489161530783,0,0,0,0,6.0,6.0,3.0,759.0,126.5,165.28006534364633,0.0,0.0,108.42857142857143,189.75,0.0,0.0,2.0,4.0,0,0,759.0,18.0,12.0,0.0,752.0
2021-11-30,4160.0,2021,11,30,1,4,48,0,0,1,0.7818314824680298,0.6234898018587336,-0.5000000000000004,0.8660254037844384,-0.20129852008866114,0.9795299412524943,756.0,6216.0,4176.0,3805.085714285714,3169.342857142857,5592.759999999999,3276.1022752800795,3879.5230749141406,9760.747618822283,0.0,9117.6,0.0,47416.0,3671.274140983165,3991.003824788364,0,0,0,0,2.0,2.0,1.0,1140.0,570.0,806.1017305526642,0.0,0.0,380.0,570.0,0.0,0.0,0.0,1.0,0,0,1140.0,2.0,0.0,0.0,4160.0
2021-12-01,376.0,2021,12,1,2,4,48,0,1,0,0.9749279121818236,-0.22252093395631434,-2.4492935982947064e-16,1.0,0.20129852008866006,0.9795299412524945,0.0,12770.0,47416.0,3858.7999999999997,2284.057142857143,4024.76,3205.64168511289,2777.893589841695,5774.9939216925795,376.0,9117.6,0.0,28888.0,2847.455605737374,3757.7777715762118,0,0,0,0,2.0,2.0,1.0,288.0,144.0,203.64675298172568,0.0,0.0,96.0,144.0,0.0,0.0,0.0,1.0,0,0,288.0,2.0,0.0,0.0,0.0
2021-12-02,580.0,2021,12,2,3,4,48,0,1,0,0.43388373911755823,-0.900968867902419,-2.4492935982947064e-16,1.0,0.39435585511331855,0.9189578116202306,5198.0,0.0,4972.0,3199.085714285714,2325.485714285714,3878.36,3355.7747219922235,2745.3439114413286,5805.740940304783,376.0,9117.6,0.0,28888.0,2280.5917043030304,3552.7598508293595,0,0,0,0,1.0,1.0,1.0,190.0,190.0,0.0,190.0,0.0,95.0,95.0,0.49868766404199477,0.0,0.0,1.0,0,0,190.0,1.0,0.0,0.0,0.0
2021-12-03,3176.0,2021,12,3,4,4,48,0,1,0,-0.433883739117558,-0.9009688679024191,-2.4492935982947064e-16,1.0,0.5712682150947923,0.8207634412072763,1436.0,576.0,4456.0,3447.657142857143,2511.2000000000003,3835.6933333333336,3266.67239805135,2705.5454254606097,5806.052835644788,376.0,9117.6,0.0,28888.0,2504.4437782272726,3528.4527636790785,0,0,0,0,3.0,3.0,2.0,968.0,322.6666666666667,160.3163539172886,500.0,0.0,242.0,322.6666666666667,0.34036759700476515,0.0,1.584962500721156,3.0,0,0,968.0,6.0,4.754887502163468,0.0,0.0
2021-12-04,936.0,2021,12,4,5,4,48,1,0,0,-0.9749279121818236,-0.2225209339563146,-2.4492935982947064e-16,1.0,0.7247927872291199,0.6889669190756866,9117.6,198.0,28888.0,2278.8571428571427,2563.914285714286,2903.96,2184.201107084822,2663.877253714443,3385.280400712518,376.0,5972.0,0.0,12770.0,2112.3328336704544,3361.1977466675253,0,0,0,0,4.0,3.0,2.0,568.0,142.0,124.48293055676348,280.0,0.0,142.0,189.33333333333334,0.3297997644287397,0.0,1.584962500721156,3.0,12,0,568.0,6.0,6.339850002884624,0.3297997644287397,0.0
2021-12-05,0.0,2021,12,5,6,4,48,1,0,0,-0.7818314824680299,0.6234898018587334,-2.4492935982947064e-16,1.0,0.8486442574947509,0.5289640103269624,5972.0,2275.2,580.0,1425.7142857142858,2401.4000000000005,2884.6266666666666,1585.5242786205856,2750.827768005629,3400.631577337015,0.0,4160.0,0.0,12770.0,1584.2496252528408,3144.346279140588,0,0,0,0,0.0,0.0,0.0,0.0,0.0,0.0,0.0,0.0,0.0,0.0,0.0,0.0,0.0,0.0,12,0,0.0,0.0,0.0,0.0,0.0
2021-12-06,376.0,2021,12,6,0,4,49,0,0,0,0.0,1.0,-2.4492935982947064e-16,1.0,0.9377521321470804,0.3473052528448203,752.0,1160.0,280.0,1372.0,2345.4,2887.826666666667,1618.1849914848294,2785.8013833890545,3398.1403590720106,0.0,4160.0,0.0,12770.0,1282.1872189396306,2965.743293389583,0,0,0,0,1.0,1.0,1.0,0.0,0.0,0.0,0.0,0.0,0.0,0.0,0.0,0.0,0.0,0.0,0,0,0.0,1.0,0.0,0.0,0.0
2021-12-07,2956.4,2021,12,7,1,4,49,0,0,0,0.7818314824680298,0.6234898018587336,-2.4492935982947064e-16,1.0,0.9884683243281114,0.1514277775045767,4160.0,756.0,760.0,1200.0571428571427,2502.5714285714284,2961.04,1306.494351125906,2751.0871997556533,3374.2924127319966,0.0,3176.0,0.0,12770.0,1700.740414204723,2965.1405002676747,0,0,0,0,4.0,3.0,3.0,340.2,85.05,117.99156749530874,397.8,0.0,85.05,85.05,0.5382949932341001,0.0,1.0,2.0,0,0,340.2,9.0,4.0,0.0,0.0
2021-12-08,756.0,2021,12,8,2,4,49,0,0,0,0.9749279121818236,-0.22252093395631434,-2.4492935982947064e-16,1.0,0.9987165071710528,-0.05064916883871264,376.0,0.0,180.0,1254.3428571428572,2556.5714285714284,2980.24,1274.039045525647,2705.2239228882872,3359.5288464409705,0.0,3176.0,0.0,12770.0,1464.5553106535422,2822.6153067020186,0,0,0,0,1.0,1.0,1.0,0.0,0.0,0.0,0.0,0.0,0.0,0.0,0.0,0.0,0.0,0.0,0,0,0.0,1.0,0.0,0.0,0.0
2021-12-09,1308.0,2021,12,9,3,4,49,0,0,0,0.43388373911755823,-0.900968867902419,-2.4492935982947064e-16,1.0,0.9680771188662043,-0.2506525322587204,580.0,5198.0,576.0,1358.3428571428572,2278.714285714286,3004.64,1239.0508287356768,2611.1888771377635,3344.087648744092,0.0,3176.0,0.0,12770.0,1425.4164829901565,2724.898190140598,0,0,0,0,5.0,4.0,3.0,278.0,55.6,83.64687680959761,90.0,0.0,55.6,69.5,0.24390243902439024,0.0,1.0,2.0,0,0,278.0,12.0,5.0,0.0,0.0
2021-12-10,16816.0,2021,12,10,4,4,49,0,0,0,-0.433883739117558,-0.9009688679024191,-2.4492935982947064e-16,1.0,0.8978045395707416,-0.4403941515576344,3176.0,1436.0,9548.0,3306.914285714286,3377.285714285714,3246.9066666666668,6031.421257445212,4660.509014599681,4027.8429869522297,0.0,16816.0,0.0,16816.0,5273.062362242617,3634.001532712173,0,0,0,0,7.0,5.0,5.0,900.0,128.57142857142858,340.1680257083045,1280.0,0.0,150.0,150.0,0.5868867491976157,0.0,1.584962500721156,3.0,0,0,900.0000000000001,25.0,11.094737505048093,0.0,0.0
2021-12-11,3912.0,2021,12,11,5,4,49,1,0,0,-0.9749279121818236,-0.2225209339563146,-2.4492935982947064e-16,1.0,0.7907757369376989,-0.6121059825476626,936.0,9117.6,3254.0,3732.057142857143,3005.457142857143,3268.8399999999997,5940.649842920432,4365.631472820807,4029.674075089486,0.0,16816.0,0.0,16816.0,4932.796771681963,3651.9369176984846,0,0,0,0,4.0,4.0,3.0,1347.0,336.75,389.02559898632205,0.0,0.0,269.4,336.75,0.0,0.0,1.584962500721156,3.0,12,0,1347.0,12.0,6.339850002884624,0.0,0.0
2021-12-12,3336.2,2021,12,12,6,4,49,1,0,0,-0.7818314824680299,0.6234898018587334,-2.4492935982947064e-16,1.0,0.6513724827222223,-0.7587581226927909,0.0,5972.0,734.0,4208.657142857143,2817.1857142857143,3355.58,5721.106285459473,4283.926708030878,4001.134882574162,376.0,16816.0,0.0,16816.0,4533.647578761473,3631.566793976002,0,0,0,0,2.0,2.0,1.0,250.8,125.4,177.34238072158612,79.2,0.0,83.60000000000001,125.4,0.2392749244712991,0.0,0.0,0.0,12,0,250.8,2.0,0.0,0.2392749244712991,0.0
2021-12-13,0.0,2021,12,13,0,4,50,0,0,0,0.0,1.0,-2.4492935982947064e-16,1.0,0.48530196253108104,-0.8743466161445821,376.0,752.0,8000.0,4154.942857142857,2763.4714285714285,3088.913333333333,5764.6867561204535,4316.404439314778,3947.147712107495,0.0,16816.0,0.0,16816.0,3400.2356840711045,3397.2721621065825,0,0,0,0,1.0,1.0,1.0,380.0,380.0,0.0,0.0,0.0,190.0,190.0,0.0,0.0,0.0,1.0,0,0,380.0,1.0,0.0,0.0,0.0
2021-12-14,0.0,2021,12,14,1,4,50,0,0,0,0.7818314824680298,0.6234898018587336,-2.4492935982947064e-16,1.0,0.29936312297335804,-0.9541392564000488,2956.4,4160.0,4960.0,3732.6,2466.328571428571,2923.58,5971.712639882583,4355.879163123826,3969.8851008648844,0.0,16816.0,0.0,16816.0,2550.1767630533286,3178.093312938416,0,0,0,0,0.0,0.0,0.0,0.0,0.0,0.0,0.0,0.0,0.0,0.0,0.0,0.0,0.0,0.0,0,0,0.0,0.0,0.0,0.0,0.0
2021-12-15,4296.0,2021,12,15,2,4,50,0,0,0,0.9749279121818236,-0.22252093395631434,-2.4492935982947064e-16,1.0,0.10116832198743272,-0.994869323391895,756.0,376.0,2592.0,4238.314285714286,2746.328571428571,2980.3799999999997,5825.735354851092,4337.125126239662,3977.1608651363904,0.0,16816.0,0.0,16816.0,2986.6325722899965,3250.2163250069057,0,0,0,0,5.0,5.0,4.0,2539.0,507.8,789.2554719480886,0.0,0.0,423.1666666666667,507.8,0.0,0.0,2.0,4.0,0,0,2539.0,20.0,10.0,0.0,0.0
2021-12-16,6940.0,2021,12,16,3,4,50,0,0,0,0.43388373911755823,-0.900968867902419,-2.4492935982947064e-16,1.0,-0.10116832198743204,-0.9948693233918952,1308.0,580.0,6216.0,5042.885714285714,3200.6142857142854,3004.5133333333333,5741.895333838991,4424.9567587382535,3999.6048472691496,0.0,16816.0,0.0,16816.0,3974.9744292174973,3488.2668846838797,0,0,0,0,3.0,3.0,3.0,2780.0,926.6666666666666,940.2836451482783,900.0,0.0,695.0,695.0,0.24449877750611246,0.0,1.0,2.0,0,0,2780.0,9.0,3.0,0.0,0.0
2021-12-17,756.0,2021,12,17,4,4,50,0,0,0,-0.433883739117558,-0.9009688679024191,-2.4492935982947064e-16,1.0,-0.2993631229733582,-0.9541392564000488,16816.0,3176.0,12770.0,2748.6,3027.7571428571428,2604.0466666666666,2605.7984291447824,4472.999071129987,3566.067112789602,0.0,6940.0,0.0,16816.0,3170.230821913123,3311.991601801049,0,0,0,0,3.0,2.0,2.0,490.0,163.33333333333334,151.7673658377628,190.0,0.0,163.33333333333334,163.33333333333334,0.2790014684287812,0.0,1.0,2.0,0,0,490.0,4.0,3.0,0.0,0.0
2021-12-18,1060.0,2021,12,18,5,4,50,1,0,0,-0.9749279121818236,-0.2225209339563146,-2.4492935982947064e-16,1.0,-0.4853019625310808,-0.8743466161445822,3912.0,936.0,0.0,2341.171428571429,3036.6142857142854,2639.3799999999997,2616.5179416636347,4468.659159740662,3544.562482937535,0.0,6940.0,0.0,16816.0,2642.673116434842,3166.7018210396914,0,1,0,0,2.0,2.0,1.0,530.0,265.0,106.06601717798213,530.0,0.0,176.66666666666666,265.0,0.49952874646559847,0.0,1.0,2.0,12,0,530.0,2.0,2.0,0.49952874646559847,0.0
2021-12-19,12994.0,2021,12,19,6,4,50,1,0,0,-0.7818314824680299,0.6234898018587334,-2.4492935982947064e-16,1.0,-0.651372482722222,-0.7587581226927911,3336.2,0.0,576.0,3720.8571428571427,3964.757142857143,3053.313333333333,4834.682734457063,5094.975704435818,3992.1222722216116,0.0,12994.0,0.0,16816.0,5230.504837326132,3800.7210583919696,0,1,0,0,7.0,7.0,3.0,4257.0,608.1428571428571,872.3092778312496,301.0,0.0,532.125,1064.25,0.06602325071287563,0.0,2.0,4.0,12,0,4257.0,21.0,14.0,0.06602325071287563,0.0
2021-12-20,4284.0,2021,12,20,0,4,51,0,0,0,0.0,1.0,-2.4492935982947064e-16,1.0,-0.7907757369376986,-0.6121059825476627,0.0,376.0,198.0,4332.857142857143,4243.900000000001,3189.5133333333333,4547.810587838638,4989.187959670704,3960.9273953015854,0.0,12994.0,0.0,16816.0,4993.878627994599,3831.9003449473266,0,1,0,0,3.0,3.0,3.0,566.0,188.66666666666666,188.00354606584773,190.0,0.0,141.5,141.5,0.2509907529722589,0.0,1.0,2.0,0,0,566.0,9.0,3.0,0.0,0.0
2021-12-21,2776.0,2021,12,21,1,4,51,0,0,0,0.7818314824680298,0.6234898018587336,-2.4492935982947064e-16,1.0,-0.8978045395707417,-0.44039415155763423,0.0,2956.4,2275.2,4729.428571428572,4231.0142857142855,3206.206666666667,4215.937177628997,4993.000516393258,3957.9953715654287,756.0,12994.0,0.0,16816.0,4439.408970995949,3763.777742047499,0,1,0,0,1.0,1.0,1.0,0.0,0.0,0.0,0.0,0.0,0.0,0.0,0.0,0.0,0.0,0.0,0,0,0.0,1.0,0.0,0.0,0.0
2021-12-22,3760.0,2021,12,22,2,4,51,0,0,0,0.9749279121818236,-0.22252093395631434,-2.4492935982947064e-16,1.0,-0.9680771188662041,-0.2506525322587213,4296.0,756.0,1160.0,4652.857142857143,4445.585714285714,3292.873333333334,4229.96546197766,4895.777314232081,3940.0703891781154,756.0,12994.0,0.0,16816.0,4269.556728246962,3763.534016754112,0,1,0,0,1.0,1.0,1.0,0.0,0.0,0.0,0.0,0.0,0.0,0.0,0.0,0.0,0.0,0.0,0,0,0.0,1.0,0.0,0.0,0.0
2021-12-23,0.0,2021,12,23,3,4,51,0,0,0,0.43388373911755823,-0.900968867902419,-2.4492935982947064e-16,1.0,-0.9987165071710528,-0.05064916883871355,6940.0,1308.0,756.0,3661.4285714285716,4352.157142857142,3267.6733333333336,4413.864325703086,4972.14429283697,3959.2263383866725,0.0,12994.0,0.0,16816.0,3202.1675461852215,3520.7253705119115,0,1,0,0,2.0,2.0,2.0,0.0,0.0,0.0,0.0,0.0,0.0,0.0,0.0,0.0,0.0,0.0,0,0,0.0,4.0,0.0,0.0,0.0
2021-12-24,6156.0,2021,12,24,4,4,51,0,0,0,-0.433883739117558,-0.9009688679024191,-2.4492935982947064e-16,1.0,-0.9884683243281114,0.15142777750457667,756.0,16816.0,0.0,4432.857142857143,3590.7285714285713,3472.873333333334,4291.636184820099,3521.1283922210982,3943.524825709676,0.0,12994.0,0.0,16816.0,3940.625659638916,3690.743088543401,0,1,0,0,3.0,3.0,3.0,1988.0,662.6666666666666,989.4348555278075,0.0,0.0,497.0,497.0,0.0,0.0,0.0,1.0,0,0,1988.0,9.0,0.0,0.0,0.0
2021-12-25,376.0,2021,12,25,5,4,51,1,0,0,-0.9749279121818236,-0.2225209339563146,-2.4492935982947064e-16,1.0,-0.9377521321470804,0.3473052528448203,1060.0,3912.0,5198.0,4335.142857142857,3338.157142857143,3312.1400000000003,4387.936775166344,3621.69381212593,3968.9734613581813,0.0,12994.0,0.0,16816.0,3049.4692447291873,3476.8886957341497,1,1,0,1,1.0,1.0,1.0,0.0,0.0,0.0,0.0,0.0,0.0,0.0,0.0,0.0,0.0,0.0,12,1,0.0,1.0,0.0,0.0,0.0
2021-12-26,556.0,2021,12,26,6,4,51,1,0,0,-0.7818314824680299,0.6234898018587334,-2.4492935982947064e-16,1.0,-0.848644257494751,0.5289640103269624,12994.0,3336.2,1436.0,2558.285714285714,3139.5714285714284,3282.806666666667,2335.5762825111606,3697.2437283486233,3986.530566790382,0.0,6156.0,0.0,16816.0,2426.1019335468905,3288.4442637513016,0,1,1,0,2.0,2.0,2.0,90.0,45.0,63.63961030678928,90.0,0.0,30.0,30.0,0.4972375690607735,0.0,0.0,0.0,12,0,90.0,4.0,0.0,0.4972375690607735,0.0
2021-12-27,7918.0,2021,12,27,0,4,52,0,0,0,0.0,1.0,-2.4492935982947064e-16,1.0,-0.72479278722912,0.6889669190756865,4284.0,0.0,9117.6,3077.4285714285716,3705.1428571428573,3242.82,3071.1393573690257,3784.6168560704778,3931.6250427561895,0.0,7918.0,0.0,16816.0,3799.076450160168,3587.1252789931536,0,1,1,0,8.0,8.0,4.0,1735.0,216.875,184.40904649330906,190.0,0.0,192.77777777777777,347.0,0.09865005192107996,0.0,1.4591479170272446,3.0,0,0,1735.0,32.0,11.673183336217956,0.0,0.0
2021-12-28,840.0,2021,12,28,1,4,52,0,0,0,0.7818314824680298,0.6234898018587336,-2.4492935982947064e-16,1.0,-0.5712682150947924,0.8207634412072763,2776.0,0.0,5972.0,2800.8571428571427,3765.1428571428573,3071.7533333333336,3187.767422955637,3727.587193576339,3920.414277786378,0.0,7918.0,0.0,16816.0,3059.307337620126,3409.8913900258535,0,1,1,0,2.0,2.0,2.0,380.0,190.0,268.70057685088807,0.0,0.0,126.66666666666667,126.66666666666667,0.0,0.0,0.0,1.0,0,0,380.0,4.0,0.0,0.0,0.0
2021-12-29,2360.0,2021,12,29,2,4,52,0,0,1,0.9749279121818236,-0.22252093395631434,-2.4492935982947064e-16,1.0,-0.3943558551133187,0.9189578116202306,3760.0,4296.0,752.0,2600.8571428571427,3626.8571428571427,3125.3533333333335,3161.370136959167,3742.260502734906,3898.536169378713,0.0,7918.0,0.0,16816.0,2884.4805032150944,3342.156461637089,0,1,1,0,2.0,2.0,1.0,0.0,0.0,0.0,0.0,0.0,0.0,0.0,0.0,0.0,0.0,0.0,0,0,0.0,2.0,0.0,0.0,2360.0
2021-12-30,7520.0,2021,12,30,3,4,52,0,0,1,0.43388373911755823,-0.900968867902419,-2.4492935982947064e-16,1.0,-0.20129852008866114,0.9795299412524943,0.0,6940.0,4160.0,3675.1428571428573,3668.285714285714,3237.3533333333335,3399.030421976815,3784.7293862933675,3976.764623516283,376.0,7918.0,0.0,16816.0,4043.3603774113208,3611.694754434696,0,1,1,0,1.0,1.0,1.0,3760.0,3760.0,0.0,0.0,0.0,1880.0,1880.0,0.0,0.0,0.0,1.0,0,0,3760.0,1.0,0.0,0.0,7520.0
2021-12-31,14880.0,2021,12,31,4,4,52,0,0,1,-0.433883739117558,-0.9009688679024191,-2.4492935982947064e-16,1.0,-2.4492935982947064e-16,1.0,6156.0,756.0,376.0,4921.428571428572,4677.142857142857,3720.82,5444.293981076061,4716.471348160828,4468.18920055989,376.0,14880.0,0.0,16816.0,6752.52028305849,4338.682189632458,0,1,1,0,5.0,4.0,3.0,5560.0,1112.0,1547.1651495557933,1800.0,0.0,1112.0,1390.0,0.24453199293574243,0.0,1.0,2.0,0,0,5560.0,12.0,5.0,0.0,14880.0
2022-01-01,578.0,2022,1,1,5,1,52,1,1,0,-0.9749279121818236,-0.2225209339563146,0.49999999999999994,0.8660254037844387,0.20129852008866006,0.9795299412524945,376.0,1060.0,580.0,4950.285714285715,4642.714285714285,3720.7533333333336,5416.650924519256,4746.569456396445,4468.237693082709,556.0,14880.0,0.0,16816.0,5208.890212293868,4096.057532236816,1,0,1,0,3.0,3.0,3.0,239.0,79.66666666666667,65.11784189708173,173.0,0.0,59.75,59.75,0.4188861985472155,0.0,0.0,0.0,1,1,239.0,9.0,0.0,0.4188861985472155,0.0
2022-01-02,2640.0,2022,1,2,6,1,52,1,1,0,-0.7818314824680299,0.6234898018587334,0.49999999999999994,0.8660254037844387,0.39435585511331855,0.9189578116202306,556.0,12994.0,3176.0,5248.0,3903.1428571428573,3702.8866666666668,5187.290236722837,4109.0739150763,4471.561439134439,578.0,14880.0,0.0,16816.0,4566.667659220401,4002.1183366086348,0,0,1,0,2.0,1.0,1.0,1320.0,660.0,452.54833995939043,340.0,0.0,660.0,660.0,0.20469596628537026,0.0,1.0,2.0,1,0,1320.0,1.0,2.0,0.20469596628537026,0.0
2022-01-03,7520.0,2022,1,3,0,1,1,0,1,0,0.0,1.0,0.49999999999999994,0.8660254037844387,0.5712682150947923,0.8207634412072763,7918.0,4284.0,936.0,5191.142857142857,4134.285714285715,3922.3533333333335,5155.229300705955,4221.619948433424,4492.602015630875,578.0,14880.0,0.0,16816.0,5305.000744415301,4229.078443924207,0,0,1,0,2.0,2.0,1.0,4560.0,2280.0,2093.0360723121807,0.0,0.0,1520.0,2280.0,0.0,0.0,1.0,2.0,0,0,4560.0,2.0,2.0,0.0,0.0
2022-01-04,0.0,2022,1,4,1,1,1,0,0,0,0.7818314824680298,0.6234898018587336,0.49999999999999994,0.8660254037844387,0.7247927872291199,0.6889669190756866,840.0,2776.0,0.0,5071.142857142857,3936.0,3922.3533333333335,5281.619935479759,4353.459384832326,4492.602015630875,0.0,14880.0,0.0,16816.0,3978.7505583114753,3956.234673348452,0,0,1,0,0.0,0.0,0.0,0.0,0.0,0.0,0.0,0.0,0.0,0.0,0.0,0.0,0.0,0.0,0,0,0.0,0.0,0.0,0.0,0.0
2022-01-05,50.0,2022,1,5,2,1,1,0,0,0,0.9749279121818236,-0.22252093395631434,0.49999999999999994,0.8660254037844387,0.8486442574947509,0.5289640103269624,2360.0,3760.0,376.0,4741.142857142857,3671.0,3911.4866666666667,5544.852490631037,4476.182972131505,4501.860416556798,0.0,14880.0,0.0,16816.0,2996.5629187336062,3704.219533132423,0,0,1,0,1.0,1.0,1.0,25.0,25.0,0.0,0.0,0.0,12.5,12.5,0.0,0.0,0.0,1.0,0,0,25.0,1.0,0.0,0.0,0.0
2022-01-06,380.0,2022,1,6,3,1,1,0,0,0,0.43388373911755823,-0.900968867902419,0.49999999999999994,0.8660254037844387,0.9377521321470804,0.3473052528448203,7520.0,0.0,2956.4,3721.1428571428573,3698.1428571428573,3825.606666666667,5604.864774716444,4453.303939551175,4545.075453258847,0.0,14880.0,0.0,16816.0,2342.422189050205,3489.753756801299,0,0,1,0,1.0,1.0,1.0,0.0,0.0,0.0,0.0,0.0,0.0,0.0,0.0,0.0,0.0,0.0,0,0,0.0,1.0,0.0,0.0,0.0
2022-01-07,1169.6,2022,1,7,4,1,1,0,0,0,-0.433883739117558,-0.9009688679024191,0.49999999999999994,0.8660254037844387,0.9884683243281114,0.1514277775045767,14880.0,6156.0,756.0,1762.5142857142857,3341.971428571429,3839.3933333333334,2696.4097088712806,4440.992281258529,4536.061635074575,0.0,7520.0,0.0,16816.0,2049.2166417876538,3340.0664176528285,0,0,1,0,1.0,1.0,1.0,280.5,280.5,0.0,49.5,0.0,140.25,140.25,0.14954682779456194,0.0,0.0,0.0,0,0,280.5,1.0,0.0,0.0,0.0
2022-01-08,0.0,2022,1,8,5,1,1,1,0,0,-0.9749279121818236,-0.2225209339563146,0.49999999999999994,0.8660254037844387,0.9987165071710528,-0.05064916883871264,578.0,376.0,1308.0,1679.9428571428573,3315.1142857142863,3795.7933333333335,2747.1017496367344,4461.3989697708685,4567.4098889575425,0.0,7520.0,0.0,16816.0,1536.9124813407402,3124.5782616752267,0,0,1,0,0.0,0.0,0.0,0.0,0.0,0.0,0.0,0.0,0.0,0.0,0.0,0.0,0.0,0.0,1,0,0.0,0.0,0.0,0.0,0.0
2022-01-09,680.0,2022,1,9,6,1,1,1,0,0,-0.7818314824680299,0.6234898018587334,0.49999999999999994,0.8660254037844387,0.9680771188662043,-0.2506525322587204,2640.0,556.0,16816.0,1399.9428571428573,3323.971428571429,3257.9266666666667,2732.788079878108,4455.619333178928,3879.5624070633125,0.0,7520.0,0.0,14880.0,1322.6843610055553,2966.863535115535,0,0,0,0,2.0,2.0,2.0,340.0,170.0,240.41630560342617,340.0,0.0,113.33333333333333,113.33333333333333,0.49926578560939794,0.0,1.0,2.0,1,0,340.0,4.0,2.0,0.49926578560939794,0.0
2022-01-10,1388.0,2022,1,10,0,1,2,0,0,0,0.0,1.0,0.49999999999999994,0.8660254037844387,0.8978045395707416,-0.4403941515576344,7520.0,7918.0,3912.0,523.9428571428572,2857.5428571428574,3173.7933333333335,574.774642380712,4275.873060955696,3892.2362640423653,0.0,1388.0,0.0,14880.0,1339.0132707541666,2865.0013715596942,0,0,0,0,1.0,1.0,1.0,594.0,594.0,0.0,0.0,0.0,297.0,297.0,0.0,0.0,0.0,1.0,0,0,594.0,1.0,0.0,0.0,0.0
2022-01-11,0.0,2022,1,11,1,1,2,0,0,0,0.7818314824680298,0.6234898018587336,0.49999999999999994,0.8660254037844387,0.7907757369376989,-0.6121059825476626,0.0,840.0,3336.2,523.9428571428572,2797.5428571428574,3062.586666666667,574.774642380712,4312.101465502783,3934.8626205465857,0.0,1388.0,0.0,14880.0,1004.2599530656249,2680.162573394553,0,0,0,0,2.0,1.0,2.0,866.0,433.0,80.61017305526642,0.0,0.0,433.0,288.6666666666667,0.0,0.0,1.0,2.0,0,0,866.0,2.0,2.0,0.0,0.0
2022-01-12,288.0,2022,1,12,2,1,2,0,0,0,0.9749279121818236,-0.22252093395631434,0.49999999999999994,0.8660254037844387,0.6513724827222223,-0.7587581226927909,50.0,2360.0,0.0,557.9428571428572,2649.5428571428574,3072.186666666667,548.5056270059666,4363.524979737283,3927.4774773368895,0.0,1388.0,0.0,14880.0,825.1949647992187,2525.8295041432916,0,0,0,0,1.0,1.0,1.0,144.0,144.0,0.0,36.0,0.0,72.0,72.0,0.19889502762430938,0.0,0.0,1.0,0,0,144.0,1.0,0.0,0.0,0.0
2022-01-13,380.0,2022,1,13,3,1,2,0,0,0,0.43388373911755823,-0.900968867902419,0.49999999999999994,0.8660254037844387,0.48530196253108104,-0.8743466161445821,380.0,7520.0,0.0,557.9428571428572,2139.542857142857,3084.8533333333335,548.5056270059666,4163.140689748235,3917.828504434689,0.0,1388.0,0.0,14880.0,713.896223599414,2387.3888909727566,0,0,0,0,2.0,2.0,2.0,378.0,189.0,1.4142135623730951,190.0,0.0,126.0,126.0,0.3339191564147627,0.0,1.0,2.0,0,0,378.0,4.0,2.0,0.0,0.0
2022-01-14,7472.0,2022,1,14,4,1,2,0,0,0,-0.433883739117558,-0.9009688679024191,0.49999999999999994,0.8660254037844387,0.29936312297335804,-0.9541392564000488,1169.6,14880.0,4296.0,1458.2857142857142,1610.3999999999999,3190.7200000000003,2694.46628693488,2594.499891338192,3993.8572342000966,0.0,7472.0,0.0,14880.0,2403.4221676995603,2715.428317361611,0,0,0,0,7.0,5.0,3.0,2414.0,344.85714285714283,284.9113479496318,680.0,0.0,402.3333333333333,603.5,0.2197092084006462,0.0,1.7924812503605778,4.0,0,0,2414.0,15.0,12.547368752524045,0.0,0.0
2022-01-15,3352.0,2022,1,15,5,1,2,1,0,0,-0.9749279121818236,-0.2225209339563146,0.49999999999999994,0.8660254037844387,0.10116832198743272,-0.994869323391895,0.0,578.0,6940.0,1937.142857142857,1808.542857142857,3071.1200000000003,2689.960311266793,2615.4314018956834,3930.937233720262,0.0,7472.0,0.0,14880.0,2640.5666257746702,2756.497458176991,0,0,0,0,8.0,5.0,5.0,1276.0,159.5,74.54049714273252,570.0,0.0,212.66666666666666,212.66666666666666,0.3086085544125609,0.0,2.2516291673878226,5.0,1,0,1276.0,25.0,18.01303333910258,0.3086085544125609,0.0
2022-01-16,3936.0,2022,1,16,6,1,2,1,0,0,-0.7818314824680299,0.6234898018587334,0.49999999999999994,0.8660254037844387,-0.10116832198743204,-0.9948693233918952,680.0,2640.0,756.0,2402.285714285714,1901.1142857142856,3177.1200000000003,2717.714586086743,2669.5006559444696,3909.1709824374607,0.0,7472.0,0.0,14880.0,2964.4249693310026,2832.5943963591208,0,0,0,0,3.0,3.0,2.0,1760.0,586.6666666666666,881.2112875657763,0.0,0.0,440.0,586.6666666666666,0.0,0.0,1.0,2.0,1,0,1760.0,6.0,3.0,0.0,0.0
2022-01-17,13443.0,2022,1,17,0,1,3,0,0,0,0.0,1.0,0.49999999999999994,0.8660254037844387,-0.2993631229733582,-0.9541392564000488,1388.0,7520.0,1060.0,4124.428571428572,2324.1857142857143,3589.8866666666668,4906.186565862297,3840.8576353680273,4311.019244130603,0.0,13443.0,0.0,14880.0,5584.068726998252,3517.13669336821,0,0,0,0,5.0,4.0,3.0,2010.5,402.1,519.8529118895075,19.5,0.0,402.1,502.625,0.009601181683899557,0.0,1.584962500721156,3.0,0,0,2010.5,12.0,7.92481250360578,0.0,0.0
2022-01-18,4483.8,2022,1,18,1,1,3,0,0,0,0.7818314824680298,0.6234898018587336,0.49999999999999994,0.8660254037844387,-0.4853019625310808,-0.8743466161445822,0.0,0.0,12994.0,4764.971428571429,2644.457142857143,3306.2133333333336,4558.328831825068,3819.0262298360644,3934.416389419575,288.0,13443.0,0.0,14880.0,5309.001545248689,3579.5020679896165,0,0,0,0,4.0,4.0,3.0,488.5,122.125,89.43561464353374,397.5,0.0,97.7,122.125,0.44813979706877116,0.0,1.584962500721156,3.0,0,0,488.5,12.0,6.339850002884624,0.0,0.0
2022-01-19,0.0,2022,1,19,2,1,3,0,0,0,0.9749279121818236,-0.22252093395631434,0.49999999999999994,0.8660254037844387,-0.651372482722222,-0.7587581226927911,288.0,50.0,4284.0,4723.828571428572,2640.8857142857146,3163.413333333333,4606.517137604905,3821.661586043667,3975.2361112902186,0.0,13443.0,0.0,14880.0,3981.7511589365167,3348.566450699964,0,0,0,0,0.0,0.0,0.0,0.0,0.0,0.0,0.0,0.0,0.0,0.0,0.0,0.0,0.0,0.0,0,0,0.0,0.0,0.0,0.0,0.0
2022-01-20,3608.0,2022,1,20,3,1,3,0,0,0,0.43388373911755823,-0.900968867902419,0.49999999999999994,0.8660254037844387,-0.7907757369376986,-0.6121059825476627,380.0,380.0,2776.0,5184.971428571429,2871.457142857143,3191.1466666666665,4246.717525224357,3771.8153747365395,3975.3423455035995,0.0,13443.0,0.0,14880.0,3888.3133692023875,3365.304099041902,0,0,0,0,3.0,3.0,3.0,974.0,324.6666666666667,156.02991166226215,76.0,0.0,243.5,243.5,0.07231208372978117,0.0,1.584962500721156,3.0,0,0,974.0,9.0,4.754887502163468,0.0,0.0
2022-01-21,3282.2,2022,1,21,4,1,3,0,0,0,-0.433883739117558,-0.9009688679024191,0.49999999999999994,0.8660254037844387,-0.8978045395707417,-0.44039415155763423,7472.0,1169.6,3760.0,4586.428571428572,3022.3571428571427,3175.22,4165.13151041449,3740.6219813358293,3973.941598359549,0.0,13443.0,0.0,14880.0,3736.785026901791,3359.9425442650054,0,0,0,0,2.0,2.0,2.0,968.3,484.15,446.6793536755421,29.7,0.0,322.76666666666665,322.76666666666665,0.029729729729729728,0.0,0.0,1.0,0,0,968.3,4.0,0.0,0.0,0.0
2022-01-22,4788.0,2022,1,22,5,1,3,1,0,0,-0.9749279121818236,-0.2225209339563146,0.49999999999999994,0.8660254037844387,-0.9680771188662041,-0.2506525322587213,3352.0,0.0,0.0,4791.571428571428,3364.3571428571427,3334.82,4129.409864905761,3661.0700673467068,3938.0067401038664,0.0,13443.0,0.0,14880.0,3999.588770176343,3452.0752833446827,0,0,0,0,3.0,3.0,2.0,2394.0,798.0,741.3582130117667,0.0,0.0,598.5,798.0,0.0,0.0,1.584962500721156,3.0,1,0,2394.0,6.0,4.754887502163468,0.0,0.0
2022-01-23,0.0,2022,1,23,6,1,3,1,0,0,-0.7818314824680299,0.6234898018587334,0.49999999999999994,0.8660254037844387,-0.9987165071710528,-0.05064916883871355,3936.0,680.0,6156.0,4229.285714285715,3315.785714285714,3129.6200000000003,4515.273205255171,3703.68568650144,3946.3111195140245,0.0,13443.0,0.0,14880.0,2999.6915776322576,3229.3607489353485,0,0,0,0,2.0,2.0,2.0,0.0,0.0,0.0,180.0,0.0,0.0,0.0,0.994475138121547,0.0,1.0,2.0,1,0,0.0,4.0,2.0,0.994475138121547,0.0
2022-01-24,0.0,2022,1,24,0,1,4,0,0,0,0.0,1.0,0.49999999999999994,0.8660254037844387,-0.9884683243281114,0.15142777750457667,13443.0,1388.0,376.0,2308.8571428571427,3216.6428571428573,3117.086666666667,2217.51204946532,3777.1092578471075,3955.94340208575,0.0,4788.0,0.0,14880.0,2249.7686832241934,3021.014894165326,0,0,0,0,1.0,1.0,1.0,188.0,188.0,0.0,0.0,0.0,94.0,94.0,0.0,0.0,0.0,1.0,0,0,188.0,1.0,0.0,0.0,0.0
2022-01-25,0.0,2022,1,25,1,1,4,0,0,0,0.7818314824680298,0.6234898018587336,0.49999999999999994,0.8660254037844387,-0.9377521321470804,0.3473052528448203,4483.8,0.0,556.0,1668.314285714286,3216.6428571428573,3098.5533333333337,2130.435673306123,3777.1092578471075,3969.6343862509275,0.0,4788.0,0.0,14880.0,1687.326512418145,2826.1107074449824,0,1,0,0,2.0,1.0,2.0,2080.0,1040.0,791.9595949289333,0.0,0.0,1040.0,693.3333333333334,0.0,0.0,1.0,2.0,0,0,2080.0,2.0,2.0,0.0,0.0
2022-01-26,680.0,2022,1,26,2,1,4,0,0,0,0.9749279121818236,-0.22252093395631434,0.49999999999999994,0.8660254037844387,-0.848644257494751,0.5289640103269624,0.0,288.0,7918.0,1765.457142857143,3244.6428571428573,2857.286666666667,2055.884739681974,3755.1179280292426,3885.6853279816655,0.0,4788.0,0.0,14880.0,1435.4948843136087,2687.6519521259515,0,1,0,0,1.0,1.0,1.0,160.0,160.0,0.0,0.0,0.0,80.0,80.0,0.0,0.0,0.0,0.0,0,0,160.0,1.0,0.0,0.0,0.0
2022-01-27,896.0,2022,1,27,3,1,4,0,0,0,0.43388373911755823,-0.900968867902419,0.49999999999999994,0.8660254037844387,-0.72479278722912,0.6889669190756865,3608.0,380.0,840.0,1378.0285714285715,3281.5,2859.1533333333336,1900.4498429883286,3727.2671446640834,3884.6961401370163,0.0,4788.0,0.0,14880.0,1300.6211632352065,2572.061503601697,0,1,0,0,2.0,2.0,2.0,448.0,224.0,62.22539674441618,0.0,0.0,149.33333333333334,149.33333333333334,0.0,0.0,0.0,1.0,0,0,448.0,4.0,0.0,0.0,0.0
2022-01-28,0.0,2022,1,28,4,1,4,0,0,0,-0.433883739117558,-0.9009688679024191,0.49999999999999994,0.8660254037844387,-0.5712682150947924,0.8207634412072763,3282.2,7472.0,2360.0,909.1428571428571,2747.785714285714,2780.4866666666667,1751.39824412493,3614.317720880743,3918.897669316557,0.0,4788.0,0.0,14880.0,975.4658724264049,2406.1220517564266,0,1,0,0,1.0,1.0,1.0,800.0,800.0,0.0,0.0,0.0,400.0,400.0,0.0,0.0,0.0,1.0,0,0,800.0,1.0,0.0,0.0,0.0
2022-01-29,1000.0,2022,1,29,5,1,4,1,0,1,-0.9749279121818236,-0.2225209339563146,0.49999999999999994,0.8660254037844387,-0.3943558551133187,0.9189578116202306,4788.0,3352.0,7520.0,368.0,2579.785714285714,2563.1533333333336,468.5523805653034,3638.6530436533726,3826.6990462865783,0.0,1000.0,0.0,14880.0,981.5994043198036,2315.404500030206,0,1,0,0,2.0,2.0,2.0,340.0,170.0,14.142135623730951,0.0,0.0,113.33333333333333,113.33333333333333,0.0,0.0,0.0,1.0,1,0,340.0,4.0,0.0,0.0,1000.0
2022-01-30,0.0,2022,1,30,6,1,4,1,0,1,-0.7818314824680299,0.6234898018587334,0.49999999999999994,0.8660254037844387,-0.20129852008866114,0.9795299412524943,0.0,3936.0,14880.0,368.0,2298.6428571428573,2067.153333333333,468.5523805653034,3677.6533748729403,3063.408656667791,0.0,1000.0,0.0,13443.0,736.1995532398528,2166.0235645443863,0,1,0,0,1.0,1.0,1.0,0.0,0.0,0.0,800.0,0.0,0.0,0.0,0.9987515605493134,0.0,0.0,1.0,1,0,0.0,1.0,0.0,0.9987515605493134,0.0
2022-01-31,4560.0,2022,1,31,0,1,5,0,0,1,0.0,1.0,0.49999999999999994,0.8660254037844387,-2.4492935982947064e-16,1.0,0.0,13443.0,578.0,1019.4285714285714,1664.142857142857,2199.8866666666668,1621.9419283832874,1982.7626995274554,3082.8662662655665,0.0,4560.0,0.0,13443.0,1692.1496649298897,2320.473657154426,0,1,0,0,1.0,1.0,1.0,2280.0,2280.0,0.0,0.0,0.0,1140.0,1140.0,0.0,0.0,0.0,1.0,0,0,2280.0,1.0,0.0,0.0,4560.0
2022-02-03,320.0,2022,2,3,3,1,5,0,1,0,0.43388373911755823,-0.900968867902419,0.8660254037844386,0.5000000000000001,0.5712682150947923,0.8207634412072763,0.0,4483.8,2640.0,1065.142857142857,1366.7285714285713,2122.5533333333333,1592.666048755112,1833.9826986972694,3100.493447127117,0.0,4560.0,0.0,13443.0,1349.1122486974173,2191.4108405638176,0,0,1,0,1.0,1.0,1.0,160.0,160.0,0.0,0.0,0.0,80.0,80.0,0.0,0.0,0.0,0.0,0,0,160.0,1.0,0.0,0.0,0.0
2022-02-04,0.0,2022,2,4,4,1,5,0,0,0,-0.433883739117558,-0.9009688679024191,0.8660254037844386,0.5000000000000001,0.7247927872291199,0.6889669190756866,680.0,0.0,7520.0,968.0,1366.7285714285713,1871.8866666666665,1640.104061739197,1833.9826986972694,2949.3805173913806,0.0,4560.0,0.0,13443.0,1011.834186523063,2050.0294960113133,0,0,1,0,1.0,1.0,1.0,0.0,0.0,0.0,480.0,0.0,0.0,0.0,0.997920997920998,0.0,0.0,1.0,0,0,0.0,1.0,0.0,0.0,0.0
2022-02-05,0.0,2022,2,5,5,1,5,1,0,0,-0.9749279121818236,-0.2225209339563146,0.8660254037844386,0.5000000000000001,0.8486442574947509,0.5289640103269624,896.0,3608.0,0.0,840.0,1109.0142857142857,1871.8866666666665,1681.1107439230207,1746.2095045058063,2949.3805173913806,0.0,4560.0,0.0,13443.0,758.8756398922972,1917.7695285267125,0,0,1,0,0.0,0.0,0.0,0.0,0.0,0.0,0.0,0.0,0.0,0.0,0.0,0.0,0.0,0.0,2,0,0.0,0.0,0.0,0.0,0.0
2022-02-06,0.0,2022,2,6,6,1,5,1,0,0,-0.7818314824680299,0.6234898018587334,0.8660254037844386,0.5000000000000001,0.9377521321470804,0.3473052528448203,0.0,3282.2,50.0,840.0,874.5714285714286,1870.22,1681.1107439230207,1649.6598117507544,2950.4594790502165,0.0,4560.0,0.0,13443.0,569.1567299192229,1794.0424621701504,0,0,1,0,1.0,1.0,1.0,0.0,0.0,0.0,800.0,0.0,0.0,0.0,0.9987515605493134,0.0,0.0,1.0,2,0,0.0,1.0,0.0,0.9987515605493134,0.0
2022-02-07,380.0,2022,2,7,0,1,6,0,0,0,0.0,1.0,0.8660254037844386,0.5000000000000001,0.9884683243281114,0.1514277775045767,1000.0,4788.0,380.0,751.4285714285714,559.7142857142857,1870.22,1687.5962053705357,1206.3834974240915,2950.4594790502165,0.0,4560.0,0.0,13443.0,521.8675474394172,1702.8139162236891,0,0,1,0,2.0,2.0,2.0,190.0,95.0,134.35028842544403,470.0,0.0,63.333333333333336,63.333333333333336,0.7110438729198184,0.0,1.0,2.0,0,0,190.0,4.0,2.0,0.0,0.0
2022-02-09,992.0,2022,2,9,2,1,6,0,0,0,0.9749279121818236,-0.22252093395631434,0.8660254037844386,0.5000000000000001,0.9680771188662043,-0.2506525322587204,0.0,0.0,1169.6,893.1428571428571,630.5714285714286,1864.3,1655.3214620904366,1200.096003485745,2952.0914478639984,0.0,4560.0,0.0,13443.0,639.4006605795629,1656.954953886677,0,0,1,0,1.0,1.0,1.0,236.0,236.0,0.0,0.0,0.0,118.0,118.0,0.0,0.0,0.0,0.0,0,0,236.0,1.0,0.0,0.0,0.0
2022-02-10,0.0,2022,2,10,3,1,6,0,0,0,0.43388373911755823,-0.900968867902419,0.8660254037844386,0.5000000000000001,0.8978045395707416,-0.4403941515576344,4560.0,0.0,0.0,241.71428571428572,630.5714285714286,1864.3,370.10886429353724,1200.096003485745,2952.0914478639984,0.0,992.0,0.0,13443.0,479.55049543467214,1550.054634281085,0,0,0,0,0.0,0.0,0.0,0.0,0.0,0.0,0.0,0.0,0.0,0.0,0.0,0.0,0.0,0.0,0,0,0.0,0.0,0.0,0.0,0.0
2022-02-11,1548.0,2022,2,11,4,1,6,0,0,0,-0.433883739117558,-0.9009688679024191,0.8660254037844386,0.5000000000000001,0.7907757369376989,-0.6121059825476626,320.0,0.0,680.0,417.14285714285717,741.1428571428571,1893.2333333333333,620.0417804663566,1208.810149701771,2944.3273258266017,0.0,1548.0,0.0,13443.0,746.6628715760041,1549.9220772306926,0,0,0,0,2.0,1.0,2.0,774.0,387.0,292.74220741123065,0.0,0.0,387.0,258.0,0.0,0.0,1.0,2.0,0,0,774.0,2.0,2.0,0.0,0.0
2022-02-12,0.0,2022,2,12,5,1,6,1,0,0,-0.9749279121818236,-0.2225209339563146,0.8660254037844386,0.5000000000000001,0.6513724827222223,-0.7587581226927909,0.0,680.0,1388.0,417.14285714285717,692.5714285714286,1846.9666666666667,620.0417804663566,1225.0089930147751,2963.383971109704,0.0,1548.0,0.0,13443.0,559.997153682003,1449.9271045061319,0,0,0,0,0.0,0.0,0.0,0.0,0.0,0.0,0.0,0.0,0.0,0.0,0.0,0.0,0.0,0.0,2,0,0.0,0.0,0.0,0.0,0.0
2022-02-13,0.0,2022,2,13,6,1,6,1,0,0,-0.7818314824680299,0.6234898018587334,0.8660254037844386,0.5000000000000001,0.48530196253108104,-0.8743466161445821,0.0,896.0,0.0,417.14285714285717,628.5714285714286,1846.9666666666667,620.0417804663566,1236.911147501399,2963.383971109704,0.0,1548.0,0.0,13443.0,419.9978652615023,1356.383420344446,0,0,0,0,2.0,1.0,2.0,0.0,0.0,0.0,1180.0,0.0,0.0,0.0,0.9991532599491956,0.0,1.0,2.0,2,0,0.0,2.0,2.0,0.9991532599491956,0.0
2022-02-14,0.0,2022,2,14,0,1,7,0,0,0,0.0,1.0,0.8660254037844386,0.5000000000000001,0.29936312297335804,-0.9541392564000488,0.0,0.0,288.0,417.14285714285717,628.5714285714286,1837.3666666666666,620.0417804663566,1236.911147501399,2969.0694945854993,0.0,1548.0,0.0,13443.0,314.9983989461267,1268.8748125802883,0,0,0,0,0.0,0.0,0.0,0.0,0.0,0.0,0.0,0.0,0.0,0.0,0.0,0.0,0.0,0.0,0,0,0.0,0.0,0.0,0.0,0.0
2022-02-15,6280.0,2022,2,15,1,1,7,0,0,0,0.7818314824680298,0.6234898018587336,0.8660254037844386,0.5000000000000001,0.10116832198743272,-0.994869323391895,380.0,1000.0,380.0,1260.0,1005.7142857142857,2034.0333333333333,2298.752125248264,1955.2436570007837,3063.1208800416543,0.0,6280.0,0.0,13443.0,1806.248799209595,1592.173211768657,0,0,0,0,2.0,2.0,2.0,3140.0,1570.0,608.1118318204309,0.0,0.0,1046.6666666666667,1046.6666666666667,0.0,0.0,1.0,2.0,0,0,3140.0,4.0,2.0,0.0,0.0
2022-02-16,380.0,2022,2,16,2,1,7,0,0,0,0.9749279121818236,-0.22252093395631434,0.8660254037844386,0.5000000000000001,-0.10116832198743204,-0.9948693233918952,992.0,0.0,7472.0,1172.5714285714287,1032.857142857143,1797.6333333333334,2322.162702966288,1942.8063309451304,2898.194278765883,0.0,6280.0,0.0,13443.0,1449.6865994071964,1513.9684884287437,0,0,0,0,2.0,2.0,2.0,190.0,95.0,134.35028842544403,670.0,0.0,63.333333333333336,63.333333333333336,0.778164924506388,0.0,0.0,1.0,0,0,190.0,4.0,0.0,0.0,0.0
2022-02-17,4880.0,2022,2,17,3,1,7,0,0,0,0.43388373911755823,-0.900968867902419,0.8660254037844386,0.5000000000000001,-0.2993631229733582,-0.9541392564000488,0.0,4560.0,3352.0,1869.7142857142858,1055.7142857142858,1848.5666666666666,2624.3311347392846,1988.8324920210653,2939.584034886731,0.0,6280.0,0.0,13443.0,2307.2649495553974,1731.1318117559215,0,0,0,0,3.0,2.0,3.0,2440.0,813.3333333333334,1272.6874452642853,1140.0,0.0,813.3333333333334,610.0,0.31834683049427537,0.0,0.0,1.0,0,0,2440.0,6.0,0.0,0.0,0.0
2022-02-18,2640.0,2022,2,18,4,1,7,0,0,0,-0.433883739117558,-0.9009688679024191,0.8660254037844386,0.5000000000000001,-0.4853019625310808,-0.8743466161445822,1548.0,320.0,3936.0,2025.7142857142858,1221.4285714285713,1805.3666666666666,2634.456662152934,2019.2370880068681,2917.2878065828227,0.0,6280.0,0.0,13443.0,2390.448712166548,1789.768469061991,0,0,0,0,3.0,2.0,3.0,1320.0,440.0,612.8621378417824,0.0,0.0,440.0,330.0,0.0,0.0,1.0,2.0,0,0,1320.0,6.0,3.0,0.0,0.0
2022-02-19,0.0,2022,2,19,5,1,7,1,0,0,-0.9749279121818236,-0.2225209339563146,0.8660254037844386,0.5000000000000001,-0.651372482722222,-0.7587581226927911,0.0,0.0,13443.0,2025.7142857142858,1221.4285714285713,1357.2666666666667,2634.456662152934,2019.2370880068681,1935.2225849584765,0.0,6280.0,0.0,6280.0,1792.836534124911,1674.2995355741207,0,0,0,0,0.0,0.0,0.0,0.0,0.0,0.0,0.0,0.0,0.0,0.0,0.0,0.0,0.0,0.0,2,0,0.0,0.0,0.0,0.0,0.0
2022-02-20,0.0,2022,2,20,6,1,7,1,0,0,-0.7818314824680299,0.6234898018587334,0.8660254037844386,0.5000000000000001,-0.7907757369376986,-0.6121059825476627,0.0,0.0,4483.8,2025.7142857142858,1221.4285714285713,1207.8066666666666,2634.456662152934,2019.2370880068681,1856.9934963459887,0.0,6280.0,0.0,6280.0,1344.6274005936832,1566.280210698371,0,0,0,0,2.0,1.0,2.0,0.0,0.0,0.0,988.0,0.0,0.0,0.0,0.9989888776541962,0.0,1.0,2.0,2,0,0.0,2.0,2.0,0.9989888776541962,0.0
2022-02-21,3120.0,2022,2,21,0,1,8,0,0,0,0.0,1.0,0.8660254037844386,0.5000000000000001,-0.8978045395707417,-0.44039415155763423,0.0,0.0,0.0,2471.4285714285716,1444.2857142857142,1311.8066666666666,2494.8442073700094,2046.0564481487377,1874.3047163172882,0.0,6280.0,0.0,6280.0,1788.4705504452625,1666.5201971049278,0,0,0,0,2.0,2.0,1.0,1560.0,780.0,424.26406871192853,0.0,0.0,520.0,780.0,0.0,0.0,1.0,2.0,0,0,1560.0,2.0,2.0,0.0,0.0
2022-02-22,320.0,2022,2,22,1,1,8,0,0,0,0.7818314824680298,0.6234898018587336,0.8660254037844386,0.5000000000000001,-0.9680771188662041,-0.2506525322587213,6280.0,380.0,3608.0,1620.0,1440.0,1202.2066666666665,1931.94202811577,2048.5185641561434,1831.0383219653766,0.0,4880.0,0.0,6280.0,1421.352912833947,1579.6479263239648,0,0,0,0,2.0,2.0,2.0,160.0,80.0,113.13708498984761,380.0,0.0,53.333333333333336,53.333333333333336,0.7024029574861368,0.0,0.0,1.0,0,0,160.0,4.0,0.0,0.0,0.0
2022-02-23,578.0,2022,2,23,2,1,8,0,0,0,0.9749279121818236,-0.22252093395631434,0.8660254037844386,0.5000000000000001,-0.9987165071710528,-0.05064916883871355,380.0,992.0,3282.2,1648.2857142857142,1410.4285714285713,1112.0666666666666,1912.108932939922,2058.4472383248185,1791.2415638963719,0.0,4880.0,0.0,6280.0,1210.5146846254602,1515.0254794643542,0,0,0,0,2.0,2.0,2.0,289.0,144.5,64.34671708797582,289.0,0.0,96.33333333333333,96.33333333333333,0.4991364421416235,0.0,1.0,2.0,0,0,289.0,4.0,2.0,0.0,0.0
2022-02-24,0.0,2022,2,24,3,1,8,0,0,0,0.43388373911755823,-0.900968867902419,0.8660254037844386,0.5000000000000001,-0.9884683243281114,0.15142777750457667,4880.0,0.0,4788.0,951.1428571428571,1410.4285714285713,952.4666666666667,1342.1236193152577,2058.4472383248185,1660.991451603194,0.0,3120.0,0.0,6280.0,907.8860134690951,1417.2819001440735,0,0,0,0,0.0,0.0,0.0,0.0,0.0,0.0,0.0,0.0,0.0,0.0,0.0,0.0,0.0,0.0,0,0,0.0,0.0,0.0,0.0,0.0
2022-02-25,716.0,2022,2,25,4,1,8,0,0,0,-0.433883739117558,-0.9009688679024191,0.8660254037844386,0.5000000000000001,-0.9377521321470804,0.3473052528448203,2640.0,1548.0,0.0,676.2857142857143,1351.0,976.3333333333334,1116.691797869336,2066.1656423284417,1651.9530830219671,0.0,3120.0,0.0,6280.0,859.9145101018214,1372.0379065863915,0,0,0,0,4.0,4.0,2.0,160.0,40.0,80.0,899.0,0.0,32.0,53.333333333333336,0.8481132075471698,0.0,1.0,2.0,0,0,160.0,8.0,4.0,0.0,0.0
2022-02-26,5076.0,2022,2,26,5,1,8,1,0,1,-0.9749279121818236,-0.2225209339563146,0.8660254037844386,0.5000000000000001,-0.848644257494751,0.5289640103269624,0.0,0.0,0.0,1401.4285714285713,1713.5714285714287,1145.5333333333333,1945.1350302008243,2248.2050520457415,1801.672608579534,0.0,5076.0,0.0,6280.0,1913.935882576366,1611.0032029356566,0,0,0,0,4.0,4.0,4.0,2260.0,565.0,894.7811650528487,250.0,0.0,452.0,452.0,0.09956192751891677,0.0,2.0,4.0,2,0,2260.0,16.0,8.0,0.09956192751891677,5076.0
2022-02-27,460.0,2022,2,27,6,1,8,1,0,1,-0.7818314824680299,0.6234898018587334,0.8660254037844386,0.5000000000000001,-0.72479278722912,0.6889669190756865,0.0,0.0,0.0,1467.142857142857,1746.4285714285713,1160.8666666666666,1897.0748912094161,2224.471197810875,1793.5262653130706,0.0,5076.0,0.0,6280.0,1550.4519119322745,1536.7449317785176,0,0,0,0,1.0,1.0,1.0,230.0,230.0,0.0,0.0,0.0,115.0,115.0,0.0,0.0,0.0,0.0,2,0,230.0,1.0,0.0,0.0,460.0
2022-02-28,1564.0,2022,2,28,0,1,9,0,0,1,0.0,1.0,0.8660254037844386,0.5000000000000001,-0.5712682150947924,0.8207634412072763,3120.0,0.0,680.0,1244.857142857143,1858.142857142857,1190.3333333333333,1757.1248702138064,2168.5884050067475,1792.6150486492388,0.0,5076.0,0.0,6280.0,1553.838933949206,1538.503323276678,0,0,0,0,2.0,2.0,2.0,782.0,391.0,287.0853531617383,0.0,0.0,260.6666666666667,260.6666666666667,0.0,0.0,1.0,2.0,0,0,782.0,4.0,2.0,0.0,1564.0
2022-03-02,490.0,2022,3,2,2,1,9,0,1,0,0.9749279121818236,-0.22252093395631434,1.0,6.123233995736766e-17,0.39435585511331855,0.9189578116202306,320.0,6280.0,896.0,1269.142857142857,1444.5714285714287,1176.8,1743.3323864151337,1777.2169130536643,1796.4422003811812,0.0,5076.0,0.0,6280.0,1287.8792004619045,1470.8579475814083,0,0,0,0,2.0,2.0,1.0,245.0,122.5,173.24116139070415,1045.0,0.0,81.66666666666667,122.5,0.8094500387296669,0.0,1.0,2.0,0,0,245.0,2.0,2.0,0.0,0.0
2022-03-03,0.0,2022,3,3,3,1,9,0,1,0,0.43388373911755823,-0.900968867902419,1.0,6.123233995736766e-17,0.5712682150947923,0.8207634412072763,578.0,380.0,0.0,1186.5714285714287,1417.4285714285713,1176.8,1794.462115987507,1797.5123713829523,1796.4422003811812,0.0,5076.0,0.0,6280.0,965.9094003464284,1375.963886447124,0,0,0,0,1.0,1.0,1.0,0.0,0.0,0.0,99.0,0.0,0.0,0.0,0.99,0.0,0.0,1.0,0,0,0.0,1.0,0.0,0.0,0.0
2022-03-04,0.0,2022,3,4,4,1,9,0,0,0,-0.433883739117558,-0.9009688679024191,1.0,6.123233995736766e-17,0.7247927872291199,0.6889669190756866,0.0,4880.0,1000.0,1186.5714285714287,1068.857142857143,1143.4666666666667,1794.462115987507,1527.2482472706422,1809.0691020776374,0.0,5076.0,0.0,6280.0,724.4320502598213,1287.192022805374,0,0,0,0,0.0,0.0,0.0,0.0,0.0,0.0,0.0,0.0,0.0,0.0,0.0,0.0,0.0,0.0,0,0,0.0,0.0,0.0,0.0,0.0
2022-03-05,0.0,2022,3,5,5,1,9,1,0,0,-0.9749279121818236,-0.2225209339563146,1.0,6.123233995736766e-17,0.8486442574947509,0.5289640103269624,716.0,2640.0,0.0,1084.2857142857142,880.2857142857143,1143.4666666666667,1845.4377722992035,1480.6046284994877,1809.0691020776374,0.0,5076.0,0.0,6280.0,543.324037694866,1204.1473761727693,0,0,0,0,0.0,0.0,0.0,0.0,0.0,0.0,0.0,0.0,0.0,0.0,0.0,0.0,0.0,0.0,3,0,0.0,0.0,0.0,0.0,0.0
2022-03-06,0.0,2022,3,6,6,1,9,1,0,0,-0.7818314824680299,0.6234898018587334,1.0,6.123233995736766e-17,0.9377521321470804,0.3473052528448203,5076.0,0.0,4560.0,359.14285714285717,880.2857142857143,991.4666666666667,576.6152468130039,1480.6046284994877,1700.4147107414071,0.0,1564.0,0.0,6280.0,407.49302827114946,1126.460448677752,0,0,0,0,1.0,1.0,1.0,0.0,0.0,0.0,0.0,0.0,0.0,0.0,0.0,0.0,0.0,1.0,3,0,0.0,1.0,0.0,0.0,0.0
2022-03-07,1308.0,2022,3,7,0,1,10,0,0,0,0.0,1.0,1.0,6.123233995736766e-17,0.9884683243281114,0.1514277775045767,460.0,0.0,320.0,480.2857142857143,973.7142857142857,1024.4,680.9722741017553,1461.9350416260315,1696.5246748614736,0.0,1564.0,0.0,6280.0,632.6197712033621,1138.1726777953165,0,0,0,0,3.0,3.0,2.0,654.0,218.0,51.96152422706632,0.0,0.0,163.5,218.0,0.0,0.0,1.0,2.0,0,0,654.0,6.0,3.0,0.0,0.0
2022-03-08,0.0,2022,3,8,1,1,10,0,0,0,0.7818314824680298,0.6234898018587336,1.0,6.123233995736766e-17,0.9987165071710528,-0.05064916883871264,1564.0,3120.0,0.0,256.85714285714283,750.8571428571429,1024.4,498.1858517232515,1342.5167443243492,1696.5246748614736,0.0,1308.0,0.0,6280.0,474.46482840252156,1064.7421824536832,0,0,0,0,2.0,2.0,0.0,0.0,0.0,0.0,188.0,0.0,0.0,0.0,0.9947089947089947,0.0,1.0,2.0,0,0,0.0,0.0,2.0,0.0,0.0
2022-03-09,0.0,2022,3,9,2,1,10,0,0,0,0.9749279121818236,-0.22252093395631434,1.0,6.123233995736766e-17,0.9680771188662043,-0.2506525322587204,490.0,320.0,0.0,186.85714285714286,728.0,1024.4,494.37753069614905,1353.0990071228948,1696.5246748614736,0.0,1308.0,0.0,6280.0,355.84862130189117,996.0491384244134,0,0,0,0,0.0,0.0,0.0,0.0,0.0,0.0,0.0,0.0,0.0,0.0,0.0,0.0,0.0,0.0,0,0,0.0,0.0,0.0,0.0,0.0
2022-03-10,0.0,2022,3,10,3,1,10,0,0,0,0.43388373911755823,-0.900968867902419,1.0,6.123233995736766e-17,0.8978045395707416,-0.4403941515576344,0.0,578.0,0.0,186.85714285714286,686.7142857142857,1024.4,494.37753069614905,1366.7766926138916,1696.5246748614736,0.0,1308.0,0.0,6280.0,266.8864659764184,931.7879036873545,0,0,0,0,0.0,0.0,0.0,0.0,0.0,0.0,0.0,0.0,0.0,0.0,0.0,0.0,0.0,0.0,0,0,0.0,0.0,0.0,0.0,0.0
2022-03-11,376.0,2022,3,11,4,1,10,0,0,0,-0.433883739117558,-0.9009688679024191,1.0,6.123233995736766e-17,0.7907757369376989,-0.6121059825476626,0.0,0.0,380.0,240.57142857142858,713.5714285714286,1024.2666666666667,491.10720389174145,1355.89565710901,1696.577222310969,0.0,1308.0,0.0,6280.0,294.1648494823138,895.930619578493,0,0,0,0,1.0,1.0,1.0,188.0,188.0,0.0,0.0,0.0,94.0,94.0,0.0,0.0,0.0,1.0,0,0,188.0,1.0,0.0,0.0,0.0
2022-03-12,7236.0,2022,3,12,5,1,10,1,0,0,-0.9749279121818236,-0.2225209339563146,1.0,6.123233995736766e-17,0.6513724827222223,-0.7587581226927909,0.0,716.0,992.0,1274.2857142857142,1179.2857142857142,1232.4,2672.243359319777,2208.471466825021,2040.6038592399218,0.0,7236.0,0.0,7236.0,2029.6236371117354,1304.9673537992353,0,0,0,0,3.0,3.0,2.0,1338.0,446.0,609.1206776985986,380.0,0.0,334.5,446.0,0.2210587550901687,0.0,1.0,2.0,3,0,1338.0,6.0,3.0,0.2210587550901687,0.0
2022-03-13,0.0,2022,3,13,6,1,10,1,0,0,-0.7818314824680299,0.6234898018587334,1.0,6.123233995736766e-17,0.48530196253108104,-0.8743466161445821,0.0,5076.0,0.0,1274.2857142857142,816.7142857142857,1232.4,2672.243359319777,1916.9571412315722,2040.6038592399218,0.0,7236.0,0.0,7236.0,1522.2177278338015,1220.7759116186396,0,0,0,0,0.0,0.0,0.0,0.0,0.0,0.0,0.0,0.0,0.0,0.0,0.0,0.0,0.0,0.0,3,0,0.0,0.0,0.0,0.0,0.0
2022-03-14,6536.0,2022,3,14,0,1,11,0,0,0,0.0,1.0,1.0,6.123233995736766e-17,0.29936312297335804,-0.9541392564000488,1308.0,460.0,1548.0,2021.142857142857,1250.7142857142858,1398.6666666666667,3332.297477145543,2445.048699485796,2258.7537811098837,0.0,7236.0,0.0,7236.0,2775.663295875351,1563.693594740018,0,0,0,0,2.0,2.0,1.0,368.0,184.0,5.656854249492381,0.0,0.0,122.66666666666667,184.0,0.0,0.0,1.0,2.0,0,0,368.0,2.0,2.0,0.0,0.0
2022-03-15,-42346.6,2022,3,15,1,1,11,0,0,0,0.7818314824680298,0.6234898018587336,1.0,6.123233995736766e-17,0.10116832198743272,-0.994869323391895,0.0,1564.0,0.0,-4028.371428571428,-1885.7571428571428,-12.886666666666619,17199.130137860102,11899.000421930363,8304.287827993498,-42346.6,7236.0,-42346.6,7236.0,-8504.902528093486,-1269.2285726625637,0,0,0,0,39.0,33.0,5.0,-9951.3,-255.16153846153844,2505.961891550395,2528.0,0.0,-292.68529411764706,-1658.55,-0.34059523328348357,-0.0,2.9477027792200907,8.0,0,0,-9951.3,165.0,114.96040838958353,-0.0,-0.0
2022-03-16,2652.0,2022,3,16,2,1,11,0,0,0,0.9749279121818236,-0.22252093395631434,1.0,6.123233995736766e-17,-0.10116832198743204,-0.9948693233918952,0.0,490.0,0.0,-3649.5142857142855,-1731.3285714285714,75.51333333333332,17331.35560147451,11946.141594186454,8318.532926968403,-42346.6,7236.0,-42346.6,7236.0,-5715.676896070114,-1016.2460841036888,0,0,0,0,6.0,4.0,3.0,1326.0,221.0,300.2765392101088,980.0,0.0,265.2,331.5,0.4247941048981361,0.0,0.9182958340544894,2.0,0,0,1326.0,12.0,5.5097750043269365,0.0,0.0
2022-03-17,160.0,2022,3,17,3,1,11,0,0,0,0.43388373911755823,-0.900968867902419,1.0,6.123233995736766e-17,-0.2993631229733582,-0.9541392564000488,0.0,0.0,0.0,-3626.657142857143,-1719.8999999999999,80.84666666666665,17337.07544222854,11948.001710682065,8318.534134077718,-42346.6,7236.0,-42346.6,7236.0,-4246.757672052585,-940.3592399679669,0,0,0,0,1.0,1.0,1.0,80.0,80.0,0.0,0.0,0.0,40.0,40.0,0.0,0.0,0.0,1.0,0,0,80.0,1.0,0.0,0.0,0.0
2022-03-18,960.0,2022,3,18,4,1,11,0,0,0,-0.433883739117558,-0.9009688679024191,1.0,6.123233995736766e-17,-0.4853019625310808,-0.8743466161445822,376.0,0.0,6280.0,-3543.2285714285713,-1651.3285714285714,-96.48666666666668,17360.93577832277,11961.379078095057,8238.141507132555,-42346.6,7236.0,-42346.6,7236.0,-2945.0682540394387,-817.7554180345498,0,0,0,0,4.0,2.0,1.0,480.0,120.0,138.5640646055102,0.0,0.0,160.0,240.0,0.0,0.0,0.0,0.0,0,0,480.0,2.0,0.0,0.0,0.0
2022-03-19,1932.8,2022,3,19,5,1,11,1,0,0,-0.9749279121818236,-0.2225209339563146,1.0,6.123233995736766e-17,-0.651372482722222,-0.7587581226927911,7236.0,0.0,380.0,-4300.828571428571,-1513.2714285714285,-44.72666666666668,16922.322351430208,11993.016934765932,8246.112733425844,-42346.6,6536.0,-42346.6,7236.0,-1725.6011905295788,-640.3002297742564,0,0,0,0,1.0,1.0,1.0,550.4,550.4,0.0,137.6,0.0,275.2,275.2,0.1997097242380261,0.0,0.0,0.0,3,0,550.4,1.0,0.0,0.1997097242380261,0.0
2022-03-20,336.0,2022,3,20,6,1,11,1,0,0,-0.7818314824680299,0.6234898018587334,1.0,6.123233995736766e-17,-0.7907757369376986,-0.6121059825476627,0.0,0.0,4880.0,-4252.828571428571,-1489.2714285714285,-196.19333333333333,16937.024962067993,11996.613842659524,8194.103507966225,-42346.6,6536.0,-42346.6,7236.0,-1210.200892897184,-577.3131181759173,0,0,0,0,1.0,1.0,1.0,168.0,168.0,0.0,100.0,0.0,84.0,84.0,0.37174721189591076,0.0,0.0,0.0,3,0,168.0,1.0,0.0,0.37174721189591076,0.0
2022-03-21,7448.0,2022,3,21,0,1,12,0,0,0,0.0,1.0,1.0,6.123233995736766e-17,-0.8978045395707417,-0.44039415155763423,6536.0,1308.0,2640.0,-4122.542857142857,-1050.7,-35.92666666666664,17037.060750694563,12216.952070287103,8297.851349718372,-42346.6,7448.0,-42346.6,7448.0,954.3493303271119,-59.550981519406605,0,0,0,0,5.0,4.0,3.0,3300.0,660.0,952.4704719832527,1240.0,0.0,660.0,825.0,0.27306760625412907,0.0,0.9182958340544894,2.0,0,0,3300.0,12.0,4.591479170272447,0.0,0.0
2022-03-22,0.0,2022,3,22,1,1,12,0,0,0,0.7818314824680298,0.6234898018587336,1.0,6.123233995736766e-17,-0.9680771188662041,-0.2506525322587213,-42346.6,0.0,0.0,1926.971428571429,-1050.7,-35.92666666666667,2623.899376700187,12216.952070287103,8297.851349718372,0.0,7448.0,-42346.6,7448.0,715.7619977453339,-55.70898271170296,0,0,0,0,0.0,0.0,0.0,0.0,0.0,0.0,0.0,0.0,0.0,0.0,0.0,0.0,0.0,0.0,0,0,0.0,0.0,0.0,0.0,0.0
2022-03-23,376.0,2022,3,23,2,1,12,0,0,0,0.9749279121818236,-0.22252093395631434,1.0,6.123233995736766e-17,-0.9987165071710528,-0.05064916883871355,2652.0,0.0,0.0,1601.8285714285719,-1023.842857142857,-23.393333333333338,2659.853017063342,12219.8525002249,8298.191439764963,0.0,7448.0,-42346.6,7448.0,630.8214983090004,-27.85679027868987,0,0,0,0,2.0,2.0,2.0,188.0,94.0,132.93607486307093,188.0,0.0,62.666666666666664,62.666666666666664,0.4986737400530504,0.0,0.0,1.0,0,0,188.0,4.0,0.0,0.0,0.0
2022-03-24,300.0,2022,3,24,3,1,12,0,0,0,0.43388373911755823,-0.900968867902419,1.0,6.123233995736766e-17,-0.9884683243281114,0.15142777750457667,160.0,0.0,3120.0,1621.8285714285719,-1002.4142857142857,-117.39333333333335,2647.7032951310143,12222.048845606681,8277.301816660547,0.0,7448.0,-42346.6,7448.0,548.1161237317503,-6.704739292967947,0,0,0,0,1.0,1.0,1.0,150.0,150.0,0.0,0.0,0.0,75.0,75.0,0.0,0.0,0.0,0.0,0,0,150.0,1.0,0.0,0.0,0.0
2022-03-25,752.0,2022,3,25,4,1,12,0,0,0,-0.433883739117558,-0.9009688679024191,1.0,6.123233995736766e-17,-0.9377521321470804,0.3473052528448203,960.0,376.0,320.0,1592.114285714286,-975.5571428571428,-102.99333333333334,2657.5176559015717,12225.723382890073,8278.464680659063,0.0,7448.0,-42346.6,7448.0,599.0870927988128,42.24395356464289,0,0,0,0,1.0,1.0,1.0,376.0,376.0,0.0,0.0,0.0,188.0,188.0,0.0,0.0,0.0,1.0,0,0,376.0,1.0,0.0,0.0,0.0
2022-03-26,11120.0,2022,3,26,5,1,12,1,0,0,-0.9749279121818236,-0.2225209339563146,1.0,6.123233995736766e-17,-0.848644257494751,0.5289640103269624,1932.8,7236.0,578.0,2904.571428571429,-698.1285714285714,248.40666666666667,4490.381084686944,12468.061839289685,8528.337581544343,0.0,11120.0,-42346.6,11120.0,3229.3153195991094,756.9378920443434,0,0,0,0,2.0,2.0,2.0,5560.0,2780.0,1385.9292911256332,0.0,0.0,1853.3333333333333,1853.3333333333333,0.0,0.0,1.0,2.0,3,0,5560.0,4.0,2.0,0.0,0.0
2022-03-27,2280.0,2022,3,27,6,1,12,1,0,0,-0.7818314824680299,0.6234898018587334,1.0,6.123233995736766e-17,-0.72479278722912,0.6889669190756865,336.0,0.0,0.0,3182.2857142857147,-535.2714285714285,324.4066666666667,4363.366197264284,12492.74839000786,8536.203025812183,0.0,11120.0,-42346.6,11120.0,2991.986489699332,855.1999635253535,0,0,0,0,3.0,2.0,1.0,1140.0,380.0,658.1793068761734,568.0,0.0,380.0,570.0,0.3323581041544763,0.0,0.9182958340544894,2.0,3,0,1140.0,2.0,2.7548875021634682,0.3323581041544763,0.0
2022-03-28,5958.0,2022,3,28,0,1,13,0,0,0,0.0,1.0,1.0,6.123233995736766e-17,-0.5712682150947924,0.8207634412072763,7448.0,6536.0,716.0,2969.428571428572,-576.5571428571428,499.14000000000004,4151.804862833468,12468.513394375223,8597.923119732324,0.0,11120.0,-42346.6,11120.0,3733.4898672744994,1184.412869104363,0,0,0,0,6.0,5.0,3.0,1962.0,327.0,271.922783157278,0.0,0.0,327.0,490.5,0.0,0.0,0.9182958340544894,2.0,0,0,1962.0,15.0,5.5097750043269365,0.0,0.0
2022-03-29,376.0,2022,3,29,1,1,13,0,0,1,0.7818314824680298,0.6234898018587336,1.0,6.123233995736766e-17,-0.3943558551133187,0.9189578116202306,0.0,-42346.6,5076.0,3023.142857142858,2475.057142857143,342.47333333333336,4109.198438810642,3360.7202730079493,8554.360372063271,300.0,11120.0,-42346.6,11120.0,2894.1174004558743,1132.257200129888,0,0,0,0,1.0,1.0,1.0,188.0,188.0,0.0,0.0,0.0,94.0,94.0,0.0,0.0,0.0,1.0,0,0,188.0,1.0,0.0,0.0,376.0
2022-03-30,15120.0,2022,3,30,2,1,13,0,0,1,0.9749279121818236,-0.22252093395631434,1.0,6.123233995736766e-17,-0.20129852008866114,0.9795299412524943,376.0,2652.0,460.0,5129.428571428572,3365.628571428571,831.14,5910.225344185078,4768.384311987995,8969.9363554656,300.0,15120.0,-42346.6,15120.0,5950.588050341906,2034.6922194763467,0,0,0,0,4.0,4.0,2.0,7560.0,1890.0,2159.2900067692003,600.0,0.0,1512.0,2520.0,0.07352040191153045,0.0,1.0,2.0,0,0,7560.0,8.0,4.0,0.0,15120.0
2022-03-31,13536.0,2022,3,31,3,1,13,0,0,1,0.43388373911755823,-0.900968867902419,1.0,6.123233995736766e-17,-2.4492935982947064e-16,1.0,300.0,160.0,1564.0,7020.285714285715,4321.057142857143,1230.2066666666665,6216.969511326391,5377.78868047715,9265.121370175999,376.0,15120.0,-42346.6,15120.0,7846.941037756429,2776.712076284324,0,0,0,0,3.0,3.0,1.0,6768.0,2256.0,1989.604985920572,99.0,0.0,1692.0,3384.0,0.014414676761793827,0.0,0.9182958340544894,2.0,0,0,6768.0,3.0,2.7548875021634682,0.0,13536.0
2022-04-01,16162.0,2022,4,1,4,2,13,0,1,0,-0.433883739117558,-0.9009688679024191,0.8660254037844387,-0.4999999999999998,0.20129852008866006,0.9795299412524945,752.0,960.0,490.0,9221.714285714286,5406.914285714285,1752.6066666666666,6354.26076776535,6129.198507881028,9655.54198474971,376.0,16162.0,-42346.6,16162.0,9925.705778317322,3640.279039104691,0,0,0,0,5.0,4.0,2.0,3026.0,605.2,943.936014780663,0.0,0.0,605.2,1008.6666666666666,0.0,0.0,1.584962500721156,3.0,0,0,3026.0,8.0,7.92481250360578,0.0,0.0
2022-04-02,4120.0,2022,4,2,5,2,13,1,1,0,-0.9749279121818236,-0.2225209339563146,0.8660254037844387,-0.4999999999999998,0.39435585511331855,0.9189578116202306,11120.0,1932.8,0.0,8221.714285714286,5563.142857142857,1889.9399999999998,6553.418693432349,6061.333578285621,9659.053904001872,376.0,16162.0,-42346.6,16162.0,8474.279333737992,3671.228778517292,0,0,0,0,2.0,2.0,1.0,1980.0,990.0,1145.512985522207,0.0,0.0,660.0,990.0,0.0,0.0,0.0,1.0,4,0,1980.0,2.0,0.0,0.0,0.0
2022-04-03,676.0,2022,4,3,6,2,13,1,1,0,-0.7818314824680299,0.6234898018587334,0.8660254037844387,-0.4999999999999998,0.5712682150947923,0.8207634412072763,2280.0,336.0,0.0,7992.571428571428,5587.428571428572,1912.4733333333331,6818.480643494874,6039.420676678363,9655.280656073144,376.0,16162.0,-42346.6,16162.0,6524.709500303494,3477.9882121613377,0,0,0,0,3.0,3.0,3.0,338.0,112.66666666666667,97.98639361326313,199.0,0.0,84.5,84.5,0.36988847583643125,0.0,1.0,2.0,4,0,338.0,9.0,3.0,0.36988847583643125,0.0
2022-04-04,0.0,2022,4,4,0,2,14,0,0,0,0.0,1.0,0.8660254037844387,-0.4999999999999998,0.7247927872291199,0.6889669190756866,5958.0,7448.0,0.0,7141.428571428572,5055.428571428572,1912.4733333333331,7456.771840797751,6189.104094657443,9655.280656073144,0.0,16162.0,-42346.6,16162.0,4893.532125227621,3253.6018758928644,0,0,0,0,0.0,0.0,0.0,0.0,0.0,0.0,0.0,0.0,0.0,0.0,0.0,0.0,0.0,0.0,0,0,0.0,0.0,0.0,0.0,0.0
2022-04-05,0.0,2022,4,5,1,2,14,0,0,0,0.7818314824680298,0.6234898018587336,0.8660254037844387,-0.4999999999999998,0.8486442574947509,0.5289640103269624,376.0,0.0,0.0,7087.714285714285,5055.428571428572,1912.4733333333331,7514.757252994175,6189.104094657443,9655.280656073144,0.0,16162.0,-42346.6,16162.0,3670.1490939207156,3043.6920774481637,0,0,0,0,1.0,1.0,1.0,0.0,0.0,0.0,580.0,0.0,0.0,0.0,0.9982788296041308,0.0,0.0,1.0,0,0,0.0,1.0,0.0,0.0,0.0
2022-04-06,7320.0,2022,4,6,2,2,14,0,0,0,0.9749279121818236,-0.22252093395631434,0.8660254037844387,-0.4999999999999998,0.9377521321470804,0.3473052528448203,15120.0,376.0,1308.0,5973.428571428572,5551.428571428572,2112.8733333333334,6654.251444431167,6062.191349342577,9704.56707932896,0.0,16162.0,-42346.6,16162.0,4582.611820440537,3319.5829111611856,0,0,0,0,2.0,2.0,2.0,1860.0,930.0,806.1017305526642,0.0,0.0,620.0,620.0,0.0,0.0,0.0,1.0,0,0,1860.0,4.0,0.0,0.0,0.0
2022-04-07,0.0,2022,4,7,3,2,14,0,0,0,0.43388373911755823,-0.900968867902419,0.8660254037844387,-0.4999999999999998,0.9884683243281114,0.1514277775045767,13536.0,300.0,0.0,4039.7142857142862,5530.0,2112.8733333333334,6027.5614116679535,6082.677548074218,9704.56707932896,0.0,16162.0,-42346.6,16162.0,3436.9588653304027,3105.416271731432,0,0,0,0,3.0,3.0,3.0,0.0,0.0,0.0,756.0,0.0,0.0,0.0,0.9986789960369881,0.0,0.9182958340544894,2.0,0,0,0.0,9.0,2.7548875021634682,0.0,0.0
2022-04-08,376.0,2022,4,8,4,2,14,0,0,0,-0.433883739117558,-0.9009688679024191,0.8660254037844387,-0.4999999999999998,0.9987165071710528,-0.05064916883871264,16162.0,752.0,0.0,1784.5714285714291,5503.142857142857,2125.4066666666668,2853.719377534223,6106.1815697404045,9701.986690326079,0.0,7320.0,-42346.6,16162.0,2671.719148997802,2929.3248993616626,0,0,0,0,2.0,1.0,1.0,188.0,94.0,132.93607486307093,0.0,0.0,94.0,94.0,0.0,0.0,0.0,1.0,0,0,188.0,1.0,0.0,0.0,0.0
2022-04-09,480.0,2022,4,9,5,2,14,1,0,0,-0.9749279121818236,-0.2225209339563146,0.8660254037844387,-0.4999999999999998,0.9680771188662043,-0.2506525322587204,4120.0,11120.0,0.0,1264.5714285714291,4743.142857142857,2141.4066666666668,2683.8146270525067,6014.77267115843,9698.755974330377,0.0,7320.0,-42346.6,16162.0,2123.7893617483514,2771.303938112523,0,0,0,0,1.0,1.0,1.0,240.0,240.0,0.0,240.0,0.0,120.0,120.0,0.498960498960499,0.0,0.0,1.0,4,0,240.0,1.0,0.0,0.498960498960499,0.0
2022-04-10,376.0,2022,4,10,6,2,14,1,0,0,-0.7818314824680299,0.6234898018587334,0.8660254037844387,-0.4999999999999998,0.8978045395707416,-0.4403941515576344,676.0,2280.0,376.0,1221.7142857142862,4607.142857142857,2141.4066666666668,2697.1420500402405,6095.731758396993,9698.755974330377,0.0,7320.0,-42346.6,16162.0,1686.8420213112636,2616.76820016978,0,0,0,0,1.0,1.0,1.0,188.0,188.0,0.0,0.0,0.0,94.0,94.0,0.0,0.0,0.0,1.0,4,0,188.0,1.0,0.0,0.0,0.0
2022-04-11,4849.6,2022,4,11,0,2,15,0,0,0,0.0,1.0,0.8660254037844387,-0.4999999999999998,0.7907757369376989,-0.6121059825476626,0.0,5958.0,7236.0,1914.5142857142862,4527.971428571428,2061.86,2942.6920075720805,6084.023912286568,9665.259073488676,0.0,7320.0,-42346.6,16162.0,2477.5315159834477,2760.8218646749556,0,0,0,0,4.0,4.0,3.0,1708.8,427.2,196.29202734701173,103.2,0.0,341.76,427.2,0.05692222835079978,0.0,1.0,2.0,0,0,1708.8,12.0,4.0,0.0,0.0
2022-04-12,472.0,2022,4,12,1,2,15,0,0,0,0.7818314824680298,0.6234898018587336,0.8660254037844387,-0.4999999999999998,0.6513724827222223,-0.7587581226927909,0.0,376.0,0.0,1981.9428571428577,4534.828571428571,2077.5933333333332,2896.5575469610767,6079.036422560176,9662.170666732061,0.0,7320.0,-42346.6,16162.0,1976.1486369875856,2613.155937921733,0,0,0,0,1.0,1.0,1.0,236.0,236.0,0.0,0.0,0.0,118.0,118.0,0.0,0.0,0.0,0.0,0,0,236.0,1.0,0.0,0.0,0.0
2022-04-13,0.0,2022,4,13,2,2,15,0,0,0,0.9749279121818236,-0.22252093395631434,0.8660254037844387,-0.4999999999999998,0.48530196253108104,-0.8743466161445821,7320.0,15120.0,6536.0,936.228571428572,3454.8285714285707,1859.7266666666667,1737.7614237041635,5353.647970874065,9631.814641429235,0.0,4849.6,-42346.6,16162.0,1482.1114777406892,2444.5652322493634,0,0,0,0,0.0,0.0,0.0,0.0,0.0,0.0,0.0,0.0,0.0,0.0,0.0,0.0,0.0,0.0,0,0,0.0,0.0,0.0,0.0,0.0
2022-04-14,360.0,2022,4,14,3,2,15,0,0,0,0.43388373911755823,-0.900968867902419,0.8660254037844387,-0.4999999999999998,0.29936312297335804,-0.9541392564000488,0.0,13536.0,-42346.6,987.6571428571434,2513.685714285714,3283.2799999999997,1710.5500936415683,4541.666535680348,4833.926387409779,0.0,4849.6,0.0,16162.0,1201.583608305517,2310.0771527494044,0,0,0,0,1.0,1.0,1.0,180.0,180.0,0.0,0.0,0.0,90.0,90.0,0.0,0.0,0.0,1.0,0,0,180.0,1.0,0.0,0.0,0.0
2022-04-15,0.0,2022,4,15,4,2,15,0,0,0,-0.433883739117558,-0.9009688679024191,0.8660254037844387,-0.4999999999999998,0.10116832198743272,-0.994869323391895,376.0,16162.0,2652.0,933.9428571428577,1359.2571428571428,3194.8799999999997,1738.6314223713946,2312.704251841028,4869.98357841882,0.0,4849.6,0.0,16162.0,901.1877062291377,2161.039917088153,0,0,0,0,0.0,0.0,0.0,0.0,0.0,0.0,0.0,0.0,0.0,0.0,0.0,0.0,0.0,0.0,0,0,0.0,0.0,0.0,0.0,0.0
2022-04-16,4516.0,2022,4,16,5,2,15,1,0,0,-0.9749279121818236,-0.2225209339563146,0.8660254037844387,-0.4999999999999998,-0.10116832198743204,-0.9948693233918952,480.0,4120.0,160.0,1510.5142857142862,1387.542857142857,3340.08,2176.965101104885,2351.1688686249786,4841.230364448193,0.0,4849.6,0.0,16162.0,1804.8907796718531,2312.972825663111,0,0,0,0,3.0,2.0,3.0,2258.0,752.6666666666666,857.9984459970386,330.0,0.0,752.6666666666666,564.5,0.12746234067207415,0.0,1.0,2.0,4,0,2258.0,6.0,3.0,0.12746234067207415,0.0
2022-04-17,1242.0,2022,4,17,6,2,15,1,0,0,-0.7818314824680299,0.6234898018587334,0.8660254037844387,-0.4999999999999998,-0.2993631229733582,-0.9541392564000488,376.0,676.0,960.0,1634.228571428572,1427.9714285714285,3349.48,2125.750965121342,2342.844138559471,4836.721388424331,0.0,4849.6,0.0,16162.0,1664.1680847538898,2243.8778046525877,0,0,0,0,3.0,2.0,2.0,621.0,207.0,32.90896534380867,245.0,0.0,207.0,207.0,0.2825836216839677,0.0,0.9182958340544894,2.0,4,0,621.0,4.0,2.7548875021634682,0.2825836216839677,0.0
2022-04-18,4828.0,2022,4,18,0,2,16,0,0,0,0.0,1.0,0.8660254037844387,-0.4999999999999998,-0.4853019625310808,-0.8743466161445822,4849.6,0.0,1932.8,1631.1428571428576,1772.8285714285714,3445.9866666666667,2120.314397172545,2468.4480354539196,4836.363598873202,0.0,4828.0,0.0,16162.0,2455.126063565417,2410.595365642743,0,0,0,0,3.0,2.0,3.0,1526.0,508.6666666666667,546.7735667836671,0.0,0.0,508.6666666666667,381.5,0.0,0.0,1.584962500721156,3.0,0,0,1526.0,6.0,4.754887502163468,0.0,0.0
2022-04-19,1656.0,2022,4,19,1,2,16,0,0,0,0.7818314824680298,0.6234898018587336,0.8660254037844387,-0.4999999999999998,-0.651372482722222,-0.7587581226927911,472.0,0.0,336.0,1800.285714285715,1891.1142857142856,3489.9866666666667,2058.767407478384,2416.0825058687224,4813.042367663051,0.0,4828.0,0.0,16162.0,2255.3445476740626,2361.911793665792,0,0,0,0,3.0,3.0,3.0,708.0,236.0,72.85602240034794,0.0,0.0,177.0,177.0,0.0,0.0,1.584962500721156,3.0,0,0,708.0,9.0,4.754887502163468,0.0,0.0
2022-04-20,912.0,2022,4,20,2,2,16,0,0,0,0.9749279121818236,-0.22252093395631434,0.8660254037844387,-0.4999999999999998,-0.7907757369376986,-0.6121059825476627,0.0,7320.0,7448.0,1930.5714285714291,1433.3999999999999,3272.1200000000003,1951.9367183341217,1848.9028413962508,4775.483717430966,0.0,4828.0,0.0,16162.0,1919.508410755547,2268.3690973002576,0,0,0,0,4.0,4.0,4.0,456.0,114.0,135.6269393102516,640.0,0.0,91.2,91.2,0.5834092980856882,0.0,1.584962500721156,3.0,0,0,456.0,16.0,6.339850002884624,0.0,0.0
2022-04-21,736.0,2022,4,21,3,2,16,0,0,0,0.43388373911755823,-0.900968867902419,0.8660254037844387,-0.4999999999999998,-0.8978045395707417,-0.44039415155763423,360.0,0.0,0.0,1984.285714285715,1485.9714285714285,3296.6533333333336,1906.1501964505837,1815.1664672245124,4759.95934550397,0.0,4828.0,0.0,16162.0,1623.6313080666603,2169.5065748937895,0,0,0,0,3.0,3.0,3.0,368.0,122.66666666666667,106.30772941481412,188.0,0.0,92.0,92.0,0.3375224416517056,0.0,1.584962500721156,3.0,0,0,368.0,9.0,4.754887502163468,0.0,0.0
2022-04-22,0.0,2022,4,22,4,2,16,0,0,0,-0.433883739117558,-0.9009688679024191,0.8660254037844387,-0.4999999999999998,-0.9680771188662041,-0.2506525322587213,0.0,376.0,376.0,1984.285714285715,1459.1142857142856,3284.1200000000003,1906.1501964505837,1835.5204078060754,4768.402359961119,0.0,4828.0,0.0,16162.0,1217.7234810499951,2029.5384087716097,0,0,0,0,1.0,1.0,1.0,0.0,0.0,0.0,580.0,0.0,0.0,0.0,0.9982788296041308,0.0,0.0,1.0,0,0,0.0,1.0,0.0,0.0,0.0
2022-04-23,7648.0,2022,4,23,5,2,16,1,0,0,-0.9749279121818236,-0.2225209339563146,0.8660254037844387,-0.4999999999999998,-0.9987165071710528,-0.05064916883871355,4516.0,480.0,300.0,2431.7142857142862,1971.1142857142856,3529.0533333333337,2770.8959871183533,2441.1911149642237,4798.4583633333405,0.0,7648.0,0.0,16162.0,2825.2926107874964,2392.0198017540865,0,0,0,0,4.0,4.0,3.0,1896.0,474.0,453.1313275420273,0.0,0.0,379.2,474.0,0.0,0.0,2.0,4.0,4,0,1896.0,12.0,8.0,0.0,0.0
2022-04-24,6940.0,2022,4,24,6,2,16,1,0,0,-0.7818314824680299,0.6234898018587334,0.8660254037844387,-0.4999999999999998,-0.9884683243281114,0.15142777750457667,1242.0,376.0,752.0,3245.7142857142862,2439.9714285714285,3735.32,3171.1784199928875,2725.1004236763324,4807.956878744034,0.0,7648.0,0.0,16162.0,3853.9694580906225,2685.437879060275,0,0,0,0,4.0,4.0,1.0,3230.0,807.5,985.7442196973141,190.0,0.0,646.0,1615.0,0.05553931598947676,0.0,0.8112781244591328,2.0,4,0,3230.0,4.0,3.2451124978365313,0.05553931598947676,0.0
2022-04-25,11700.0,2022,4,25,0,2,17,0,0,0,0.0,1.0,0.8660254037844387,-0.4999999999999998,-0.9377521321470804,0.3473052528448203,4828.0,4849.6,11120.0,4227.428571428572,2929.285714285714,3754.6533333333336,4519.646256701324,3649.3419939779596,4839.736550804744,0.0,11700.0,0.0,16162.0,5815.477093567967,3267.0225320241284,0,0,0,0,3.0,3.0,3.0,5850.0,1950.0,3334.291528945842,238.0,0.0,1462.5,1462.5,0.03908687797667926,0.0,1.584962500721156,3.0,0,0,5850.0,9.0,4.754887502163468,0.0,0.0
2022-04-26,5632.0,2022,4,26,1,2,17,0,0,0,0.7818314824680298,0.6234898018587336,0.8660254037844387,-0.4999999999999998,-0.848644257494751,0.5289640103269624,1656.0,472.0,2280.0,4795.428571428572,3297.8571428571427,3866.3866666666668,4390.622995169852,3642.638981185589,4843.209766668591,0.0,11700.0,0.0,16162.0,5769.607820175976,3419.601723506443,0,1,0,0,5.0,5.0,3.0,2186.0,437.2,362.2398376766421,0.0,0.0,364.3333333333333,546.5,0.0,0.0,1.0,2.0,0,0,2186.0,15.0,5.0,0.0,0.0
2022-04-27,0.0,2022,4,27,2,2,17,0,0,0,0.9749279121818236,-0.22252093395631434,0.8660254037844387,-0.4999999999999998,-0.72479278722912,0.6889669190756865,912.0,0.0,5958.0,4665.142857142858,3297.8571428571427,3667.786666666667,4536.182661981013,3642.638981185589,4876.525703587251,0.0,11700.0,0.0,16162.0,4327.205865131982,3198.982257473769,0,1,0,0,1.0,1.0,1.0,0.0,0.0,0.0,99.0,0.0,0.0,0.0,0.99,0.0,0.0,1.0,0,0,0.0,1.0,0.0,0.0,0.0
2022-04-28,852.0,2022,4,28,3,2,17,0,0,1,0.43388373911755823,-0.900968867902419,0.8660254037844387,-0.4999999999999998,-0.5712682150947924,0.8207634412072763,736.0,360.0,376.0,4681.714285714285,3333.0,3683.6533333333336,4519.618188677952,3614.3790401884917,4866.209413959263,0.0,11700.0,0.0,16162.0,3458.4043988489866,3047.564047314171,0,1,0,0,3.0,3.0,1.0,426.0,142.0,123.88704532758864,188.0,0.0,106.5,213.0,0.3056910569105691,0.0,0.9182958340544894,2.0,0,0,426.0,3.0,2.7548875021634682,0.0,852.0
2022-04-29,6078.2,2022,4,29,4,2,17,0,0,1,-0.433883739117558,-0.9009688679024191,0.8660254037844387,-0.4999999999999998,-0.3943558551133187,0.9189578116202306,0.0,0.0,15120.0,5550.028571428572,3767.157142857143,3382.26,4027.3156327402844,3547.663435756925,4390.187012637508,0.0,11700.0,0.0,16162.0,4113.35329913674,3243.0889474874507,0,1,0,0,3.0,3.0,3.0,2039.1,679.6999999999999,338.38184052930495,0.0,0.0,509.775,509.775,0.0,0.0,0.9182958340544894,2.0,0,0,2039.1,9.0,2.7548875021634682,0.0,6078.2
2022-04-30,4374.0,2022,4,30,5,2,17,1,0,1,-0.9749279121818236,-0.2225209339563146,0.8660254037844387,-0.4999999999999998,-0.20129852008866114,0.9795299412524943,7648.0,4516.0,13536.0,5082.314285714287,3757.0142857142855,3076.86,3932.0454759274976,3545.5601536086197,3956.7731349918345,0.0,11700.0,0.0,16162.0,4178.514974352555,3316.050950875357,0,1,0,0,4.0,3.0,3.0,1187.0,296.75,476.481111902665,3680.0,0.0,296.75,296.75,0.7559572719802794,0.0,1.5,3.0,4,0,1187.0,9.0,6.0,0.7559572719802794,4374.0
2022-05-01,17156.0,2022,5,1,6,2,17,1,1,0,-0.7818314824680299,0.6234898018587334,0.49999999999999994,-0.8660254037844387,0.20129852008866006,0.9795299412524945,6940.0,1242.0,16162.0,6541.742857142858,4893.728571428571,3109.9933333333333,6057.767162593034,4950.064557532184,4072.590954504595,0.0,17156.0,0.0,17156.0,7422.886230764417,4208.95088952856,0,1,0,0,8.0,7.0,5.0,5238.0,654.75,758.4167248758619,2180.0,0.0,654.75,873.0,0.2938401401806173,0.0,2.1556390622295667,5.0,5,0,5238.0,35.0,17.245112497836534,0.2938401401806173,0.0
2022-05-02,1798.2,2022,5,2,0,2,18,0,1,0,0.0,1.0,0.49999999999999994,-0.8660254037844387,0.39435585511331855,0.9189578116202306,11700.0,4828.0,4120.0,5127.2,4677.314285714286,3032.6,5803.250807377994,5018.911110046629,4074.796004371432,0.0,17156.0,0.0,17156.0,6016.714673073313,4053.4185740751045,0,1,0,0,2.0,2.0,2.0,899.1,449.55,635.7597069648249,3200.0,0.0,299.7,299.7,0.7804687690544132,0.0,1.0,2.0,0,0,899.1,4.0,2.0,0.0,0.0
2022-05-05,5996.0,2022,5,5,3,2,18,0,0,0,0.43388373911755823,-0.900968867902419,0.49999999999999994,-0.8660254037844387,0.8486442574947509,0.5289640103269624,5632.0,1656.0,676.0,5179.2,4987.314285714286,3209.9333333333334,5810.154645101969,4951.521021146651,4084.4519089813775,0.0,17156.0,0.0,17156.0,6011.536004804984,4178.746408005743,0,0,1,0,3.0,3.0,1.0,1999.0,666.3333333333334,577.0618106696486,0.0,0.0,499.75,999.5,0.0,0.0,0.0,1.0,0,0,1999.0,3.0,0.0,0.0,0.0
2022-05-06,3430.0,2022,5,6,4,2,18,0,0,0,-0.433883739117558,-0.9009688679024191,0.49999999999999994,-0.8660254037844387,0.9377521321470804,0.3473052528448203,0.0,912.0,0.0,5669.2,5167.171428571428,3324.266666666667,5432.959138443799,4836.49942121661,4039.256796212285,852.0,17156.0,0.0,17156.0,5366.152003603738,4130.440188134406,0,0,1,0,2.0,2.0,1.0,1715.0,857.5,866.2058069535207,245.0,0.0,571.6666666666666,857.5,0.12493625701172871,0.0,0.0,1.0,0,0,1715.0,2.0,0.0,0.0,0.0
2022-05-07,4116.2,2022,5,7,5,2,18,1,0,0,-0.9749279121818236,-0.2225209339563146,0.49999999999999994,-0.8660254037844387,0.9884683243281114,0.1514277775045767,852.0,736.0,0.0,6135.514285714286,5408.614285714285,3461.4733333333334,5079.148879956355,4680.118194079021,3992.0779653375184,1798.2,17156.0,0.0,17156.0,5053.664002702803,4129.521466319283,0,0,1,0,6.0,5.0,2.0,2058.1,343.01666666666665,471.8515038300362,0.0,0.0,343.01666666666665,686.0333333333333,0.0,0.0,0.9182958340544894,2.0,5,0,2058.1,10.0,5.5097750043269365,0.0,0.0
2022-05-08,640.0,2022,5,8,6,2,18,1,0,0,-0.7818314824680299,0.6234898018587334,0.49999999999999994,-0.8660254037844387,0.9987165071710528,-0.05064916883871264,6078.2,0.0,7320.0,5358.628571428572,5454.328571428571,3238.8066666666664,5488.762041879841,4626.03750199781,3955.5677841653082,640.0,17156.0,0.0,17156.0,3950.2480020271023,3904.391049137394,0,0,1,0,5.0,5.0,3.0,320.0,64.0,87.63560920082658,0.0,0.0,53.333333333333336,80.0,0.0,0.0,0.9709505944546688,2.0,5,0,320.0,15.0,4.854752972273344,0.0,0.0
2022-05-09,1998.0,2022,5,9,0,2,19,0,0,0,0.0,1.0,0.49999999999999994,-0.8660254037844387,0.9680771188662043,-0.2506525322587204,4374.0,7648.0,0.0,5019.200000000002,5050.757142857142,3305.4066666666668,5631.413398665265,4666.218473027384,3915.7755391566407,640.0,17156.0,0.0,17156.0,3462.1860015203265,3781.3980782253043,0,0,1,0,6.0,5.0,3.0,999.0,166.5,407.8400421733991,960.0,0.0,166.5,249.75,0.4897959183673469,0.0,1.370950594454669,3.0,0,0,999.0,15.0,8.225703566728013,0.0,0.0
2022-05-10,1848.0,2022,5,10,1,2,19,0,0,0,0.7818314824680298,0.6234898018587336,0.49999999999999994,-0.8660254037844387,0.8978045395707416,-0.4403941515576344,17156.0,6940.0,376.0,2832.342857142857,4687.0428571428565,3354.4733333333334,1805.3202512362825,4705.913746751864,3886.9189498512387,640.0,5996.0,0.0,17156.0,3058.6395011402446,3656.662718339801,0,0,1,0,6.0,6.0,2.0,924.0,154.0,278.1165223427044,0.0,0.0,132.0,308.0,0.0,0.0,0.0,1.0,0,0,924.0,12.0,0.0,0.0,0.0
2022-05-11,0.0,2022,5,11,2,2,19,0,0,0,0.9749279121818236,-0.22252093395631434,0.49999999999999994,-0.8660254037844387,0.7907757369376989,-0.6121059825476626,1798.2,11700.0,480.0,2575.4571428571435,3851.328571428571,3338.4733333333334,2083.5014589684924,4393.194564048177,3900.124857235086,0.0,5996.0,0.0,17156.0,2293.9796258551833,3420.748994575943,0,0,1,0,3.0,3.0,3.0,0.0,0.0,0.0,1788.0,0.0,0.0,0.0,0.9994410285075461,0.0,0.9182958340544894,2.0,0,0,0.0,9.0,2.7548875021634682,0.0,0.0
2022-05-12,2288.0,2022,5,12,3,2,19,0,0,0,0.43388373911755823,-0.900968867902419,0.49999999999999994,-0.8660254037844387,0.6513724827222223,-0.7587581226927909,5996.0,5632.0,376.0,2045.7428571428575,3612.4714285714285,3402.2066666666665,1441.3077150712277,4379.818466632993,3865.5134422697106,0.0,4116.2,0.0,17156.0,2292.4847193913874,3347.6684142807208,0,0,0,0,4.0,4.0,3.0,999.0,249.75,499.5,1600.0,0.0,199.8,249.75,0.6153846153846154,0.0,0.0,1.0,0,0,999.0,12.0,0.0,0.0,0.0
2022-05-13,0.0,2022,5,13,4,2,19,0,0,0,-0.433883739117558,-0.9009688679024191,0.49999999999999994,-0.8660254037844387,0.48530196253108104,-0.8743466161445821,3430.0,0.0,4849.6,1555.7428571428577,3612.4714285714285,3240.553333333333,1474.9239289504105,4379.818466632993,3904.1080915941075,0.0,4116.2,0.0,17156.0,1719.3635395435406,3131.689806907771,0,0,0,0,5.0,5.0,2.0,0.0,0.0,0.0,800.0,0.0,0.0,0.0,0.9987515605493134,0.0,0.0,1.0,0,0,0.0,10.0,0.0,0.0,0.0
2022-05-14,2870.2,2022,5,14,5,2,19,1,0,0,-0.9749279121818236,-0.2225209339563146,0.49999999999999994,-0.8660254037844387,0.29936312297335804,-0.9541392564000488,4116.2,852.0,472.0,1377.7428571428577,3756.628571428571,3320.4933333333333,1154.8789530468193,4314.700754652383,3869.8672420366715,0.0,2870.2,0.0,17156.0,2007.0726546576554,3114.819496784689,0,0,0,0,11.0,9.0,5.0,1435.1,130.46363636363637,267.8507878380322,0.0,0.0,143.51,239.1833333333333,0.0,0.0,0.8812908992306927,2.0,5,0,1435.1000000000001,45.0,9.69419989153762,0.0,0.0
2022-05-15,6572.2,2022,5,15,6,2,19,1,0,0,-0.7818314824680299,0.6234898018587334,0.49999999999999994,-0.8660254037844387,0.10116832198743272,-0.994869323391895,640.0,6078.2,0.0,2225.2000000000003,3791.9142857142847,3539.5666666666666,2214.095285513558,4337.1088496400935,3861.429198369821,0.0,6572.2,0.0,17156.0,3148.3544909932416,3337.8763034437416,0,0,0,0,8.0,6.0,4.0,3286.1,410.7625,479.15389098910595,3388.0,0.0,469.4428571428571,657.22,0.5075579392069033,0.0,1.561278124459133,3.0,5,0,3286.1,24.0,12.490224995673064,0.5075579392069033,0.0
2022-05-16,4262.2,2022,5,16,0,2,20,0,0,0,0.0,1.0,0.49999999999999994,-0.8660254037844387,-0.10116832198743204,-0.9948693233918952,1998.0,4374.0,360.0,2548.6571428571433,3783.928571428571,3669.64,2337.3305677325943,4336.057437603639,3816.088495467759,0.0,6572.2,0.0,17156.0,3426.815868244931,3397.5100903183393,0,0,0,0,8.0,7.0,3.0,1617.1,202.1375,325.34558741436774,0.0,0.0,202.1375,404.275,0.0,0.0,0.5916727785823274,2.0,0,0,1617.1,21.0,4.733382228658619,0.0,0.0
2022-05-17,9510.0,2022,5,17,1,2,20,0,0,0,0.7818314824680298,0.6234898018587336,0.49999999999999994,-0.8660254037844387,-0.2993631229733582,-0.9541392564000488,1848.0,17156.0,0.0,3643.2285714285717,3237.785714285714,3986.64,3472.7859314553643,2692.124050707108,3894.922813417843,0.0,9510.0,0.0,17156.0,4947.611901183698,3791.8642780397367,0,0,0,0,10.0,8.0,5.0,4755.0,475.5,606.491412415158,0.0,0.0,528.3333333333334,792.5,0.0,0.0,2.1219280948873624,5.0,0,0,4755.0,40.0,21.219280948873624,0.0,0.0
2022-05-18,5078.0,2022,5,18,2,2,20,0,0,0,0.9749279121818236,-0.22252093395631434,0.49999999999999994,-0.8660254037844387,-0.4853019625310808,-0.8743466161445822,0.0,1798.2,4516.0,4368.657142857143,3472.0571428571425,4005.3733333333334,3094.7046465735334,2699.907874700204,3898.906143941448,0.0,9510.0,0.0,17156.0,4980.208925887773,3874.8407762307215,0,0,0,0,10.0,8.0,5.0,2539.0,253.9,324.26958948792384,4800.0,0.0,282.1111111111111,423.1666666666667,0.6539509536784741,0.0,1.6854752972273344,4.0,0,0,2539.0,40.0,16.854752972273342,0.0,0.0
2022-05-19,2144.0,2022,5,19,3,2,20,0,0,0,0.43388373911755823,-0.900968867902419,0.49999999999999994,-0.8660254037844387,-0.651372482722222,-0.7587581226927911,2288.0,5996.0,1242.0,4348.085714285715,3196.9142857142856,4035.44,3111.2747673735357,2617.942980767437,3880.2948822888766,0.0,9510.0,0.0,17156.0,4271.156694415829,3763.173629377127,0,0,0,0,7.0,7.0,5.0,712.0,101.71428571428571,147.90730688026008,1616.0,0.0,89.0,118.66666666666667,0.6938600257621297,0.0,0.7219280948873623,2.0,0,0,712.0,35.0,5.053496664211536,0.0,0.0
2022-05-20,6594.0,2022,5,20,4,2,20,0,0,0,-0.433883739117558,-0.9009688679024191,0.49999999999999994,-0.8660254037844387,-0.7907757369376986,-0.6121059825476627,0.0,3430.0,4828.0,5290.085714285715,3422.9142857142856,4094.3066666666664,2516.840534895931,2771.6688843358697,3906.0434263996026,2144.0,9510.0,0.0,17156.0,4851.867520811872,3945.807588772151,0,0,0,0,7.0,6.0,4.0,2297.0,328.14285714285717,370.42787357839245,0.0,0.0,328.14285714285717,459.4,0.0,0.0,1.7924812503605778,4.0,0,0,2297.0,24.0,12.547368752524045,0.0,0.0
2022-05-21,1076.0,2022,5,21,5,2,20,1,0,0,-0.9749279121818236,-0.2225209339563146,0.49999999999999994,-0.8660254037844387,-0.8978045395707417,-0.44039415155763423,2870.2,4116.2,1656.0,5033.77142857143,3205.7571428571428,4074.9733333333334,2870.821894925032,2831.6221186163602,3919.938883314324,1076.0,9510.0,0.0,17156.0,3907.900640608904,3760.6587120771737,0,0,0,0,5.0,5.0,4.0,538.0,107.6,169.6726259595224,0.0,0.0,89.66666666666667,107.6,0.0,0.0,1.370950594454669,3.0,5,0,538.0,20.0,6.854752972273345,0.0,0.0
2022-05-22,4772.0,2022,5,22,6,2,20,1,0,0,-0.7818314824680299,0.6234898018587334,0.49999999999999994,-0.8660254037844387,-0.9680771188662041,-0.2506525322587213,6572.2,640.0,912.0,4776.599999999999,3500.9,4203.64,2789.519430535184,2758.0032685315673,3875.6378658629023,1076.0,9510.0,0.0,17156.0,4123.925480456678,3825.906537104453,0,0,0,0,8.0,7.0,4.0,2386.0,298.25,452.756872630649,0.0,0.0,298.25,477.2,0.0,0.0,0.5435644431995964,2.0,5,0,2386.0,28.0,4.348515545596771,0.0,0.0
2022-05-23,10370.4,2022,5,23,0,2,21,0,0,0,0.0,1.0,0.49999999999999994,-0.8660254037844387,-0.9987165071710528,-0.05064916883871355,4262.2,1998.0,736.0,5649.2,4098.928571428572,4524.786666666667,3473.338635952445,3267.673293722237,3976.252105701041,1076.0,10370.4,0.0,17156.0,5685.544110342509,4248.131921807391,0,0,0,0,14.0,9.0,4.0,5185.2,370.37142857142857,467.79817217482787,5600.0,0.0,518.52,1037.04,0.5191819176354971,0.0,1.1981174211304033,3.0,0,0,5185.2,36.0,16.773643895825646,0.0,0.0
2022-05-24,3350.2,2022,5,24,1,2,21,0,0,0,0.7818314824680298,0.6234898018587336,0.49999999999999994,-0.8660254037844387,-0.9884683243281114,0.15142777750457667,9510.0,1848.0,0.0,4769.228571428573,4206.228571428571,4636.46,3091.484649654211,3212.2683429024455,3890.920797375383,1076.0,10370.4,0.0,17156.0,5101.708082756882,4190.2008300778825,0,0,0,0,8.0,8.0,4.0,1675.1,209.3875,329.22502264517243,0.0,0.0,186.1222222222222,335.02,0.0,0.0,0.8112781244591328,2.0,0,0,1675.1,32.0,6.490224995673063,0.0,0.0
2022-05-25,1998.0,2022,5,25,2,2,21,0,0,0,0.9749279121818236,-0.22252093395631434,0.49999999999999994,-0.8660254037844387,-0.9377521321470804,0.3473052528448203,5078.0,0.0,7648.0,4329.228571428572,4348.942857142857,4448.126666666666,3255.0686637480158,3051.373641169172,3876.8396725748903,1076.0,10370.4,0.0,17156.0,4325.781062067661,4048.768518459955,0,0,0,0,7.0,7.0,3.0,999.0,142.71428571428572,377.586508536218,0.0,0.0,124.875,249.75,0.0,0.0,0.0,1.0,0,0,999.0,21.0,0.0,0.0,0.0
2022-05-26,2666.0,2022,5,26,3,2,21,0,0,0,0.43388373911755823,-0.900968867902419,0.49999999999999994,-0.8660254037844387,-0.848644257494751,0.5289640103269624,2144.0,2288.0,6940.0,4403.8,4375.942857142857,4305.66,3202.2130659904574,3033.353811241916,3860.6071068573206,1076.0,10370.4,0.0,17156.0,3910.8357965507457,3959.5576463012485,0,0,0,0,11.0,10.0,4.0,1333.0,121.18181818181819,300.29412854127474,1600.0,0.0,121.18181818181819,266.6,0.5453306066803,0.0,0.9219280948873624,3.0,0,0,1333.0,40.0,10.141209043760986,0.0,0.0
2022-05-27,9780.0,2022,5,27,4,2,21,0,0,0,-0.433883739117558,-0.9009688679024191,0.49999999999999994,-0.8660254037844387,-0.72479278722912,0.6889669190756865,6594.0,0.0,11700.0,4858.942857142858,5074.5142857142855,4241.66,3745.697006280292,3073.9474573501548,3748.073455339516,1076.0,10370.4,0.0,17156.0,5378.126847413059,4335.070056217297,0,0,0,0,11.0,11.0,4.0,3502.0,318.3636363636364,373.0046307292371,1350.0,0.0,291.8333333333333,700.4,0.2781784463218628,0.0,2.1180782093497093,5.0,0,0,3502.0,44.0,23.2988603028468,0.0,0.0
2022-05-28,4948.0,2022,5,28,5,2,21,1,0,0,-0.9749279121818236,-0.2225209339563146,0.49999999999999994,-0.8660254037844387,-0.5712682150947924,0.8207634412072763,1076.0,2870.2,5632.0,5412.085714285715,5222.928571428572,4218.86,3359.9846663482303,3008.8026983473756,3741.3986866982777,1998.0,10370.4,0.0,17156.0,5270.5951355597945,4374.613923558117,0,0,0,0,13.0,12.0,4.0,2474.0,190.30769230769232,374.5518176468566,768.0,0.0,190.30769230769232,494.8,0.23681776133209992,0.0,1.3520301017579528,4.0,5,0,2474.0,48.0,17.576391322853386,0.23681776133209992,0.0
2022-05-29,4022.0,2022,5,29,6,2,21,1,0,1,-0.7818314824680299,0.6234898018587334,0.49999999999999994,-0.8660254037844387,-0.3943558551133187,0.9189578116202306,4772.0,6572.2,0.0,5304.942857142858,5040.771428571427,4352.926666666666,3395.5670409408503,2998.0092973193427,3656.098438078432,1998.0,10370.4,0.0,17156.0,4958.446351669846,4351.864638167271,0,0,0,0,7.0,6.0,4.0,2011.0,287.2857142857143,359.8734565953771,3200.0,0.0,287.2857142857143,402.2,0.6139677666922486,0.0,1.4591479170272446,3.0,5,0,2011.0,24.0,10.214035419190711,0.6139677666922486,4022.0
2022-05-30,15466.8,2022,5,30,0,2,22,0,0,1,0.0,1.0,0.49999999999999994,-0.8660254037844387,-0.20129852008866114,0.9795299412524943,10370.4,4262.2,852.0,6033.0,5841.099999999999,4840.086666666667,4883.189996986258,4075.94551088362,4118.028339968245,1998.0,15466.8,0.0,17156.0,7585.534763752385,5068.957242156479,0,0,0,0,16.0,14.0,6.0,7521.0,470.0625,536.0949503896985,836.0,0.0,501.4,1074.4285714285713,0.10002392916965781,0.0,1.4299111709758698,4.0,0,0,7521.0,84.0,22.878578735613917,0.0,15466.8
2022-05-31,6350.0,2022,5,31,1,2,22,0,0,1,0.7818314824680298,0.6234898018587336,0.49999999999999994,-0.8660254037844387,-2.4492935982947064e-16,1.0,3350.2,9510.0,6078.2,6461.542857142857,5615.385714285714,4849.1466666666665,4737.981243404951,3942.45343718802,4121.14403263792,1998.0,15466.8,0.0,17156.0,7276.651072814288,5151.605162017352,0,0,0,0,9.0,9.0,3.0,3175.0,352.77777777777777,292.90517995495475,988.0,0.0,317.5,793.75,0.2372718539865514,0.0,1.061278124459133,3.0,0,0,3175.0,27.0,9.551503120132196,0.0,6350.0
2022-06-01,3980.0,2022,6,1,2,2,22,0,1,0,0.9749279121818236,-0.22252093395631434,1.2246467991473532e-16,-1.0,0.20129852008866006,0.9795299412524945,1998.0,5078.0,4374.0,6744.685714285714,5536.957142857143,4836.013333333333,4478.9219042936975,3964.8241479510602,4123.337671464653,2666.0,15466.8,0.0,17156.0,6452.488304610716,5076.017732209782,0,0,0,0,13.0,12.0,5.0,1990.0,153.07692307692307,193.77756214212107,50.0,0.0,153.07692307692307,331.6666666666667,0.02449779519843214,0.0,1.2957378005380122,3.0,0,0,1989.9999999999998,60.0,16.84459140699416,0.0,0.0
2022-06-02,3916.2,2022,6,2,3,2,22,0,1,0,0.43388373911755823,-0.900968867902419,1.2246467991473532e-16,-1.0,0.39435585511331855,0.9189578116202306,2666.0,2144.0,17156.0,6923.285714285715,5663.5428571428565,4394.6866666666665,4310.951501864587,3875.4469434980215,3405.2515291909754,3916.2,15466.8,0.0,15466.8,5818.416228458037,5001.190781744635,0,0,0,0,11.0,10.0,4.0,1958.1,178.0090909090909,292.45276697116566,0.0,0.0,178.0090909090909,391.62,0.0,0.0,0.9219280948873624,3.0,0,0,1958.1,40.0,10.141209043760986,0.0,0.0
2022-06-03,14256.0,2022,6,3,4,2,22,0,1,0,-0.433883739117558,-0.9009688679024191,1.2246467991473532e-16,-1.0,0.5712682150947923,0.8207634412072763,9780.0,6594.0,1798.2,7562.714285714285,6210.828571428571,4809.946666666667,5070.365159574657,4506.571469007758,3812.895238776573,3916.2,15466.8,0.0,15466.8,7927.812171343528,5598.275247438531,0,0,0,0,12.0,12.0,5.0,6340.0,528.3333333333334,1663.8500442338454,3200.0,0.0,487.6923076923077,1056.6666666666667,0.33539461272403315,0.0,1.3485878960124225,3.0,0,0,6340.0,60.0,16.18305475214907,0.0,0.0
2022-06-04,4598.0,2022,6,4,5,2,22,1,0,0,-0.9749279121818236,-0.2225209339563146,1.2246467991473532e-16,-1.0,0.7247927872291199,0.6889669190756866,4948.0,1076.0,5996.0,7512.714285714285,6462.4,4763.346666666666,5102.073387499296,4291.029464431048,3806.4373108190557,3916.2,15466.8,0.0,15466.8,7095.359128507645,5533.741360507013,0,0,0,0,13.0,12.0,6.0,2299.0,176.84615384615384,369.48519279168374,0.0,0.0,176.84615384615384,328.42857142857144,0.0,0.0,0.7732283485249177,3.0,6,0,2299.0,72.0,10.051968530823931,0.0,0.0
2022-06-05,1156.0,2022,6,5,6,2,22,1,0,0,-0.7818314824680299,0.6234898018587334,1.2246467991473532e-16,-1.0,0.8486442574947509,0.5289640103269624,4022.0,4772.0,3430.0,7103.285714285715,6204.114285714285,4687.546666666666,5526.243828445189,4504.140043398903,3856.220914380522,1156.0,15466.8,0.0,15466.8,5610.519346380734,5251.30643402269,0,0,0,0,6.0,6.0,4.0,578.0,96.33333333333333,161.84148623473112,3390.0,0.0,82.57142857142857,115.6,0.854119425547997,0.0,1.2516291673878228,3.0,6,0,578.0,24.0,7.5097750043269365,0.854119425547997,0.0
2022-06-06,1420.0,2022,6,6,0,2,23,0,0,0,0.0,1.0,1.2246467991473532e-16,-1.0,0.9377521321470804,0.3473052528448203,15466.8,10370.4,4116.2,5096.599999999999,5564.8,4597.673333333333,4423.423966416362,4502.4976159392345,3901.1530576567197,1156.0,14256.0,0.0,15466.8,4562.88950978555,5004.125373763162,0,0,0,0,14.0,14.0,5.0,550.0,39.285714285714285,105.28089064054281,9790.0,0.0,36.666666666666664,91.66666666666667,0.946716951938884,0.0,0.3912435636292556,2.0,0,0,550.0,70.0,5.477409890809579,0.0,0.0
2022-06-07,1160.0,2022,6,7,1,2,23,0,0,0,0.7818314824680298,0.6234898018587336,1.2246467991473532e-16,-1.0,0.9884683243281114,0.1514277775045767,6350.0,3350.2,640.0,4355.171428571429,5408.357142857143,4615.006666666666,4609.372177681138,4621.833393248299,3884.080091678687,1156.0,14256.0,0.0,15466.8,3712.167132339163,4756.117285133281,0,0,0,0,9.0,9.0,3.0,580.0,64.44444444444444,127.87798003478855,5600.0,0.0,58.0,145.0,0.9060022650056625,0.0,0.7642045065086203,2.0,0,0,580.0,27.0,6.877840558577582,0.0,0.0
2022-06-08,3752.0,2022,6,8,2,2,23,0,0,0,0.9749279121818236,-0.22252093395631434,1.2246467991473532e-16,-1.0,0.9987165071710528,-0.05064916883871264,3980.0,1998.0,1998.0,4322.6,5533.642857142857,4673.473333333332,4613.269034715694,4545.417835530687,3856.431138611265,1156.0,14256.0,0.0,15466.8,3722.125349254372,4691.335524802102,0,0,0,0,14.0,12.0,4.0,1776.0,126.85714285714286,214.60620721643673,3580.0,0.0,136.6153846153846,355.2,0.6682844875863356,0.0,1.896240625180289,5.0,0,0,1776.0,48.0,26.547368752524047,0.0,0.0
2022-06-09,1156.0,2022,6,9,3,2,23,0,0,0,0.43388373911755823,-0.900968867902419,1.2246467991473532e-16,-1.0,0.9680771188662043,-0.2506525322587204,3916.2,2666.0,1848.0,3928.2857142857147,5425.785714285715,4650.406666666666,4769.124927219728,4635.716026654378,3875.9342795336934,1156.0,14256.0,0.0,15466.8,3080.5940119407787,4463.249361911644,0,0,0,0,10.0,10.0,4.0,578.0,57.8,130.48439668319648,190.0,0.0,52.54545454545455,115.6,0.247074122236671,0.0,0.9219280948873624,3.0,0,0,578.0,40.0,9.219280948873624,0.0,0.0
2022-06-10,360.0,2022,6,10,4,2,23,0,0,0,-0.433883739117558,-0.9009688679024191,1.2246467991473532e-16,-1.0,0.8978045395707416,-0.4403941515576344,14256.0,9780.0,0.0,1943.1428571428576,4752.928571428572,4662.406666666666,1578.6466174724408,4638.740782455216,3861.570686501877,360.0,4598.0,0.0,15466.8,2400.445508955584,4198.523596627022,0,0,0,0,9.0,9.0,4.0,180.0,20.0,60.0,0.0,0.0,18.0,36.0,0.0,0.0,0.9864267287308426,3.0,0,0,180.0,36.0,8.877840558577583,0.0,0.0
2022-06-11,5436.0,2022,6,11,5,2,23,1,0,0,-0.9749279121818236,-0.2225209339563146,1.2246467991473532e-16,-1.0,0.7907757369376989,-0.6121059825476626,4598.0,4948.0,2288.0,2062.8571428571436,4787.785714285715,4767.339999999999,1825.934229243716,4642.151623457045,3837.5208696815425,360.0,5436.0,0.0,15466.8,3159.334131716688,4278.360783941408,0,0,0,0,13.0,12.0,6.0,2718.0,209.07692307692307,367.665033587744,0.0,0.0,209.07692307692307,388.2857142857143,0.0,0.0,0.0,1.0,6,0,2718.0,72.0,0.0,0.0,0.0
2022-06-12,430.0,2022,6,12,6,2,23,1,0,0,-0.7818314824680299,0.6234898018587334,1.2246467991473532e-16,-1.0,0.6513724827222223,-0.7587581226927909,1156.0,4022.0,0.0,1959.1428571428576,4531.214285714285,4781.673333333333,1904.9387941673729,4784.8052451094,3819.863017036022,360.0,5436.0,360.0,15466.8,2477.0005987875156,4030.0794430419623,0,0,0,0,8.0,8.0,3.0,190.0,23.75,67.17514421272202,190.0,0.0,21.11111111111111,47.5,0.49868766404199477,0.0,0.5435644431995964,2.0,6,0,190.0,24.0,4.348515545596771,0.49868766404199477,0.0
2022-06-13,1376.0,2022,6,13,0,2,24,0,0,0,0.0,1.0,1.2246467991473532e-16,-1.0,0.48530196253108104,-0.8743466161445821,1420.0,15466.8,2870.2,1952.8571428571433,3524.7285714285713,4731.866666666667,1907.085684893011,3656.531031630223,3855.22355014715,360.0,5436.0,360.0,15466.8,2201.7504490906367,3858.848511232804,0,0,0,0,13.0,12.0,4.0,688.0,52.92307692307692,190.81686750147884,0.0,0.0,52.92307692307692,137.6,0.0,0.0,0.6193821946787638,2.0,0,0,688.0,48.0,8.05196853082393,0.0,0.0
2022-06-14,472.0,2022,6,14,1,2,24,0,0,0,0.7818314824680298,0.6234898018587336,1.2246467991473532e-16,-1.0,0.29936312297335804,-0.9541392564000488,1160.0,6350.0,6572.2,1854.5714285714291,3104.871428571428,4528.526666666667,1971.4017734548654,3644.615862512095,3915.21758147601,360.0,5436.0,360.0,15466.8,1769.3128368179775,3640.3421556693975,0,0,0,0,9.0,9.0,4.0,236.0,26.22222222222222,78.66666666666667,0.0,0.0,23.6,47.2,0.0,0.0,0.0,1.0,0,0,236.0,36.0,0.0,0.0,0.0
2022-06-15,1112.0,2022,6,15,2,2,24,0,0,0,0.9749279121818236,-0.22252093395631434,1.2246467991473532e-16,-1.0,0.10116832198743272,-0.994869323391895,3752.0,3980.0,4262.2,1477.428571428572,2900.0142857142855,4423.52,1792.301579640266,3672.141257936821,3964.5405228749078,360.0,5436.0,360.0,15466.8,1604.984627613483,3477.223306916533,0,0,0,0,11.0,10.0,3.0,556.0,50.54545454545455,167.64030758523657,0.0,0.0,50.54545454545455,139.0,0.0,0.0,0.0,1.0,0,0,556.0,30.0,0.0,0.0,0.0
2022-06-16,1756.0,2022,6,16,3,2,24,0,0,0,0.43388373911755823,-0.900968867902419,1.2246467991473532e-16,-1.0,-0.10116832198743204,-0.9948693233918952,1156.0,3916.2,9510.0,1563.1428571428576,2745.714285714286,4165.053333333333,1788.7112146805166,3671.542275572861,3873.2019133896265,360.0,5436.0,360.0,15466.8,1642.7384707101123,3366.1766419541764,0,0,0,0,11.0,11.0,4.0,878.0,79.81818181818181,209.6100275186367,330.0,0.0,73.16666666666667,175.6,0.2729528535980149,0.0,1.2776134368191157,4.0,0,0,878.0,44.0,14.053747805010271,0.0,0.0
2022-06-17,3098.0,2022,6,17,4,2,24,0,0,0,-0.433883739117558,-0.9009688679024191,1.2246467991473532e-16,-1.0,-0.2993631229733582,-0.9541392564000488,360.0,14256.0,5078.0,1954.285714285715,1948.7142857142856,4099.053333333333,1781.114418398943,1616.915317157089,3873.978397010721,430.0,5436.0,360.0,15466.8,2006.5538530325844,3348.8749231184233,0,0,0,0,12.0,12.0,5.0,1549.0,129.08333333333334,295.99614811171057,1790.0,0.0,119.15384615384616,258.1666666666667,0.5359281437125748,0.0,1.0957952550009338,3.0,0,0,1549.0,60.0,13.149543060011204,0.0,0.0
2022-06-18,1188.0,2022,6,18,5,2,24,1,0,0,-0.9749279121818236,-0.2225209339563146,1.2246467991473532e-16,-1.0,-0.4853019625310808,-0.8743466161445822,5436.0,4598.0,2144.0,1347.428571428572,1705.1428571428569,4067.186666666667,905.6435754281744,1433.5751359205901,3894.4925012862354,430.0,3098.0,360.0,15466.8,1801.9153897744382,3209.4636377559445,0,0,0,0,8.0,7.0,3.0,594.0,74.25,210.0107140124046,0.0,0.0,74.25,148.5,0.0,0.0,0.5435644431995964,2.0,6,0,594.0,21.0,4.348515545596771,0.0,0.0
2022-06-19,2993.6,2022,6,19,6,2,24,1,0,0,-0.7818314824680299,0.6234898018587334,1.2246467991473532e-16,-1.0,-0.651372482722222,-0.7587581226927911,430.0,1156.0,6594.0,1713.6571428571435,1836.3999999999996,3947.173333333333,987.461673276747,1463.2460101274542,3869.3347469677474,472.0,3098.0,360.0,15466.8,2099.8365423308287,3195.5369514491094,0,0,0,0,8.0,8.0,3.0,496.0,62.0,116.77573133391815,72.0,0.0,55.111111111111114,124.0,0.1265377855887522,0.0,0.0,1.0,6,0,496.0,24.0,0.0,0.1265377855887522,0.0
2022-06-20,2472.0,2022,6,20,0,2,25,0,0,0,0.0,1.0,1.2246467991473532e-16,-1.0,-0.7907757369376986,-0.6121059825476627,1376.0,1420.0,1076.0,1870.228571428572,1911.5428571428567,3993.7066666666665,1011.5954885135595,1467.2240569887956,3841.9119237183463,472.0,3098.0,360.0,15466.8,2192.8774067481218,3148.8571481298122,0,0,0,0,9.0,9.0,4.0,1236.0,137.33333333333334,242.00826432169623,0.0,0.0,123.6,247.2,0.0,0.0,1.061278124459133,3.0,0,0,1236.0,36.0,9.551503120132196,0.0,0.0
2022-06-21,3998.0,2022,6,21,1,2,25,0,0,0,0.7818314824680298,0.6234898018587336,1.2246467991473532e-16,-1.0,-0.8978045395707417,-0.44039415155763423,472.0,1160.0,4772.0,2373.9428571428575,2114.2571428571423,3967.9066666666668,1075.1917764708323,1549.1657118066578,3839.1029770286045,1112.0,3998.0,360.0,15466.8,2644.1580550610915,3203.640557927889,0,0,0,0,8.0,7.0,4.0,1999.0,249.875,462.6786720515962,0.0,0.0,249.875,399.8,0.0,0.0,0.0,1.0,0,0,1999.0,28.0,0.0,0.0,0.0
2022-06-22,3272.0,2022,6,22,2,2,25,0,0,0,0.9749279121818236,-0.22252093395631434,1.2246467991473532e-16,-1.0,-0.9680771188662041,-0.2506525322587213,1112.0,3752.0,10370.4,2682.514285714286,2079.971428571428,3731.2933333333335,956.0087786008705,1515.0678316516262,3644.7195034151423,1188.0,3998.0,360.0,15466.8,2801.1185412958184,3208.0508445131863,0,0,0,0,6.0,6.0,4.0,1358.0,226.33333333333334,280.8855045506383,0.0,0.0,194.0,271.6,0.0,0.0,1.7924812503605778,4.0,0,0,1358.0,24.0,10.754887502163466,0.0,0.0
2022-06-23,3998.0,2022,6,23,3,2,25,0,0,0,0.43388373911755823,-0.900968867902419,1.2246467991473532e-16,-1.0,-0.9987165071710528,-0.05064916883871355,1756.0,1156.0,3350.2,3002.8,2282.971428571428,3752.8866666666663,969.3391288226663,1571.1040054827754,3644.302779231255,1188.0,3998.0,360.0,15466.8,3100.338905971864,3259.015306157497,0,0,0,0,8.0,7.0,4.0,1999.0,249.875,462.6786720515963,0.0,0.0,249.875,399.8,0.0,0.0,0.0,1.0,0,0,1999.0,28.0,0.0,0.0,0.0
2022-06-24,3656.0,2022,6,24,4,2,25,0,0,0,-0.433883739117558,-0.9009688679024191,1.2246467991473532e-16,-1.0,-0.9884683243281114,0.15142777750457667,3098.0,360.0,1998.0,3082.514285714286,2518.4,3808.153333333333,1000.9026516576205,1506.4016503933326,3629.3129744777666,1188.0,3998.0,360.0,15466.8,3239.2541794788976,3284.627221889272,0,0,0,0,11.0,11.0,4.0,1628.0,148.0,230.26072179162472,0.0,0.0,135.66666666666666,325.6,0.0,0.0,0.7219280948873623,2.0,0,0,1628.0,44.0,7.941209043760986,0.0,0.0
2022-06-25,4656.0,2022,6,25,5,2,25,1,0,0,-0.9749279121818236,-0.2225209339563146,1.2246467991473532e-16,-1.0,-0.9377521321470804,0.3473052528448203,1188.0,5436.0,2666.0,3577.942857142858,2462.6857142857143,3874.486666666666,727.9381083057957,1400.925078355334,3625.901998288896,2472.0,4656.0,360.0,15466.8,3593.4406346091732,3373.10288499319,0,0,0,0,7.0,7.0,4.0,2328.0,332.57142857142856,470.93448133926836,330.0,0.0,291.0,465.6,0.12410680707032719,0.0,0.0,1.0,6,0,2328.0,28.0,0.0,0.12410680707032719,0.0
2022-06-26,4274.2,2022,6,26,6,2,25,1,0,0,-0.7818314824680299,0.6234898018587334,1.2246467991473532e-16,-1.0,-0.848644257494751,0.5289640103269624,2993.6,430.0,9780.0,3760.885714285715,2737.2714285714283,3690.96,717.4496670581937,1347.587427407052,3451.8461608746175,2472.0,4656.0,360.0,15466.8,3763.63047595688,3431.238182735565,0,0,0,0,13.0,13.0,4.0,832.0,64.0,125.08130689009182,6776.0,0.0,59.42857142857143,166.4,0.890524379024839,0.0,0.7219280948873623,2.0,6,0,832.0,52.0,9.38506523353571,0.890524379024839,0.0
2022-06-27,0.0,2022,6,27,0,2,26,0,0,0,0.0,1.0,1.2246467991473532e-16,-1.0,-0.72479278722912,0.6889669190756865,2472.0,1376.0,4948.0,3407.7428571428577,2638.985714285714,3526.026666666666,1565.1661241511997,1496.4637340986885,3507.4745883940336,0.0,4656.0,0.0,15466.8,2822.72285696766,3209.8679773977865,0,0,0,0,10.0,10.0,2.0,0.0,0.0,0.0,0.0,0.0,0.0,0.0,0.0,0.0,0.0,1.0,0,0,0.0,20.0,0.0,0.0,0.0
2022-06-28,5944.0,2022,6,28,1,2,26,0,0,1,0.7818314824680298,0.6234898018587336,1.2246467991473532e-16,-1.0,-0.5712682150947924,0.8207634412072763,3998.0,472.0,4022.0,3685.7428571428577,3029.8428571428567,3590.093333333333,1836.7398099686898,1598.0943039057126,3534.2971355027576,0.0,5944.0,0.0,15466.8,3603.042142725745,3386.2635917592197,0,0,0,0,13.0,12.0,4.0,2736.0,210.46153846153845,353.60821431461295,0.0,0.0,210.46153846153845,547.2,0.0,0.0,0.6500224216483541,2.0,0,0,2736.0,48.0,8.450291481428604,0.0,5944.0
2022-06-29,0.0,2022,6,29,2,2,26,0,0,1,0.9749279121818236,-0.22252093395631434,1.2246467991473532e-16,-1.0,-0.3943558551133187,0.9189578116202306,3272.0,1112.0,15466.8,3218.314285714286,2950.4142857142856,3074.5333333333333,2313.9349511374025,1723.4641367169527,2792.261328711213,0.0,5944.0,0.0,14256.0,2702.2816070443087,3167.7949729360444,0,0,0,0,1.0,1.0,1.0,0.0,0.0,0.0,800.0,0.0,0.0,0.0,0.9987515605493134,0.0,0.0,1.0,0,0,0.0,1.0,0.0,0.0,0.0
2022-06-30,5504.0,2022,6,30,3,2,26,0,0,1,0.43388373911755823,-0.900968867902419,1.2246467991473532e-16,-1.0,-0.20129852008866114,0.9795299412524943,3998.0,1756.0,6350.0,3433.4571428571435,3218.128571428571,3046.3333333333335,2463.6765878507313,1812.4580327994906,2762.15024752186,0.0,5944.0,0.0,14256.0,3402.7112052832317,3318.5178779079124,0,0,0,0,21.0,16.0,4.0,2752.0,131.04761904761904,276.833248760057,188.0,0.0,161.88235294117646,550.4,0.06392383543012581,0.0,0.8631205685666311,2.0,0,0,2752.0,64.0,18.125531939899254,0.0,5504.0
2022-07-01,7456.4,2022,7,1,4,3,26,0,1,0,-0.433883739117558,-0.9009688679024191,-0.4999999999999997,-0.8660254037844388,0.20129852008866006,0.9795299412524945,3656.0,3098.0,3980.0,3976.3714285714295,3529.442857142857,3162.2133333333336,2900.846613039193,2135.7170515252906,2873.3547318402093,0.0,7456.4,0.0,14256.0,4416.1334039624235,3585.4780148170794,0,0,0,0,15.0,12.0,5.0,3404.2,226.94666666666666,386.54012888456384,68.8,0.0,261.86153846153843,567.3666666666667,0.01980426021876799,0.0,0.7345299214394703,3.0,0,0,3404.2,60.0,11.017948821592054,0.0,0.0
2022-07-02,8284.0,2022,7,2,5,3,26,1,1,0,-0.9749279121818236,-0.2225209339563146,-0.4999999999999997,-0.8660254037844388,0.39435585511331855,0.9189578116202306,4656.0,1188.0,3916.2,4494.657142857143,4036.2999999999997,3307.806666666667,3334.238913084035,2366.8144105202264,3019.8032319927793,0.0,8284.0,0.0,14256.0,5383.100052971818,3888.608465474042,0,0,0,0,15.0,13.0,5.0,2436.0,162.4,309.84807337052877,1790.0,0.0,174.0,406.0,0.42346818074284365,0.0,1.7232314287976207,4.0,7,0,2436.0,65.0,25.84847143196431,0.42346818074284365,0.0
2022-07-03,1848.0,2022,7,3,6,3,26,1,1,0,-0.7818314824680299,0.6234898018587334,-0.4999999999999997,-0.8660254037844388,0.5712682150947923,0.8207634412072763,4274.2,2993.6,14256.0,4148.057142857144,3954.4714285714285,2894.206666666667,3483.728044713567,2424.7319707320567,2209.644102086369,0.0,8284.0,0.0,8284.0,4499.325039728863,3756.956306411201,0,1,0,0,11.0,10.0,4.0,924.0,84.0,212.46740926551536,5552.0,0.0,84.0,184.8,0.8571869692758993,0.0,1.0,2.0,7,0,924.0,40.0,11.0,0.8571869692758993,0.0
2022-07-04,2820.0,2022,7,4,0,3,27,0,0,0,0.0,1.0,-0.4999999999999997,-0.8660254037844388,0.7247927872291199,0.6889669190756866,0.0,2472.0,4598.0,4550.914285714286,3979.328571428571,2834.9400000000005,3061.5754960632994,2410.1050134888333,2186.0884880661147,0.0,8284.0,0.0,8284.0,4079.4937797966472,3696.507512449188,0,1,0,0,12.0,11.0,4.0,270.0,22.5,57.5444492228715,1790.0,0.0,22.5,54.0,0.8685104318292092,0.0,1.0957952550009338,3.0,0,0,270.0,44.0,13.149543060011204,0.0,0.0
2022-07-05,2912.0,2022,7,5,1,3,27,0,0,0,0.7818314824680298,0.6234898018587336,-0.4999999999999997,-0.8660254037844388,0.8486442574947509,0.5289640103269624,5944.0,3998.0,1156.0,4117.771428571429,3901.7571428571428,2893.473333333334,3046.0775377055475,2426.8764250858376,2162.970639546512,0.0,8284.0,0.0,8284.0,3787.6203348474855,3645.894124549241,0,1,0,0,12.0,11.0,6.0,1456.0,121.33333333333333,265.67695124764293,0.0,0.0,121.33333333333333,208.0,0.0,0.0,1.1887218755408673,3.0,0,0,1456.0,66.0,14.264662506490406,0.0,0.0
2022-07-06,0.0,2022,7,6,2,3,27,0,0,0,0.9749279121818236,-0.22252093395631434,-0.4999999999999997,-0.8660254037844388,0.9377521321470804,0.3473052528448203,0.0,3272.0,1420.0,4117.771428571429,3668.042857142857,2846.1400000000003,3046.0775377055475,2640.350806737131,2211.3240578191326,0.0,8284.0,0.0,8284.0,2840.7152511356144,3410.6751487718707,0,1,0,0,7.0,6.0,2.0,0.0,0.0,0.0,0.0,0.0,0.0,0.0,0.0,0.0,0.0,1.0,0,0,0.0,12.0,0.0,0.0,0.0
2022-07-07,1420.0,2022,7,7,3,3,27,0,0,0,0.43388373911755823,-0.900968867902419,-0.4999999999999997,-0.8660254037844388,0.9884683243281114,0.1514277775045767,5504.0,3998.0,1160.0,3534.342857142858,3483.9,2854.806666666667,3126.3703378716705,2704.682345346829,2204.988251111613,0.0,8284.0,0.0,8284.0,2485.536438351711,3282.244494012395,0,1,0,0,11.0,11.0,4.0,710.0,64.54545454545455,123.88411006772711,0.0,0.0,59.166666666666664,142.0,0.0,0.0,0.9219280948873624,3.0,0,0,710.0,44.0,10.141209043760986,0.0,0.0
2022-07-08,2444.0,2022,7,8,4,3,27,0,0,0,-0.433883739117558,-0.9009688679024191,-0.4999999999999997,-0.8660254037844388,0.9987165071710528,-0.05064916883871264,7456.4,3656.0,3752.0,2818.2857142857147,3397.328571428571,2811.206666666667,2609.671097685542,2718.1135240990516,2199.561083792253,0.0,8284.0,0.0,8284.0,2475.152328763783,3228.1642040761117,0,1,0,0,15.0,15.0,4.0,1222.0,81.46666666666667,194.24353883965455,2322.0,0.0,76.375,244.4,0.6550070521861777,0.0,1.610577243331642,4.0,0,0,1222.0,60.0,24.158658649974633,0.0,0.0
2022-07-09,4770.0,2022,7,9,5,3,27,1,0,0,-0.9749279121818236,-0.2225209339563146,-0.4999999999999997,-0.8660254037844388,0.9680771188662043,-0.2506525322587204,8284.0,4656.0,1156.0,2316.2857142857147,3405.4714285714285,2931.6733333333336,1473.851384896706,2722.3417449034596,2204.742502430387,0.0,4770.0,0.0,8284.0,3048.864246572837,3327.637481232492,0,1,0,0,16.0,14.0,7.0,1960.0,122.5,232.44038662274966,80.0,0.0,130.66666666666666,245.0,0.039196472317491425,0.0,1.1401156785146092,3.0,7,0,1960.0,98.0,18.241850856233746,0.039196472317491425,0.0
2022-07-10,7744.0,2022,7,10,6,3,27,1,0,0,-0.7818314824680299,0.6234898018587334,-0.4999999999999997,-0.8660254037844388,0.8978045395707416,-0.4403941515576344,1848.0,4274.2,360.0,3158.571428571429,3653.3142857142852,3177.806666666667,2493.595186148099,2955.478032102728,2317.0532061120302,0.0,7744.0,0.0,8284.0,4222.648184929628,3612.564095346525,1,0,0,1,19.0,13.0,4.0,3872.0,203.78947368421052,485.47932544918586,240.0,0.0,276.57142857142856,774.4,0.058351568198395334,0.0,1.0975378398419537,4.0,7,1,3872.0,52.0,20.85321895699712,0.058351568198395334,0.0
2022-07-11,500.0,2022,7,11,0,3,28,0,0,0,0.0,1.0,-0.4999999999999997,-0.8660254037844388,0.7907757369376989,-0.6121059825476626,2820.0,0.0,5436.0,2827.142857142858,3689.028571428571,3013.2733333333335,2692.352096127814,2910.6156333797803,2326.403218517042,0.0,7744.0,0.0,8284.0,3291.9861386972207,3411.7535085499753,0,0,1,0,11.0,11.0,4.0,250.0,22.727272727272727,75.3778361444409,0.0,0.0,20.833333333333332,50.0,0.0,0.0,0.8658566174572236,3.0,0,0,250.0,44.0,9.52442279202946,0.0,0.0
2022-07-12,1020.0,2022,7,12,1,3,28,0,0,0,0.7818314824680298,0.6234898018587336,-0.4999999999999997,-0.8660254037844388,0.6513724827222223,-0.7587581226927909,2912.0,5944.0,430.0,2556.8571428571436,3337.3142857142852,3032.9400000000005,2776.0806561632603,2914.6692644824625,2306.2182826676144,0.0,7744.0,0.0,8284.0,2723.9896040229155,3257.4468305790097,0,0,1,0,12.0,11.0,4.0,510.0,42.5,108.88901772822722,0.0,0.0,42.5,102.0,0.0,0.0,0.46899559358928117,2.0,0,0,510.0,44.0,5.627947123071374,0.0,0.0
2022-07-13,3368.0,2022,7,13,2,3,28,0,0,0,0.9749279121818236,-0.22252093395631434,-0.4999999999999997,-0.8660254037844388,0.48530196253108104,-0.8743466161445821,0.0,0.0,1376.0,3038.0000000000005,3577.8857142857137,3099.3400000000006,2540.986947362518,2752.507812846364,2285.4501291490924,500.0,7744.0,0.0,8284.0,2884.9922030171865,3264.5792931222995,0,0,1,0,9.0,7.0,6.0,1448.0,160.88888888888889,279.72685089406616,4188.0,0.0,181.0,206.85714285714286,0.7429483767961682,0.0,1.2987949406953987,3.0,0,0,1448.0,42.0,11.689154466258588,0.0,0.0
2022-07-14,300.0,2022,7,14,3,3,28,0,0,0,0.43388373911755823,-0.900968867902419,-0.4999999999999997,-0.8660254037844388,0.29936312297335804,-0.9541392564000488,1420.0,5504.0,472.0,2878.0000000000005,3206.1714285714284,3093.606666666667,2690.700280596117,2822.8750721502165,2292.4733617725633,300.0,7744.0,0.0,8284.0,2238.7441522628897,3073.316112920861,0,0,1,0,16.0,16.0,4.0,150.0,9.375,37.5,0.0,0.0,8.823529411764707,30.0,0.0,0.0,0.3533593350214213,2.0,0,0,150.0,64.0,5.653749360342741,0.0,0.0
2022-07-15,1080.0,2022,7,15,4,3,28,0,0,0,-0.433883739117558,-0.9009688679024191,-0.4999999999999997,-0.8660254037844388,0.10116832198743272,-0.994869323391895,2444.0,7456.4,1112.0,2683.142857142858,2750.714285714286,3092.5400000000004,2775.4240173693283,2589.0909134755807,2293.4344221472024,300.0,7744.0,0.0,8284.0,1949.0581141971672,2944.7150733775798,0,0,1,0,10.0,9.0,5.0,540.0,54.0,121.49074038789952,0.0,0.0,54.0,90.0,0.0,0.0,0.5435644431995964,2.0,0,0,540.0,45.0,5.435644431995964,0.0,0.0
2022-07-16,1771.2,2022,7,16,5,3,28,1,0,0,-0.9749279121818236,-0.2225209339563146,-0.4999999999999997,-0.8660254037844388,-0.10116832198743204,-0.9948693233918952,4770.0,8284.0,1756.0,2254.7428571428577,2285.5142857142855,3093.046666666667,2627.0976373539124,2046.69594407,2293.1306302525195,300.0,7744.0,0.0,8284.0,1904.5935856478754,2869.0044234822526,0,0,1,0,13.0,12.0,5.0,885.6,68.12307692307692,194.09189470388398,10.4,0.0,68.12307692307692,147.6,0.011594202898550725,0.0,1.1887218755408673,3.0,7,0,885.6,60.0,15.453384382031274,0.011594202898550725,0.0
2022-07-17,1756.0,2022,7,17,6,3,28,1,0,0,-0.7818314824680299,0.6234898018587334,-0.4999999999999997,-0.8660254037844388,-0.2993631229733582,-0.9541392564000488,7744.0,1848.0,3098.0,1399.3142857142864,2278.942857142857,3048.313333333333,1033.1461778286514,2048.3557720257654,2306.0836457499586,300.0,3368.0,0.0,8284.0,1867.4451892359066,2797.197686483398,0,0,1,0,12.0,12.0,5.0,190.0,15.833333333333334,54.84827557301445,190.0,0.0,14.615384615384615,31.666666666666668,0.49868766404199477,0.0,0.8166890883150209,3.0,7,0,190.0,60.0,9.80026905978025,0.49868766404199477,0.0
2022-07-18,3058.0,2022,7,18,0,3,29,0,0,0,0.0,1.0,-0.4999999999999997,-0.8660254037844388,-0.4853019625310808,-0.8743466161445822,500.0,2820.0,1188.0,1764.7428571428577,2295.942857142857,3110.6466666666665,1111.4593992542043,2054.1709724791376,2279.1816169986073,300.0,3368.0,0.0,8284.0,2165.08389192693,2814.0236421941468,0,0,0,0,16.0,15.0,6.0,1430.0,89.375,286.576778542854,4240.0,0.0,89.375,204.28571428571428,0.7476635514018691,0.0,2.0,6.0,0,0,1430.0,90.0,32.0,0.0,0.0
2022-07-19,5776.0,2022,7,19,1,3,29,0,0,0,0.7818314824680298,0.6234898018587336,-0.4999999999999997,-0.8660254037844388,-0.651372482722222,-0.7587581226927911,1020.0,2912.0,2993.6,2444.1714285714293,2500.5142857142855,3203.3933333333334,1812.7433921309203,2253.209979240619,2330.2933558013615,300.0,5776.0,0.0,8284.0,3067.8129189451975,3005.118891084847,0,0,0,0,16.0,14.0,7.0,2888.0,180.5,646.5482709486329,1090.0,0.0,192.53333333333333,361.0,0.27393817542096005,0.0,1.6737949406953987,5.0,0,0,2888.0,98.0,26.78071905112638,0.0,0.0
2022-07-20,792.0,2022,7,20,2,3,29,0,0,0,0.9749279121818236,-0.22252093395631434,-0.4999999999999997,-0.8660254037844388,-0.7907757369376986,-0.6121059825476627,3368.0,0.0,2472.0,2076.1714285714293,2557.085714285714,3147.3933333333334,1854.9247439490155,2194.7851224268934,2368.351297616035,300.0,5776.0,0.0,8284.0,2498.859689208898,2862.337027143889,0,0,0,0,12.0,12.0,4.0,396.0,33.0,78.75624073395997,0.0,0.0,30.46153846153846,79.2,0.0,0.0,0.0,1.0,0,0,396.0,48.0,0.0,0.0,0.0
2022-07-21,5130.0,2022,7,21,3,3,29,0,0,0,0.43388373911755823,-0.900968867902419,-0.4999999999999997,-0.8660254037844388,-0.8978045395707417,-0.44039415155763423,300.0,1420.0,3998.0,2766.1714285714293,2822.085714285714,3185.1266666666666,1978.3351095591238,2269.6295281752246,2391.2774796709864,792.0,5776.0,0.0,8284.0,3156.644766906674,3008.637864102348,0,0,0,0,16.0,14.0,5.0,2565.0,160.3125,323.47977139227737,190.0,0.0,171.0,427.5,0.06894049346879536,0.0,1.186278124459133,4.0,0,0,2565.0,70.0,18.980449991346127,0.0,0.0
2022-07-22,4554.0,2022,7,22,4,3,29,0,0,0,-0.433883739117558,-0.9009688679024191,-0.4999999999999997,-0.8660254037844388,-0.9680771188662041,-0.2506525322587213,1080.0,2444.0,3272.0,3262.4571428571435,2972.7999999999997,3227.86,1919.7186936781022,2312.2484508507287,2404.3030006707763,792.0,5776.0,0.0,8284.0,3505.9835751800056,3108.3386470634873,0,0,0,0,16.0,13.0,5.0,2117.0,132.3125,241.2334191193252,145.0,0.0,151.21428571428572,352.8333333333333,0.06407423773751657,0.0,1.1981174211304033,3.0,0,0,2117.0,65.0,19.169878738086453,0.0,0.0
2022-07-23,2456.0,2022,7,23,5,3,29,1,0,0,-0.9749279121818236,-0.2225209339563146,-0.4999999999999997,-0.8660254037844388,-0.9987165071710528,-0.05064916883871355,1771.2,4770.0,3998.0,3360.2857142857147,2807.5142857142855,3176.46,1847.1352336601094,2255.9168515968713,2403.7535883524456,792.0,5776.0,0.0,8284.0,3243.487681385004,3066.252282736811,0,1,0,0,13.0,13.0,4.0,188.0,14.461538461538462,52.14181844517154,11764.0,0.0,13.428571428571429,37.6,0.9841880699406007,0.0,1.1401156785146092,3.0,7,0,188.0,52.0,14.82150382068992,0.9841880699406007,0.0
2022-07-24,0.0,2022,7,24,6,3,29,1,0,0,-0.7818314824680299,0.6234898018587334,-0.4999999999999997,-0.8660254037844388,-0.9884683243281114,0.15142777750457667,1756.0,7744.0,3656.0,3109.428571428572,2254.371428571428,3054.5933333333332,2188.9393822231896,1868.541140292901,2470.3573877887216,0.0,5776.0,0.0,8284.0,2432.615761038753,2868.429554818307,0,1,0,0,14.0,13.0,3.0,0.0,0.0,0.0,0.0,0.0,0.0,0.0,0.0,0.0,0.7345299214394703,3.0,7,0,0.0,39.0,10.283418900152583,0.0,0.0
2022-07-25,600.0,2022,7,25,0,3,30,0,0,0,0.0,1.0,-0.4999999999999997,-0.8660254037844388,-0.9377521321470804,0.3473052528448203,3058.0,500.0,4656.0,2758.2857142857147,2261.5142857142855,2919.3933333333334,2386.77646728007,1861.496695944167,2490.5992700737656,0.0,5776.0,0.0,8284.0,1974.461820779065,2722.0792609590617,0,1,0,0,15.0,14.0,4.0,300.0,20.0,53.98412465054624,0.0,0.0,20.0,60.0,0.0,0.0,0.6998428398862386,3.0,0,0,300.0,56.0,10.497642598293579,0.0,0.0
2022-07-26,416.0,2022,7,26,1,3,30,0,0,0,0.7818314824680298,0.6234898018587336,-0.4999999999999997,-0.8660254037844388,-0.848644257494751,0.5289640103269624,5776.0,1020.0,4274.2,1992.5714285714291,2218.371428571428,2790.786666666667,2099.8287912067954,1899.103357428938,2517.6942368287973,0.0,5130.0,0.0,8284.0,1584.8463655842988,2573.299953800413,0,1,0,0,10.0,10.0,4.0,208.0,20.8,65.77537533150227,188.0,0.0,18.90909090909091,41.6,0.473551637279597,0.0,0.9864267287308426,3.0,0,0,208.0,40.0,9.864267287308426,0.0,0.0
2022-07-27,0.0,2022,7,27,2,3,30,0,0,0,0.9749279121818236,-0.22252093395631434,-0.4999999999999997,-0.8660254037844388,-0.72479278722912,0.6889669190756865,792.0,3368.0,0.0,1879.428571428572,1977.7999999999997,2790.786666666667,2194.5024384541007,1954.7771401600673,2517.6942368287973,0.0,5130.0,0.0,8284.0,1188.6347741882241,2407.280601942322,0,1,0,0,5.0,5.0,2.0,0.0,0.0,0.0,3968.0,0.0,0.0,0.0,0.999748047367095,0.0,1.370950594454669,3.0,0,0,0.0,10.0,6.854752972273345,0.0,0.0
2022-07-28,6868.0,2022,7,28,3,3,30,0,0,0,0.43388373911755823,-0.900968867902419,-0.4999999999999997,-0.8660254037844388,-0.5712682150947924,0.8207634412072763,5130.0,300.0,5944.0,2127.7142857142862,2446.942857142857,2821.586666666667,2670.3044591884914,2281.914017700028,2562.845932072439,0.0,6868.0,0.0,8284.0,2608.476080641168,2695.0689502041078,0,1,0,0,21.0,18.0,5.0,3434.0,163.52380952380952,389.5504613073407,0.0,0.0,180.73684210526315,572.3333333333334,0.0,0.0,1.1254908068679137,3.0,0,0,3434.0,90.0,23.635306944226187,0.0,0.0
2022-07-29,3184.0,2022,7,29,4,3,30,0,0,1,-0.433883739117558,-0.9009688679024191,-0.4999999999999997,-0.8660254037844388,-0.3943558551133187,0.9189578116202306,4554.0,1080.0,0.0,1932.0000000000005,2597.2285714285713,2927.7200000000003,2508.1169563373046,2254.077159087714,2507.29461597762,0.0,6868.0,0.0,8284.0,2752.357060480876,2726.6128889006172,0,1,0,0,14.0,11.0,4.0,1592.0,113.71428571428571,195.20223381896042,0.0,0.0,132.66666666666666,318.4,0.0,0.0,1.1401156785146092,3.0,0,0,1592.0,44.0,15.961619499204527,0.0,3184.0
2022-07-30,7672.0,2022,7,30,5,3,30,1,0,1,-0.9749279121818236,-0.2225209339563146,-0.4999999999999997,-0.8660254037844388,-0.20129852008866114,0.9795299412524943,2456.0,1771.2,5504.0,2677.142857142858,3018.714285714286,2999.9866666666667,3329.9214919960455,2611.146356814063,2613.1204915319895,0.0,7672.0,0.0,8284.0,3982.267795360657,3045.670121874771,1,0,0,0,16.0,15.0,6.0,3836.0,239.75,585.0701952187733,0.0,0.0,239.75,548.0,0.0,0.0,1.3663146570363984,3.0,7,1,3836.0,90.0,21.861034512582375,0.0,7672.0
2022-07-31,3992.0,2022,7,31,6,3,30,1,0,1,-0.7818314824680299,0.6234898018587334,-0.4999999999999997,-0.8660254037844388,-2.4492935982947064e-16,1.0,0.0,1756.0,7456.4,3247.428571428572,3178.4285714285716,2884.5066666666667,3130.906091274692,2596.311369091693,2482.6846157603973,0.0,7672.0,0.0,8284.0,3984.7008465204926,3106.7236623989797,0,0,1,0,16.0,14.0,4.0,1836.0,114.75,228.21145165540372,1700.0,0.0,122.4,367.2,0.480633305060786,0.0,1.4565647621309543,3.0,7,0,1836.0,56.0,23.30503619409527,0.480633305060786,3992.0
2022-08-01,2268.0,2022,8,1,0,3,31,0,1,0,0.0,1.0,-0.8660254037844384,-0.5000000000000004,0.20129852008866006,0.9795299412524945,600.0,3058.0,8284.0,3485.7142857142862,3122.0,2683.9733333333334,2954.3295750635625,2607.690165644695,2264.9283144526266,0.0,7672.0,0.0,7744.0,3555.5256348903695,3052.6124583732394,0,0,1,0,17.0,14.0,6.0,1134.0,66.70588235294117,144.37267950770774,0.0,0.0,75.6,162.0,0.0,0.0,1.3752793655393791,4.0,0,0,1134.0,84.0,23.379749214169443,0.0,0.0
2022-08-02,4302.0,2022,8,2,1,3,31,0,1,0,0.7818314824680298,0.6234898018587336,-0.8660254037844384,-0.5000000000000004,0.39435585511331855,0.9189578116202306,416.0,5776.0,1848.0,4040.8571428571436,3016.714285714286,2765.773333333333,2628.506256956058,2520.5938991427515,2277.9719466247197,0.0,7672.0,0.0,7744.0,3742.144226167777,3133.2181062201275,0,0,1,0,14.0,13.0,4.0,697.0,49.785714285714285,139.64360051515132,0.0,0.0,49.785714285714285,139.4,0.0,0.0,0.3912435636292556,2.0,0,0,697.0,52.0,5.477409890809579,0.0,0.0
2022-08-03,6512.0,2022,8,3,2,3,31,0,1,0,0.9749279121818236,-0.22252093395631434,-0.8660254037844384,-0.5000000000000004,0.5712682150947923,0.8207634412072763,0.0,792.0,2820.0,4971.142857142857,3425.285714285714,2888.8399999999997,2048.3436746610173,2594.73960242558,2378.5133075530425,2268.0,7672.0,0.0,7744.0,4434.608169625833,3351.2040348510873,0,0,1,0,12.0,11.0,4.0,3256.0,271.3333333333333,692.0007006477449,0.0,0.0,271.3333333333333,651.2,0.0,0.0,1.1887218755408673,3.0,0,0,3256.0,44.0,14.264662506490406,0.0,0.0
2022-08-04,716.0,2022,8,4,3,3,31,0,0,0,0.43388373911755823,-0.900968867902419,-0.8660254037844384,-0.5000000000000004,0.7247927872291199,0.6889669190756866,6868.0,5130.0,2912.0,4092.2857142857147,3110.0,2815.64,2390.1086247480976,2639.453090203474,2411.3409572555165,716.0,7672.0,0.0,7744.0,3504.956127219375,3181.1908713123075,0,0,1,0,14.0,13.0,5.0,358.0,25.571428571428573,65.98917660170817,0.0,0.0,25.571428571428573,59.666666666666664,0.0,0.0,0.7732283485249177,3.0,0,0,358.0,65.0,10.825196879348848,0.0,0.0
2022-08-05,472.0,2022,8,5,4,3,31,0,0,0,-0.433883739117558,-0.9009688679024191,-0.8660254037844384,-0.5000000000000004,0.8486442574947509,0.5289640103269624,3184.0,4554.0,0.0,3704.8571428571436,2818.4285714285716,2831.3733333333334,2753.9818099478834,2692.5963653717654,2393.812316978831,472.0,7672.0,0.0,7744.0,2746.7170954145313,3006.404363485707,0,0,1,0,7.0,7.0,3.0,236.0,33.714285714285715,89.19961563017762,0.0,0.0,29.5,59.0,0.0,0.0,0.6500224216483541,2.0,0,0,236.0,21.0,4.5501569515384785,0.0,0.0
2022-08-06,11306.1,2022,8,6,5,3,31,1,0,0,-0.9749279121818236,-0.2225209339563146,-0.8660254037844384,-0.5000000000000004,0.9377521321470804,0.3473052528448203,7672.0,2456.0,1420.0,4224.014285714286,3450.578571428571,3160.9099999999994,3778.4586012590603,3514.4273909740436,2833.0011490619313,472.0,11306.1,0.0,11306.1,4886.562821560899,3541.868598099533,0,0,1,0,16.0,14.0,5.0,4015.0,250.9375,631.0828227472734,6540.0,0.0,267.6666666666667,669.1666666666666,0.6195528609321713,0.0,1.5744174271404583,4.0,8,0,4015.0,70.0,25.190678834247333,0.6195528609321713,0.0
2022-08-07,1600.0,2022,8,7,6,3,31,1,0,0,-0.7818314824680299,0.6234898018587334,-0.8660254037844384,-0.5000000000000004,0.9884683243281114,0.1514277775045767,3992.0,0.0,2444.0,3882.3000000000006,3564.8642857142854,3132.776666666666,3908.8518386690835,3418.286682312146,2844.5332042580294,472.0,11306.1,0.0,11306.1,4064.9221161706737,3416.5867530608534,0,0,0,0,11.0,11.0,4.0,472.0,42.90909090909091,95.46670052479509,5552.0,0.0,39.333333333333336,94.4,0.9214937759336099,0.0,0.9910760598382222,2.0,8,0,472.0,44.0,10.901836658220445,0.9214937759336099,0.0
2022-08-08,320.0,2022,8,8,0,3,32,0,0,0,0.0,1.0,-0.8660254037844384,-0.5000000000000004,0.9987165071710528,-0.05064916883871264,2268.0,600.0,4770.0,3604.0142857142864,3544.8642857142854,2984.443333333333,4107.242635649281,3437.7319664630354,2872.106245955655,320.0,11306.1,0.0,11306.1,3128.6915871280053,3216.8069625407984,0,0,0,0,12.0,12.0,4.0,160.0,13.333333333333334,46.18802153517006,0.0,0.0,12.307692307692308,32.0,0.0,0.0,0.43949698692151334,2.0,0,0,160.0,48.0,5.27396384305816,0.0,0.0
2022-08-09,1668.0,2022,8,9,1,3,32,0,0,0,0.7818314824680298,0.6234898018587336,-0.8660254037844384,-0.5000000000000004,0.9680771188662043,-0.2506525322587204,4302.0,416.0,7744.0,3227.728571428572,3634.292857142857,2781.9099999999994,4153.0407152327525,3365.6051828561503,2735.9035902995215,320.0,11306.1,0.0,11306.1,2763.518690346004,3116.8839326994566,0,0,0,0,18.0,16.0,5.0,724.0,40.22222222222222,124.78666763040293,0.0,0.0,42.588235294117645,120.66666666666667,0.0,0.0,0.672294817075638,2.0,0,0,724.0,80.0,12.101306707361484,0.0,0.0
2022-08-10,3260.4,2022,8,10,2,3,32,0,0,0,0.9749279121818236,-0.22252093395631434,-0.8660254037844384,-0.5000000000000004,0.8978045395707416,-0.4403941515576344,6512.0,0.0,500.0,2763.2142857142862,3867.1785714285716,2873.923333333333,3898.5188864612755,3203.6912355254312,2702.7299802215766,320.0,11306.1,0.0,11306.1,2887.739017759503,3126.143033815621,0,0,0,0,11.0,11.0,4.0,974.2,88.56363636363636,164.3658557774532,6427.8,0.0,81.18333333333334,194.84,0.8682696204241523,0.0,0.5032583347756457,2.0,0,0,974.2,44.0,5.535841682532103,0.0,0.0
2022-08-11,4336.0,2022,8,11,3,3,32,0,0,0,0.43388373911755823,-0.900968867902419,-0.8660254037844384,-0.5000000000000004,0.7907757369376989,-0.6121059825476626,716.0,6868.0,1020.0,3280.3571428571436,3686.3214285714284,2984.4566666666665,3821.0209908946013,3090.7333200487205,2692.0818693913757,320.0,11306.1,0.0,11306.1,3249.8042633196274,3204.198321956549,0,0,0,0,6.0,5.0,4.0,1850.0,308.3333333333333,210.81334556110687,0.0,0.0,308.3333333333333,370.0,0.0,0.0,0.0,1.0,0,0,1850.0,20.0,0.0,0.0,0.0
2022-08-12,2118.4,2022,8,12,4,3,32,0,0,0,-0.433883739117558,-0.9009688679024191,-0.8660254037844384,-0.5000000000000004,0.6513724827222223,-0.7587581226927909,472.0,3184.0,3368.0,3515.5571428571434,3610.207142857143,2942.803333333333,3666.9071835618033,3117.064266375388,2695.607778755113,320.0,11306.1,0.0,11306.1,2966.9531974897204,3134.146817314191,0,0,0,0,5.0,4.0,2.0,911.2,182.24,201.75898493003973,20.8,0.0,182.24,303.73333333333335,0.022293676312968917,0.0,0.9182958340544894,2.0,0,0,911.2,8.0,4.591479170272447,0.0,0.0
2022-08-13,1356.0,2022,8,13,5,3,32,1,0,0,-0.9749279121818236,-0.2225209339563146,-0.8660254037844384,-0.5000000000000004,0.48530196253108104,-0.8743466161445821,11306.1,7672.0,300.0,2094.1142857142863,3159.0642857142857,2978.003333333333,1323.1830453223808,2935.7614091924,2666.646491250549,320.0,4336.0,0.0,11306.1,2564.2148981172904,3019.42766781005,0,0,0,0,2.0,2.0,2.0,678.0,339.0,210.71782079359116,190.0,0.0,226.0,226.0,0.2186421173762946,0.0,1.0,2.0,8,0,678.0,4.0,2.0,0.2186421173762946,0.0
2022-08-14,3078.0,2022,8,14,6,3,32,1,0,0,-0.7818314824680299,0.6234898018587334,-0.8660254037844384,-0.5000000000000004,0.29936312297335804,-0.9541392564000488,1600.0,3992.0,1080.0,2305.257142857143,3093.7785714285715,3044.603333333333,1348.8694807840047,2925.9601191294996,2642.4493447639998,320.0,4336.0,0.0,11306.1,2692.661173587968,3023.206527951337,0,0,0,0,3.0,3.0,2.0,1539.0,513.0,691.192447875409,240.0,0.0,384.75,513.0,0.1348314606741573,0.0,1.584962500721156,3.0,8,0,1539.0,6.0,4.754887502163468,0.1348314606741573,0.0
2022-08-15,6502.0,2022,8,15,0,3,33,0,0,0,0.0,1.0,-0.8660254037844384,-0.5000000000000004,0.10116832198743272,-0.994869323391895,320.0,2268.0,1771.2,3188.4000000000005,3396.2071428571426,3202.2966666666666,1785.5208763831404,3050.2173255396124,2704.2727219746353,1356.0,6502.0,0.0,11306.1,3644.995880190976,3247.6448164706057,0,0,0,0,5.0,4.0,3.0,3251.0,650.2,500.61582076478567,0.0,0.0,650.2,812.75,0.0,0.0,0.7219280948873623,2.0,0,0,3251.0,12.0,3.6096404744368114,0.0,0.0
2022-08-16,0.0,2022,8,16,1,3,33,0,0,0,0.7818314824680298,0.6234898018587336,-0.8660254037844384,-0.5000000000000004,-0.10116832198743204,-0.9948693233918952,1668.0,4302.0,1756.0,2950.1142857142863,3088.9214285714284,3143.7633333333333,2104.9674038874314,3166.429117665174,2755.181845489088,0.0,6502.0,0.0,11306.1,2733.746910143232,3038.1193444402443,0,0,0,0,0.0,0.0,0.0,0.0,0.0,0.0,0.0,0.0,0.0,0.0,0.0,0.0,0.0,0.0,0,0,0.0,0.0,0.0,0.0,0.0
2022-08-17,788.0,2022,8,17,2,3,33,0,0,0,0.9749279121818236,-0.22252093395631434,-0.8660254037844384,-0.5000000000000004,-0.2993631229733582,-0.9541392564000488,3260.4,6512.0,3058.0,2596.914285714286,2680.0642857142852,3068.0966666666664,2246.8695225643614,3058.12949205309,2788.5868702170887,0.0,6502.0,0.0,11306.1,2247.310182607424,2892.950354476358,0,0,0,0,2.0,2.0,2.0,394.0,197.0,55.154328932550705,0.0,0.0,131.33333333333334,131.33333333333334,0.0,0.0,0.0,0.0,0,0,394.0,4.0,0.0,0.0,0.0
2022-08-18,720.0,2022,8,18,3,3,33,0,0,0,0.43388373911755823,-0.900968867902419,-0.8660254037844384,-0.5000000000000004,-0.4853019625310808,-0.8743466161445822,4336.0,716.0,5776.0,2080.3428571428576,2680.3499999999995,2899.563333333333,2195.487862911229,3057.932059100885,2772.0215342850865,0.0,6502.0,0.0,11306.1,1865.482636955568,2752.7600090262704,0,0,0,0,2.0,2.0,2.0,180.0,90.0,127.27922061357856,0.0,0.0,60.0,60.0,0.0,0.0,1.0,2.0,0,0,180.0,4.0,2.0,0.0,0.0
2022-08-19,3528.0,2022,8,19,4,3,33,0,0,0,-0.433883739117558,-0.9009688679024191,-0.8660254037844384,-0.5000000000000004,-0.651372482722222,-0.7587581226927911,2118.4,472.0,792.0,2281.7142857142862,2898.6357142857137,2990.7633333333333,2263.161926323863,2996.6256647736755,2745.168699355206,0.0,6502.0,0.0,11306.1,2281.111977716676,2802.775492314898,0,0,0,0,2.0,2.0,1.0,1418.0,709.0,609.526045382804,0.0,0.0,472.6666666666667,709.0,0.0,0.0,0.0,1.0,0,0,1418.0,2.0,0.0,0.0,0.0
2022-08-20,2172.0,2022,8,20,5,3,33,1,0,0,-0.9749279121818236,-0.2225209339563146,-0.8660254037844384,-0.5000000000000004,-0.7907757369376986,-0.6121059825476627,1356.0,11306.1,5130.0,2398.2857142857147,2246.2,2892.163333333333,2228.279584065235,1767.6599168218183,2718.6771981828874,0.0,6502.0,0.0,11306.1,2253.833983287507,2762.0802992623244,0,0,0,0,6.0,4.0,2.0,1086.0,181.0,241.58725131926974,0.0,0.0,217.2,362.0,0.0,0.0,0.0,1.0,8,0,1086.0,8.0,0.0,0.0,0.0
2022-08-21,1952.0,2022,8,21,6,3,33,1,0,0,-0.7818314824680299,0.6234898018587334,-0.8660254037844384,-0.5000000000000004,-0.8978045395707417,-0.44039415155763423,3078.0,1600.0,4554.0,2237.428571428572,2271.3428571428567,2805.43,2211.6138042270522,1760.249315258548,2705.3044406600875,0.0,6502.0,0.0,11306.1,2178.3754874656306,2709.817054148626,0,0,0,0,1.0,1.0,1.0,976.0,976.0,0.0,0.0,0.0,488.0,488.0,0.0,0.0,0.0,1.0,8,0,976.0,1.0,0.0,0.0,0.0
2022-08-22,4210.0,2022,8,22,0,3,34,0,0,0,0.0,1.0,-0.8660254037844384,-0.5000000000000004,-0.9680771188662041,-0.2506525322587213,6502.0,320.0,2456.0,1910.0000000000005,2549.2,2863.8966666666665,1543.8812562283981,1735.3784282486695,2716.422954787944,0.0,4210.0,0.0,11306.1,2686.281615599223,2806.6030506551665,0,0,0,0,4.0,4.0,2.0,806.0,201.5,156.830056643064,388.0,0.0,161.2,268.6666666666667,0.32468619246861924,0.0,0.0,1.0,0,0,806.0,8.0,0.0,0.0,0.0
2022-08-23,2275.0,2022,8,23,1,3,34,0,0,0,0.7818314824680298,0.6234898018587336,-0.8660254037844384,-0.5000000000000004,-0.9987165071710528,-0.05064916883871355,0.0,1668.0,0.0,2235.0000000000005,2592.5571428571425,2939.73,1294.03541940192,1719.1758350640532,2664.983863204043,720.0,4210.0,0.0,11306.1,2583.4612116994176,2772.306079645156,0,0,0,0,3.0,3.0,3.0,1137.5,379.1666666666667,338.15097712905305,649.5,0.0,284.375,284.375,0.36325503355704697,0.0,0.9182958340544894,2.0,0,0,1137.5,9.0,2.7548875021634682,0.0,0.0
2022-08-24,5196.0,2022,8,24,2,3,34,0,0,0,0.9749279121818236,-0.22252093395631434,-0.8660254037844384,-0.5000000000000004,-0.9884683243281114,0.15142777750457667,788.0,3260.4,600.0,2864.7142857142862,2730.8142857142852,3092.93,1524.527108569057,1849.8782138114168,2657.9376331063095,720.0,5196.0,0.0,11306.1,3236.595908774563,2928.6734293454683,0,1,0,0,3.0,3.0,3.0,2598.0,866.0,749.9779996773239,0.0,0.0,649.5,649.5,0.0,0.0,0.0,1.0,0,0,2598.0,9.0,0.0,0.0,0.0
2022-08-25,8134.0,2022,8,25,3,3,34,0,0,0,0.43388373911755823,-0.900968867902419,-0.8660254037844384,-0.5000000000000004,-0.9377521321470804,0.3473052528448203,720.0,4336.0,416.0,3923.8571428571436,3002.0999999999995,3350.1966666666663,2208.249112500025,2321.7051727622134,2761.403876901716,1952.0,8134.0,0.0,11306.1,4460.946931580922,3264.500950032858,0,1,0,0,4.0,3.0,2.0,3579.0,894.75,1108.0750200234638,0.0,0.0,894.75,1193.0,0.0,0.0,2.0,4.0,0,0,3579.0,6.0,8.0,0.0,0.0
2022-08-26,976.0,2022,8,26,4,3,34,0,0,0,-0.433883739117558,-0.9009688679024191,-0.8660254037844384,-0.5000000000000004,-0.848644257494751,0.5289640103269624,3528.0,2118.4,0.0,3559.2857142857147,2920.4999999999995,3382.73,2478.6070492843187,2374.625954350911,2726.0962954062347,976.0,8134.0,0.0,11306.1,3589.7101986856915,3116.855727450093,0,1,0,0,1.0,1.0,1.0,488.0,488.0,0.0,0.0,0.0,244.0,244.0,0.0,0.0,0.0,1.0,0,0,488.0,1.0,0.0,0.0,0.0
2022-08-27,2572.0,2022,8,27,5,3,34,1,0,0,-0.9749279121818236,-0.2225209339563146,-0.8660254037844384,-0.5000000000000004,-0.72479278722912,0.6889669190756865,2172.0,1356.0,6868.0,3616.428571428572,3007.357142857142,3239.5299999999997,2445.685715509585,2334.9057502686082,2648.4310143997513,976.0,8134.0,0.0,11306.1,3335.282649014269,3081.7037450339585,0,1,0,0,3.0,3.0,2.0,798.0,266.0,379.0356183790647,0.0,0.0,199.5,266.0,0.0,0.0,1.584962500721156,3.0,8,0,798.0,6.0,4.754887502163468,0.0,0.0
2022-08-28,976.0,2022,8,28,6,3,34,1,0,0,-0.7818314824680299,0.6234898018587334,-0.8660254037844384,-0.5000000000000004,-0.5712682150947924,0.8207634412072763,1952.0,3078.0,3184.0,3477.0000000000005,2857.2142857142853,3165.93,2580.4951075326635,2396.7770724798097,2680.513293504657,976.0,8134.0,0.0,11306.1,2745.4619867607016,2945.851890515639,0,1,0,0,1.0,1.0,1.0,488.0,488.0,0.0,0.0,0.0,244.0,244.0,0.0,0.0,0.0,1.0,8,0,488.0,1.0,0.0,0.0,0.0
2022-08-29,976.0,2022,8,29,0,3,35,0,0,1,0.0,1.0,-0.8660254037844384,-0.5000000000000004,-0.3943558551133187,0.9189578116202306,4210.0,6502.0,7672.0,3015.0000000000005,2462.5,2942.73,2713.464390774278,2197.0668821443373,2568.8181459574002,976.0,8134.0,0.0,11306.1,2303.096490070526,2818.764671772695,0,1,0,0,3.0,3.0,2.0,488.0,162.66666666666666,281.7469313645374,0.0,0.0,122.0,162.66666666666666,0.0,0.0,0.9182958340544894,2.0,0,0,488.0,6.0,2.7548875021634682,0.0,976.0
2022-08-30,976.0,2022,8,30,1,3,35,0,0,1,0.7818314824680298,0.6234898018587336,-0.8660254037844384,-0.5000000000000004,-0.20129852008866114,0.9795299412524943,2275.0,0.0,3992.0,2829.428571428572,2532.214285714286,2842.1966666666663,2815.025095041661,2127.2964488567964,2585.3021178062245,976.0,8134.0,0.0,11306.1,1971.3223675528948,2699.876628432521,0,1,0,0,1.0,1.0,1.0,488.0,488.0,0.0,0.0,0.0,244.0,244.0,0.0,0.0,0.0,1.0,0,0,488.0,1.0,0.0,0.0,976.0
2022-08-31,5526.0,2022,8,31,2,3,35,0,0,1,0.9749279121818236,-0.22252093395631434,-0.8660254037844384,-0.5000000000000004,-2.4492935982947064e-16,1.0,5196.0,788.0,2268.0,2876.571428571429,2870.6428571428573,2950.7966666666666,2863.607215683448,2203.966131498227,2628.4196372152724,976.0,8134.0,0.0,11306.1,2859.991775664671,2882.207168533649,1,0,0,0,3.0,3.0,2.0,2275.0,758.3333333333334,468.23106831278653,0.0,0.0,568.75,758.3333333333334,0.0,0.0,0.9182958340544894,2.0,0,0,2275.0,6.0,2.7548875021634682,0.0,5526.0
2022-09-01,1824.0,2022,9,1,3,3,35,0,1,0,0.43388373911755823,-0.900968867902419,-1.0,-1.8369701987210297e-16,0.20129852008866006,0.9795299412524945,8134.0,720.0,4302.0,1975.1428571428576,2949.5,2868.1966666666663,1682.3007488329345,2139.917422921531,2623.4245937236387,976.0,5526.0,0.0,11306.1,2600.993831748503,2813.9357383056717,0,0,1,0,4.0,4.0,4.0,552.0,138.0,100.69094629939012,0.0,0.0,110.4,110.4,0.0,0.0,0.0,1.0,0,0,552.0,16.0,0.0,0.0,0.0
2022-09-02,2712.0,2022,9,2,4,3,35,0,1,0,-0.433883739117558,-0.9009688679024191,-1.0,-1.8369701987210297e-16,0.39435585511331855,0.9189578116202306,976.0,3528.0,6512.0,2223.142857142858,2891.214285714286,2741.5299999999997,1637.8318420574135,2134.0533544830296,2531.5533101580995,976.0,5526.0,0.0,11306.1,2628.7453738113772,2807.359239060145,0,0,1,0,4.0,4.0,2.0,868.0,217.0,254.41960092204636,0.0,0.0,173.6,289.3333333333333,0.0,0.0,1.5,3.0,0,0,868.0,8.0,6.0,0.0,0.0
2022-09-03,3760.0,2022,9,3,5,3,35,1,1,0,-0.9749279121818236,-0.2225209339563146,-1.0,-1.8369701987210297e-16,0.5712682150947923,0.8207634412072763,2572.0,2172.0,716.0,2392.8571428571436,3004.6428571428573,2842.9966666666664,1738.4651687213,2135.087517829482,2508.4666805102074,976.0,5526.0,0.0,11306.1,2911.559030358533,2868.819933314329,0,0,1,0,3.0,3.0,2.0,1800.0,600.0,1039.2304845413264,0.0,0.0,450.0,600.0,0.0,0.0,0.9182958340544894,2.0,9,0,1800.0,6.0,2.7548875021634682,0.0,0.0
2022-09-04,976.0,2022,9,4,6,3,35,1,0,0,-0.7818314824680299,0.6234898018587334,-1.0,-1.8369701987210297e-16,0.7247927872291199,0.6889669190756866,976.0,1952.0,472.0,2392.8571428571436,2934.9285714285716,2859.7966666666666,1738.4651687213,2187.395306128907,2493.683964225779,976.0,5526.0,0.0,11306.1,2427.6692727688996,2746.7025182617917,0,0,1,0,3.0,3.0,2.0,488.0,162.66666666666666,281.7469313645374,0.0,0.0,122.0,162.66666666666666,0.0,0.0,1.584962500721156,3.0,9,0,488.0,6.0,4.754887502163468,0.0,0.0
2022-09-05,2275.0,2022,9,5,0,3,36,0,0,0,0.0,1.0,-1.0,-1.8369701987210297e-16,0.8486442574947509,0.5289640103269624,976.0,4210.0,11306.1,2578.428571428572,2796.714285714286,2558.7599999999998,1627.8265527120257,2161.611415608264,1917.4209203852586,976.0,5526.0,0.0,8134.0,2389.5019545766745,2716.270097728773,0,0,1,0,4.0,3.0,2.0,1137.5,284.375,334.92172593010446,0.0,0.0,284.375,379.1666666666667,0.0,0.0,0.8112781244591328,2.0,0,0,1137.5,6.0,3.2451124978365313,0.0,0.0
2022-09-06,1952.0,2022,9,6,1,3,36,0,0,0,0.7818314824680298,0.6234898018587336,-1.0,-1.8369701987210297e-16,0.9377521321470804,0.3473052528448203,976.0,2275.0,1600.0,2717.8571428571436,2773.6428571428573,2570.493333333333,1504.8515351546052,2169.3181348824155,1912.422127498828,976.0,5526.0,0.0,8134.0,2280.126465932506,2666.9623494882076,0,0,1,0,2.0,2.0,2.0,976.0,488.0,0.0,0.0,0.0,325.3333333333333,325.3333333333333,0.0,0.0,0.0,1.0,0,0,976.0,4.0,0.0,0.0,0.0
2022-09-08,1996.0,2022,9,8,3,3,36,0,0,0,0.43388373911755823,-0.900968867902419,-1.0,-1.8369701987210297e-16,0.9987165071710528,-0.05064916883871264,5526.0,5196.0,320.0,2213.571428571429,2545.0714285714284,2626.3599999999997,860.4990523223471,2060.297232637379,1868.3856505107558,976.0,3760.0,0.0,8134.0,2209.0948494493796,2623.6744559728395,0,0,0,0,2.0,2.0,2.0,638.0,319.0,57.982756057296896,0.0,0.0,212.66666666666666,212.66666666666666,0.0,0.0,0.0,0.0,0,0,638.0,4.0,0.0,0.0,0.0
2022-09-09,3698.0,2022,9,9,4,3,36,0,0,0,-0.433883739117558,-0.9009688679024191,-1.0,-1.8369701987210297e-16,0.9680771188662043,-0.2506525322587204,1824.0,8134.0,1668.0,2481.2857142857147,2228.2142857142853,2694.026666666666,999.401273144045,1355.0550473389408,1869.239918353937,976.0,3760.0,0.0,8134.0,2581.321137087035,2692.9857813939466,0,1,0,0,3.0,3.0,2.0,1849.0,616.3333333333334,597.2858054008427,190.0,0.0,462.25,616.3333333333334,0.09313725490196079,0.0,1.0,2.0,0,0,1849.0,6.0,3.0,0.0,0.0
2022-09-10,720.0,2022,9,10,5,3,36,1,0,0,-0.9749279121818236,-0.2225209339563146,-1.0,-1.8369701987210297e-16,0.8978045395707416,-0.4403941515576344,2712.0,976.0,3260.4,2196.7142857142862,2209.928571428571,2609.3466666666664,1188.4758747075784,1374.835736441943,1899.9869305781638,720.0,3760.0,0.0,8134.0,2115.9908528152764,2565.6963761427246,0,1,0,0,1.0,1.0,1.0,360.0,360.0,0.0,0.0,0.0,180.0,180.0,0.0,0.0,0.0,0.0,9,0,360.0,1.0,0.0,0.0,0.0
2022-09-11,3974.0,2022,9,11,6,3,36,1,0,0,-0.7818314824680299,0.6234898018587334,-1.0,-1.8369701987210297e-16,0.7907757369376989,-0.6121059825476626,3760.0,2572.0,4336.0,2227.2857142857147,2310.0714285714284,2597.2799999999997,1237.1465440393913,1452.1258932648252,1889.7649790748976,720.0,3974.0,0.0,8134.0,2580.493139611457,2656.5546744560975,0,1,0,0,2.0,2.0,1.0,1987.0,993.5,432.04224330498056,0.0,0.0,662.3333333333334,993.5,0.0,0.0,0.0,1.0,9,0,1987.0,2.0,0.0,0.0,0.0
2022-09-12,1412.0,2022,9,12,0,3,37,0,0,0,0.0,1.0,-1.0,-1.8369701987210297e-16,0.6513724827222223,-0.7587581226927909,976.0,976.0,2118.4,2289.571428571429,2341.214285714286,2573.733333333333,1172.9597687251069,1425.749798881643,1900.3091206493236,720.0,3974.0,0.0,8134.0,2288.369854708593,2576.260824491188,0,1,0,0,3.0,2.0,1.0,596.0,198.66666666666666,182.88065325051016,0.0,0.0,198.66666666666666,298.0,0.0,0.0,0.0,0.0,0,0,596.0,2.0,0.0,0.0,0.0
2022-09-13,0.0,2022,9,13,1,3,37,0,0,0,0.7818314824680298,0.6234898018587336,-1.0,-1.8369701987210297e-16,0.48530196253108104,-0.8743466161445821,2275.0,976.0,1356.0,1964.5714285714291,2271.4999999999995,2528.5333333333333,1458.169955474211,1518.4847077571656,1945.853287401692,0.0,3974.0,0.0,8134.0,1716.2773910314445,2410.050448717563,0,1,0,0,0.0,0.0,0.0,0.0,0.0,0.0,0.0,0.0,0.0,0.0,0.0,0.0,0.0,0.0,0,0,0.0,0.0,0.0,0.0,0.0
2022-09-14,2598.0,2022,9,14,2,3,37,0,0,0,0.9749279121818236,-0.22252093395631434,-1.0,-1.8369701987210297e-16,0.29936312297335804,-0.9541392564000488,1952.0,976.0,3078.0,2056.8571428571436,2387.3571428571427,2512.5333333333333,1477.5551234580676,1473.24099063377,1943.1509912285924,0.0,3974.0,0.0,8134.0,1936.7080432735834,2422.1762262196557,0,1,0,0,1.0,1.0,1.0,1299.0,1299.0,0.0,0.0,0.0,649.5,649.5,0.0,0.0,0.0,1.0,0,0,1299.0,1.0,0.0,0.0,0.0
2022-09-15,1356.0,2022,9,15,3,3,37,0,0,0,0.43388373911755823,-0.900968867902419,-1.0,-1.8369701987210297e-16,0.10116832198743272,-0.994869323391895,1996.0,5526.0,6502.0,1965.428571428572,2089.4999999999995,2341.0,1501.5546229539336,1182.769289552173,1800.749384236353,0.0,3974.0,0.0,8134.0,1791.5310324551874,2353.3906632377425,0,1,0,0,2.0,2.0,1.0,678.0,339.0,210.71782079359116,190.0,0.0,226.0,339.0,0.2186421173762946,0.0,1.0,2.0,0,0,678.0,2.0,2.0,0.0,0.0
2022-09-16,2546.0,2022,9,16,4,3,37,0,0,0,-0.433883739117558,-0.9009688679024191,-1.0,-1.8369701987210297e-16,-0.10116832198743204,-0.9948693233918952,3698.0,1824.0,0.0,1800.8571428571433,2141.0714285714284,2425.866666666667,1333.7710233983905,1186.0382964556413,1745.7724845512114,0.0,3974.0,0.0,8134.0,1980.1482743413906,2365.8170720611142,1,0,0,0,2.0,2.0,2.0,579.0,289.5,296.2777413171634,0.0,0.0,193.0,193.0,0.0,0.0,0.0,1.0,0,0,579.0,4.0,0.0,0.0,0.0
2022-09-17,5640.0,2022,9,17,5,3,37,1,0,0,-0.9749279121818236,-0.2225209339563146,-1.0,-1.8369701987210297e-16,-0.2993631229733582,-0.9541392564000488,720.0,2712.0,788.0,2503.7142857142862,2350.214285714286,2587.6,1861.2889543079023,1508.7208121488368,1812.287953826936,0.0,5640.0,0.0,8134.0,2895.111205756043,2577.054680315236,0,0,1,0,2.0,2.0,1.0,2820.0,1410.0,1230.3657992645926,0.0,0.0,940.0,1410.0,0.0,0.0,1.0,2.0,9,0,2820.0,2.0,2.0,0.0,0.0
2022-09-18,1956.0,2022,9,18,6,3,37,1,0,0,-0.7818314824680299,0.6234898018587334,-1.0,-1.8369701987210297e-16,-0.4853019625310808,-0.8743466161445822,3974.0,3760.0,720.0,2215.428571428572,2221.3571428571427,2628.8,1748.4693169686996,1455.1381434364143,1782.1655443830753,0.0,5640.0,0.0,8134.0,2660.3334043170325,2536.9866364239306,0,0,1,0,1.0,1.0,1.0,330.0,330.0,0.0,0.0,0.0,165.0,165.0,0.0,0.0,0.0,0.0,9,0,330.0,1.0,0.0,0.0,0.0
2022-09-19,0.0,2022,9,19,0,3,38,0,0,0,0.0,1.0,-1.0,-1.8369701987210297e-16,-0.651372482722222,-0.7587581226927911,1412.0,976.0,3528.0,2013.7142857142862,2151.642857142857,2511.2,1928.759334761238,1540.2802745526162,1836.3611206724179,0.0,5640.0,0.0,8134.0,1995.2500532377744,2373.3100792352902,0,0,1,0,1.0,1.0,1.0,0.0,0.0,0.0,0.0,0.0,0.0,0.0,0.0,0.0,0.0,0.0,0,0,0.0,1.0,0.0,0.0,0.0
2022-09-20,976.0,2022,9,20,1,3,38,0,0,0,0.7818314824680298,0.6234898018587336,-1.0,-1.8369701987210297e-16,-0.7907757369376986,-0.6121059825476627,0.0,2275.0,2172.0,2153.142857142858,2058.8571428571427,2471.3333333333335,1789.1524463249393,1571.095005556181,1856.8470186245097,0.0,5640.0,0.0,8134.0,1740.4375399283308,2283.1610418652717,0,0,1,0,1.0,1.0,1.0,488.0,488.0,0.0,0.0,0.0,244.0,244.0,0.0,0.0,0.0,1.0,0,0,488.0,1.0,0.0,0.0,0.0
2022-09-21,580.0,2022,9,21,2,3,38,0,0,0,0.9749279121818236,-0.22252093395631434,-1.0,-1.8369701987210297e-16,-0.8978045395707417,-0.44039415155763423,2598.0,1952.0,1952.0,1864.8571428571433,1960.8571428571427,2425.6,1866.4368395931644,1620.2933664638188,1886.7343909700123,0.0,5640.0,0.0,8134.0,1450.328154946248,2173.279684325577,0,0,1,0,1.0,1.0,1.0,290.0,290.0,0.0,0.0,0.0,145.0,145.0,0.0,0.0,0.0,1.0,0,0,290.0,1.0,0.0,0.0,0.0
2022-09-22,0.0,2022,9,22,3,3,38,0,0,0,0.43388373911755823,-0.900968867902419,-1.0,-1.8369701987210297e-16,-0.9680771188662041,-0.2506525322587213,1356.0,1996.0,4210.0,1671.1428571428576,1818.285714285714,2285.266666666667,1994.057791587426,1702.683647773616,1905.9062634498819,0.0,5640.0,0.0,8134.0,1087.746116209686,2033.068091788443,0,0,1,0,0.0,0.0,0.0,0.0,0.0,0.0,0.0,0.0,0.0,0.0,0.0,0.0,0.0,0.0,0,0,0.0,0.0,0.0,0.0,0.0
2022-09-23,1616.0,2022,9,23,4,3,38,0,0,0,-0.433883739117558,-0.9009688679024191,-1.0,-1.8369701987210297e-16,-0.9987165071710528,-0.05064916883871355,2546.0,3698.0,2275.0,1538.285714285715,1669.5714285714282,2263.3,1956.68543837837,1614.5178234376563,1909.822326995282,0.0,5640.0,0.0,8134.0,1219.8095871572646,2006.1604729633823,0,0,1,0,4.0,4.0,2.0,648.0,162.0,230.04927008505518,0.0,0.0,129.6,216.0,0.0,0.0,0.0,1.0,0,0,648.0,8.0,0.0,0.0,0.0
2022-09-24,0.0,2022,9,24,5,3,38,1,0,0,-0.9749279121818236,-0.2225209339563146,-1.0,-1.8369701987210297e-16,-0.9884683243281114,0.15142777750457667,5640.0,720.0,5196.0,732.5714285714291,1618.1428571428569,2090.1,813.4024951078541,1657.974568661937,1869.8798476981365,0.0,1956.0,0.0,8134.0,914.8571903679484,1876.730765030261,0,0,0,0,0.0,0.0,0.0,0.0,0.0,0.0,0.0,0.0,0.0,0.0,0.0,0.0,0.0,0.0,9,0,0.0,0.0,0.0,0.0,0.0
2022-09-25,416.0,2022,9,25,6,3,38,1,0,0,-0.7818314824680299,0.6234898018587334,-1.0,-1.8369701987210297e-16,-0.9377521321470804,0.3473052528448203,1956.0,3974.0,8134.0,512.5714285714291,1363.9999999999998,1832.8333333333333,610.2433550486394,1537.387394250411,1504.9959120882424,0.0,1616.0,0.0,5640.0,790.1428927759613,1782.4900705121797,0,0,0,0,1.0,1.0,1.0,208.0,208.0,0.0,0.0,0.0,104.0,104.0,0.0,0.0,0.0,0.0,9,0,208.0,1.0,0.0,0.0,0.0
2022-09-26,2918.0,2022,9,26,0,3,39,0,0,0,0.0,1.0,-1.0,-1.8369701987210297e-16,-0.848644257494751,0.5289640103269624,0.0,1412.0,976.0,929.4285714285719,1471.5714285714282,1897.5666666666666,1044.1383779849357,1592.6970214695164,1508.6312518382385,0.0,2918.0,0.0,5640.0,1322.107169581971,1855.7487756404264,0,0,0,0,3.0,3.0,3.0,1459.0,486.3333333333333,708.3221959908735,0.0,0.0,364.75,364.75,0.0,0.0,1.584962500721156,3.0,0,0,1459.0,9.0,4.754887502163468,0.0,0.0
2022-09-27,712.0,2022,9,27,1,3,39,0,0,0,0.7818314824680298,0.6234898018587336,-1.0,-1.8369701987210297e-16,-0.72479278722912,0.6889669190756865,976.0,0.0,2572.0,891.7142857142862,1522.428571428571,1835.5666666666666,1046.939940061176,1552.9650406826563,1518.1484567662121,0.0,2918.0,0.0,5640.0,1169.5803771864782,1781.9585320507217,0,0,0,0,4.0,3.0,2.0,356.0,89.0,113.15476127852509,0.0,0.0,89.0,118.66666666666667,0.0,0.0,0.0,1.0,0,0,356.0,6.0,0.0,0.0,0.0
2022-09-28,4764.0,2022,9,28,2,3,39,0,0,1,0.9749279121818236,-0.22252093395631434,-1.0,-1.8369701987210297e-16,-0.5712682150947924,0.8207634412072763,580.0,2598.0,976.0,1489.428571428572,1677.1428571428569,1961.8333333333333,1778.252593338285,1762.1648773440922,1599.5369606563547,0.0,4764.0,0.0,5640.0,2068.1852828898586,1974.3483041764816,0,0,0,0,4.0,4.0,2.0,2036.0,509.0,278.6658692173598,190.0,0.0,407.2,678.6666666666666,0.08531656937584194,0.0,1.0,2.0,0,0,2036.0,8.0,4.0,0.0,4764.0
2022-09-29,6172.0,2022,9,29,3,3,39,0,0,1,0.43388373911755823,-0.900968867902419,-1.0,-1.8369701987210297e-16,-0.3943558551133187,0.9189578116202306,0.0,1356.0,976.0,2371.142857142858,2021.1428571428569,2135.0333333333333,2353.693227573178,2126.9665961408423,1762.157034047675,0.0,6172.0,0.0,6172.0,3094.138962167394,2245.164542616709,0,0,0,0,2.0,2.0,2.0,2598.0,1299.0,0.0,0.0,0.0,866.0,866.0,0.0,0.0,0.0,1.0,0,0,2598.0,4.0,0.0,0.0,6172.0
2022-09-30,976.0,2022,9,30,4,3,39,0,0,1,-0.433883739117558,-0.9009688679024191,-1.0,-1.8369701987210297e-16,-0.20129852008866114,0.9795299412524943,1616.0,2546.0,976.0,2279.7142857142862,1908.9999999999998,2135.0333333333333,2399.8923388550734,2138.5223870701147,1762.157034047675,0.0,6172.0,0.0,6172.0,2564.6042216255455,2163.2829592220824,0,0,0,0,3.0,3.0,2.0,488.0,162.66666666666666,281.7469313645374,0.0,0.0,122.0,162.66666666666666,0.0,0.0,0.0,1.0,0,0,488.0,6.0,0.0,0.0,976.0
2022-10-01,976.0,2022,10,1,5,4,39,1,1,0,-0.9749279121818236,-0.2225209339563146,-0.8660254037844386,0.5000000000000001,0.20129852008866006,0.9795299412524945,0.0,5640.0,5526.0,2419.142857142858,1575.8571428571427,1983.3666666666666,2270.2199180234743,1857.3961036123533,1652.6399462538852,416.0,6172.0,0.0,6172.0,2167.4531662191594,2086.684058627109,0,0,0,0,3.0,3.0,2.0,488.0,162.66666666666666,281.7469313645374,0.0,0.0,122.0,162.66666666666666,0.0,0.0,0.9182958340544894,2.0,10,0,488.0,6.0,2.7548875021634682,0.0,0.0
2022-10-02,0.0,2022,10,2,6,4,39,1,1,0,-0.7818314824680299,0.6234898018587334,-0.8660254037844386,0.5000000000000001,0.39435585511331855,0.9189578116202306,416.0,1956.0,1824.0,2359.7142857142862,1436.1428571428569,1922.5666666666666,2335.8916723088723,1899.6862031213836,1691.793491990158,0.0,6172.0,0.0,6172.0,1625.5898746643695,1952.0592806511668,0,1,0,0,0.0,0.0,0.0,0.0,0.0,0.0,0.0,0.0,0.0,0.0,0.0,0.0,0.0,0.0,10,0,0.0,0.0,0.0,0.0,0.0
2022-10-03,1696.0,2022,10,3,0,4,40,0,1,0,0.0,1.0,-0.8660254037844386,0.5000000000000001,0.5712682150947923,0.8207634412072763,2918.0,0.0,2712.0,2185.142857142858,1557.285714285714,1888.7,2332.875438064332,1854.6005345780554,1685.6034456129032,0.0,6172.0,0.0,6172.0,1643.192405998277,1935.5393270607692,0,1,0,0,5.0,5.0,2.0,848.0,169.6,191.78321094402398,0.0,0.0,141.33333333333334,282.6666666666667,0.0,0.0,1.9219280948873625,4.0,0,0,848.0,10.0,9.609640474436812,0.0,0.0
2022-10-04,808.0,2022,10,4,1,4,40,0,0,0,0.7818314824680298,0.6234898018587336,-0.8660254037844386,0.5000000000000001,0.7247927872291199,0.6889669190756866,712.0,976.0,3760.0,2198.8571428571436,1545.285714285714,1790.3,2323.0333207950007,1859.1888400206176,1658.5430072496085,0.0,6172.0,0.0,6172.0,1434.3943044987077,1862.7948543471712,0,1,0,0,4.0,4.0,1.0,404.0,101.0,84.98627340145387,0.0,0.0,80.8,202.0,0.0,0.0,1.584962500721156,3.0,0,0,404.0,4.0,6.339850002884624,0.0,0.0
2022-10-05,13632.0,2022,10,5,2,4,40,0,0,0,0.9749279121818236,-0.22252093395631434,-0.8660254037844386,0.5000000000000001,0.8486442574947509,0.5289640103269624,4764.0,580.0,976.0,3465.7142857142862,2477.5714285714284,2212.1666666666665,4920.7250723948455,3699.5246412787446,2716.4620256468943,0.0,13632.0,0.0,13632.0,4483.795728374031,2622.098412131225,0,1,0,0,6.0,6.0,3.0,6816.0,1136.0,231.02813681454472,0.0,0.0,973.7142857142857,1704.0,0.0,0.0,1.5219280948873626,3.0,0,0,6816.0,18.0,9.131568569324175,0.0,0.0
2022-10-06,1336.0,2022,10,6,3,4,40,0,0,0,0.43388373911755823,-0.900968867902419,-0.8660254037844386,0.5000000000000001,0.9377521321470804,0.3473052528448203,6172.0,0.0,2275.0,2774.8571428571436,2573.0,2180.866666666667,4815.806039441771,3647.566164317924,2721.118820776048,0.0,13632.0,0.0,13632.0,3696.846796280523,2539.1243210259845,0,1,0,0,2.0,2.0,2.0,668.0,334.0,217.78888860545663,0.0,0.0,222.66666666666666,222.66666666666666,0.0,0.0,1.0,2.0,0,0,668.0,4.0,2.0,0.0,0.0
2022-10-07,0.0,2022,10,7,4,4,40,0,0,0,-0.433883739117558,-0.9009688679024191,-0.8660254037844386,0.5000000000000001,0.9884683243281114,0.1514277775045767,976.0,1616.0,1952.0,2635.428571428572,2457.5714285714284,2115.8,4890.122522566721,3705.293027222337,2749.9650831639137,0.0,13632.0,0.0,13632.0,2772.6350972103924,2375.309848701728,0,1,0,0,1.0,1.0,1.0,0.0,0.0,0.0,0.0,0.0,0.0,0.0,0.0,0.0,0.0,1.0,0,0,0.0,1.0,0.0,0.0,0.0
2022-10-08,4910.0,2022,10,8,5,4,40,1,0,0,-0.9749279121818236,-0.2225209339563146,-0.8660254037844386,0.5000000000000001,0.9987165071710528,-0.05064916883871264,976.0,0.0,1996.0,3197.428571428572,2808.285714285714,2212.9333333333334,4893.683917634475,3687.111594742958,2796.654934558164,0.0,13632.0,0.0,13632.0,3306.9763229077944,2538.838245559681,0,1,0,0,3.0,3.0,2.0,1156.0,385.3333333333333,177.82388291040473,0.0,0.0,289.0,385.3333333333333,0.0,0.0,0.9182958340544894,2.0,10,0,1156.0,6.0,2.7548875021634682,0.0,0.0
2022-10-09,6508.0,2022,10,9,6,4,40,1,0,0,-0.7818314824680299,0.6234898018587334,-0.8660254037844386,0.5000000000000001,0.9680771188662043,-0.2506525322587204,0.0,416.0,3698.0,4127.142857142858,3243.4285714285716,2306.6,4802.33635600324,3742.1328701133075,2893.488868905975,0.0,13632.0,0.0,13632.0,4107.232242180846,2794.913197459057,1,0,0,0,5.0,5.0,2.0,1955.0,391.0,361.36408233248636,255.0,0.0,325.8333333333333,651.6666666666666,0.11533242876526459,0.0,0.9182958340544894,2.0,10,1,1955.0,10.0,4.591479170272447,0.11533242876526459,0.0
2022-10-10,7296.0,2022,10,10,0,4,41,0,0,0,0.0,1.0,-0.8660254037844386,0.5000000000000001,0.8978045395707416,-0.4403941515576344,1696.0,2918.0,720.0,4927.142857142857,3556.1428571428573,2525.8,4796.279927491423,3892.741052407537,3015.6569067634937,0.0,13632.0,0.0,13632.0,4904.424181635634,3085.3058943971823,0,0,1,0,4.0,4.0,3.0,2968.0,742.0,1075.4050399733117,0.0,0.0,593.6,742.0,0.0,0.0,1.584962500721156,3.0,0,0,2968.0,12.0,6.339850002884624,0.0,0.0
2022-10-11,0.0,2022,10,11,1,4,41,0,0,0,0.7818314824680298,0.6234898018587336,-0.8660254037844386,0.5000000000000001,0.7907757369376989,-0.6121059825476626,808.0,712.0,3974.0,4811.714285714285,3505.285714285714,2393.3333333333335,4920.059949305689,3937.1545841864345,3037.0548952532336,0.0,13632.0,0.0,13632.0,3678.318136226726,2886.2539012102675,0,0,1,0,1.0,1.0,1.0,0.0,0.0,0.0,0.0,0.0,0.0,0.0,0.0,0.0,0.0,1.0,0,0,0.0,1.0,0.0,0.0,0.0
2022-10-12,300.0,2022,10,12,2,4,41,0,0,0,0.9749279121818236,-0.22252093395631434,-0.8660254037844386,0.5000000000000001,0.6513724827222223,-0.7587581226927909,13632.0,4764.0,1412.0,2907.142857142858,3186.4285714285716,2356.266666666667,3225.1180561632937,4007.507737202301,3056.170591615836,0.0,7296.0,0.0,13632.0,2833.7386021700445,2719.3988108096055,0,0,1,0,1.0,1.0,1.0,150.0,150.0,0.0,0.0,0.0,75.0,75.0,0.0,0.0,0.0,0.0,0,0,150.0,1.0,0.0,0.0,0.0
2022-10-13,0.0,2022,10,13,3,4,41,0,0,0,0.43388373911755823,-0.900968867902419,-0.8660254037844386,0.5000000000000001,0.48530196253108104,-0.8743466161445821,1336.0,6172.0,0.0,2716.2857142857147,2745.5714285714284,2356.266666666667,3369.874464243725,3993.266037763036,3056.170591615836,0.0,7296.0,0.0,13632.0,2125.3039516275335,2543.953726241244,0,0,1,0,2.0,2.0,1.0,0.0,0.0,0.0,0.0,0.0,0.0,0.0,0.0,0.0,0.0,1.0,0,0,0.0,2.0,0.0,0.0,0.0
2022-10-14,0.0,2022,10,14,4,4,41,0,0,0,-0.433883739117558,-0.9009688679024191,-0.8660254037844386,0.5000000000000001,0.29936312297335804,-0.9541392564000488,0.0,976.0,2598.0,2716.2857142857147,2675.8571428571427,2269.6666666666665,3369.874464243725,4034.8386271637673,3085.7500774090413,0.0,7296.0,0.0,13632.0,1593.9779637206502,2379.8276793869704,0,0,1,0,2.0,2.0,2.0,0.0,0.0,0.0,0.0,0.0,0.0,0.0,0.0,0.0,1.0,2.0,0,0,0.0,4.0,2.0,0.0,0.0
2022-10-15,1020.0,2022,10,15,5,4,41,1,0,0,-0.9749279121818236,-0.2225209339563146,-0.8660254037844386,0.5000000000000001,0.10116832198743272,-0.994869323391895,4910.0,976.0,1356.0,2160.571428571429,2679.0,2258.4666666666667,3266.996523676498,4033.4295962235856,3089.787792437997,0.0,7296.0,0.0,13632.0,1450.4834727904877,2292.096861362005,0,0,1,0,3.0,3.0,3.0,510.0,170.0,180.83141320025123,0.0,0.0,127.5,127.5,0.0,0.0,0.0,1.0,10,0,510.0,9.0,0.0,0.0,0.0
2022-10-16,380.0,2022,10,16,6,4,41,1,0,0,-0.7818314824680299,0.6234898018587334,-0.8660254037844386,0.5000000000000001,-0.10116832198743204,-0.9948693233918952,6508.0,0.0,2546.0,1285.1428571428576,2706.1428571428573,2186.266666666667,2675.358881132996,4015.2521878293255,3108.089810681858,0.0,7296.0,0.0,13632.0,1182.8626045928659,2168.735773532198,0,0,1,0,2.0,2.0,1.0,190.0,95.0,134.35028842544403,190.0,0.0,63.333333333333336,95.0,0.49868766404199477,0.0,1.0,2.0,10,0,190.0,2.0,2.0,0.49868766404199477,0.0
2022-10-17,2928.0,2022,10,17,0,4,42,0,0,0,0.0,1.0,-0.8660254037844386,0.5000000000000001,-0.2993631229733582,-0.9541392564000488,7296.0,1696.0,5640.0,661.1428571428577,2794.1428571428573,2095.866666666667,1063.6583769506105,4004.8976527236323,3042.929483849105,0.0,2928.0,0.0,13632.0,1619.1469534446494,2217.7205623365726,0,1,0,0,3.0,3.0,2.0,1464.0,488.0,488.0,0.0,0.0,366.0,488.0,0.0,0.0,0.9182958340544894,2.0,0,0,1464.0,6.0,2.7548875021634682,0.0,0.0
2022-10-18,396.0,2022,10,18,1,4,42,0,0,0,0.7818314824680298,0.6234898018587336,-0.8660254037844386,0.5000000000000001,-0.4853019625310808,-0.8743466161445822,0.0,808.0,1956.0,717.7142857142862,2764.714285714286,2043.8666666666666,1032.7151453467868,4022.0915804241367,3058.6904988599476,0.0,2928.0,0.0,13632.0,1313.360215083487,2100.190203476149,0,1,0,0,1.0,1.0,1.0,198.0,198.0,0.0,0.0,0.0,99.0,99.0,0.0,0.0,0.0,1.0,0,0,198.0,1.0,0.0,0.0,0.0
2022-10-19,380.0,2022,10,19,2,4,42,0,0,0,0.9749279121818236,-0.22252093395631434,-0.8660254037844386,0.5000000000000001,-0.651372482722222,-0.7587581226927911,300.0,13632.0,0.0,729.1428571428577,1818.1428571428569,2056.5333333333333,1027.752795921214,2562.2836526199785,3050.7109825171246,0.0,2928.0,0.0,13632.0,1080.0201613126153,1989.2101903486555,0,1,0,0,1.0,1.0,1.0,190.0,190.0,0.0,190.0,0.0,95.0,95.0,0.49868766404199477,0.0,0.0,1.0,0,0,190.0,1.0,0.0,0.0,0.0
2022-10-20,5174.0,2022,10,20,3,4,42,0,0,0,0.43388373911755823,-0.900968867902419,-0.8660254037844386,0.5000000000000001,-0.7907757369376986,-0.6121059825476627,0.0,1336.0,976.0,1468.285714285715,2092.285714285714,2196.4666666666667,1903.4370416246034,2707.9089698531316,3095.390864220361,0.0,5174.0,0.0,13632.0,2103.5151209844616,2194.6805006487425,0,1,0,0,4.0,3.0,2.0,1288.0,322.0,393.02586852945615,0.0,0.0,322.0,429.3333333333333,0.0,0.0,1.5,3.0,0,0,1288.0,6.0,6.0,0.0,0.0
2022-10-21,0.0,2022,10,21,4,4,42,0,0,0,-0.433883739117558,-0.9009688679024191,-0.8660254037844386,0.5000000000000001,-0.8978045395707417,-0.44039415155763423,0.0,0.0,580.0,1468.285714285715,2092.285714285714,2177.133333333333,1903.4370416246034,2707.9089698531316,3107.622339071927,0.0,5174.0,0.0,13632.0,1577.6363407383462,2053.0882102843075,0,1,0,0,2.0,2.0,1.0,0.0,0.0,0.0,0.0,0.0,0.0,0.0,0.0,0.0,0.0,1.0,0,0,0.0,2.0,0.0,0.0,0.0
2022-10-22,0.0,2022,10,22,5,4,42,1,0,0,-0.9749279121818236,-0.2225209339563146,-0.8660254037844386,0.5000000000000001,-0.9680771188662041,-0.2506525322587213,1020.0,4910.0,0.0,1322.5714285714291,1741.5714285714282,2177.133333333333,1980.9387385061505,2631.7902860771737,3107.622339071927,0.0,5174.0,0.0,13632.0,1183.2272555537597,1920.6309063949975,0,1,0,0,0.0,0.0,0.0,0.0,0.0,0.0,0.0,0.0,0.0,0.0,0.0,0.0,0.0,0.0,10,0,0.0,0.0,0.0,0.0,0.0
2022-10-23,4560.0,2022,10,23,6,4,42,1,0,0,-0.7818314824680299,0.6234898018587334,-0.8660254037844386,0.5000000000000001,-0.9987165071710528,-0.05064916883871355,380.0,6508.0,1616.0,1919.7142857142862,1602.428571428571,2275.266666666667,2259.836108680291,2401.8552032923385,3135.6485325272433,0.0,5174.0,0.0,13632.0,2027.4204416653197,2090.912783401772,0,1,0,0,1.0,1.0,1.0,2280.0,2280.0,0.0,0.0,0.0,1140.0,1140.0,0.0,0.0,0.0,1.0,10,0,2280.0,1.0,0.0,0.0,0.0
2022-10-24,2598.0,2022,10,24,0,4,43,0,0,0,0.0,1.0,-0.8660254037844386,0.5000000000000001,-0.9884683243281114,0.15142777750457667,2928.0,7296.0,0.0,1872.5714285714291,1266.8571428571427,2361.866666666667,2238.639084886395,1797.2992926201287,3106.3827032177796,0.0,5174.0,0.0,13632.0,2170.06533124899,2123.628087698432,1,0,0,1,3.0,3.0,2.0,1299.0,433.0,749.9779996773239,0.0,0.0,324.75,433.0,0.0,0.0,0.9182958340544894,2.0,0,0,1299.0,6.0,2.7548875021634682,0.0,0.0
2022-10-25,0.0,2022,10,25,1,4,43,0,0,0,0.7818314824680298,0.6234898018587336,-0.8660254037844386,0.5000000000000001,-0.9377521321470804,0.3473052528448203,396.0,0.0,416.0,1816.0000000000005,1266.8571428571427,2348.0,2286.660155481507,1797.2992926201287,3116.2811612340265,0.0,5174.0,0.0,13632.0,1627.5489984367423,1986.6198239759526,0,0,1,0,0.0,0.0,0.0,0.0,0.0,0.0,0.0,0.0,0.0,0.0,0.0,0.0,0.0,0.0,0,0,0.0,0.0,0.0,0.0,0.0
2022-10-26,0.0,2022,10,26,2,4,43,0,0,0,0.9749279121818236,-0.22252093395631434,-0.8660254037844386,0.5000000000000001,-0.848644257494751,0.5289640103269624,380.0,300.0,2918.0,1761.7142857142862,1245.428571428571,2250.733333333333,2330.522810750544,1811.446243890655,3143.2983986552294,0.0,5174.0,0.0,13632.0,1220.6617488275567,1858.4508030742784,0,0,1,0,0.0,0.0,0.0,0.0,0.0,0.0,0.0,0.0,0.0,0.0,0.0,0.0,0.0,0.0,0,0,0.0,0.0,0.0,0.0,0.0
2022-10-27,760.0,2022,10,27,3,4,43,0,0,0,0.43388373911755823,-0.900968867902419,-0.8660254037844386,0.5000000000000001,-0.72479278722912,0.6889669190756865,5174.0,0.0,712.0,1131.1428571428576,1299.7142857142856,2252.3333333333335,1787.195888216286,1782.4071635581372,3142.5002601523356,0.0,4560.0,0.0,13632.0,1105.4963116206675,1787.5830093275508,0,0,1,0,2.0,2.0,2.0,380.0,190.0,268.70057685088807,0.0,0.0,126.66666666666667,126.66666666666667,0.0,0.0,1.0,2.0,0,0,380.0,4.0,2.0,0.0,0.0
2022-10-28,3304.4,2022,10,28,4,4,43,0,0,0,-0.433883739117558,-0.9009688679024191,-0.8660254037844386,0.5000000000000001,-0.5712682150947924,0.8207634412072763,0.0,0.0,4764.0,1603.2000000000005,1535.742857142857,2203.6800000000003,1872.970531891354,1815.5366579839638,3113.4374455210173,0.0,4560.0,0.0,13632.0,1655.2222337155008,1885.442170016096,0,0,1,0,6.0,5.0,2.0,1652.2,275.3666666666667,187.46905522423341,217.8,0.0,275.3666666666667,550.7333333333333,0.11640833778727953,0.0,0.8112781244591328,2.0,0,0,1652.2,10.0,4.867668746754797,0.0,0.0
2022-10-29,7452.0,2022,10,29,5,4,43,1,0,1,-0.9749279121818236,-0.2225209339563146,-0.8660254037844386,0.5000000000000001,-0.3943558551133187,0.9189578116202306,0.0,1020.0,6172.0,2667.7714285714287,1995.1714285714281,2246.346666666667,2731.0906427739906,2396.011380295501,3177.800014077552,0.0,7452.0,0.0,13632.0,3104.416675286626,2244.574933240864,0,0,1,0,3.0,3.0,3.0,1926.0,642.0,435.0770046784822,0.0,0.0,481.5,481.5,0.0,0.0,1.584962500721156,3.0,10,0,1926.0,9.0,4.754887502163468,0.0,7452.0
2022-10-30,5792.0,2022,10,30,6,4,43,1,0,1,-0.7818314824680299,0.6234898018587334,-0.8660254037844386,0.5000000000000001,-0.20129852008866114,0.9795299412524943,4560.0,380.0,976.0,2843.7714285714287,2381.742857142857,2406.88,2907.363633783646,2547.1903198847035,3232.585830143015,0.0,7452.0,0.0,13632.0,3776.3125064649694,2473.4410665801634,0,0,1,0,4.0,4.0,1.0,2408.0,602.0,407.2476723895014,0.0,0.0,481.6,1204.0,0.0,0.0,0.8112781244591328,2.0,10,0,2408.0,4.0,3.2451124978365313,0.0,5792.0
2022-10-31,3216.0,2022,10,31,0,4,44,0,0,1,0.0,1.0,-0.8660254037844386,0.5000000000000001,-2.4492935982947064e-16,1.0,2598.0,2928.0,976.0,2932.057142857143,2402.3142857142852,2481.546666666667,2908.0397102155434,2553.0974306809176,3224.254672466114,0.0,7452.0,0.0,13632.0,3636.2343798487273,2521.3480945427336,0,0,1,0,2.0,2.0,1.0,1488.0,744.0,362.03867196751236,0.0,0.0,496.0,744.0,0.0,0.0,1.0,2.0,0,0,1488.0,2.0,2.0,0.0,3216.0
2022-11-01,1952.0,2022,11,1,1,4,44,0,1,0,0.7818314824680298,0.6234898018587336,-0.5000000000000004,0.8660254037844384,0.20129852008866006,0.9795299412524945,0.0,396.0,0.0,3210.914285714286,2513.4571428571426,2546.6133333333337,2663.3122707314274,2492.1805718361206,3191.983834948845,0.0,7452.0,0.0,13632.0,3215.1757848865454,2484.6159594109445,0,0,0,0,4.0,4.0,2.0,976.0,244.0,281.7469313645374,0.0,0.0,195.2,325.3333333333333,0.0,0.0,1.5,3.0,0,0,976.0,8.0,6.0,0.0,0.0
2022-11-03,7148.0,2022,11,3,3,4,44,0,1,0,0.43388373911755823,-0.900968867902419,-0.5000000000000004,0.8660254037844384,0.5712682150947923,0.8207634412072763,0.0,380.0,1696.0,4232.057142857143,2996.8857142857137,2728.346666666667,2596.5020616572747,2694.696152089871,3295.412011050323,760.0,7452.0,0.0,13632.0,4198.381838664909,2785.479445900561,0,0,0,0,4.0,3.0,3.0,2275.0,568.75,538.4492393284007,0.0,0.0,568.75,568.75,0.0,0.0,1.0,2.0,0,0,2275.0,9.0,4.0,0.0,0.0
2022-11-04,0.0,2022,11,4,4,4,44,0,0,0,-0.433883739117558,-0.9009688679024191,-0.5000000000000004,0.8660254037844384,0.7247927872291199,0.6889669190756866,760.0,5174.0,808.0,4123.4857142857145,2627.3142857142852,2701.4133333333334,2775.594540171272,2727.7402647774147,3314.892474641795,0.0,7452.0,0.0,13632.0,3148.786378998682,2605.771094552138,0,0,0,0,1.0,1.0,1.0,0.0,0.0,0.0,0.0,0.0,0.0,0.0,0.0,0.0,0.0,1.0,0,0,0.0,1.0,0.0,0.0,0.0
2022-11-05,3696.0,2022,11,5,5,4,44,1,0,0,-0.9749279121818236,-0.2225209339563146,-0.5000000000000004,0.8660254037844384,0.8486442574947509,0.5289640103269624,3304.4,0.0,13632.0,4179.428571428572,2891.3142857142852,2370.2133333333336,2760.2380849691735,2631.041548324738,2605.6141376456485,0.0,7452.0,0.0,7452.0,3285.5897842490112,2676.10844329071,0,0,0,0,3.0,2.0,3.0,1488.0,496.0,433.1835638617883,800.0,0.0,496.0,372.0,0.34949759720401924,0.0,0.0,1.0,11,0,1488.0,6.0,0.0,0.34949759720401924,0.0
2022-11-06,3480.0,2022,11,6,6,4,44,1,0,0,-0.7818314824680299,0.6234898018587334,-0.5000000000000004,0.8660254037844384,0.9377521321470804,0.3473052528448203,7452.0,0.0,1336.0,3612.0,3139.8857142857137,2441.6800000000003,2353.689869120402,2497.887710371788,2605.6723977533743,0.0,7148.0,0.0,7452.0,3334.192338186758,2727.9724146913095,0,0,0,0,1.0,1.0,1.0,1740.0,1740.0,0.0,0.0,0.0,870.0,870.0,0.0,0.0,0.0,1.0,11,0,1740.0,1.0,0.0,0.0,0.0
2022-11-07,1392.0,2022,11,7,0,4,45,0,0,0,0.0,1.0,-0.5000000000000004,0.8660254037844384,0.9884683243281114,0.1514277775045767,5792.0,4560.0,0.0,2983.4285714285716,2913.5999999999995,2488.0800000000004,2260.140914275253,2502.833254841102,2572.8809075458234,0.0,7148.0,0.0,7452.0,2848.6442536400687,2641.780646001548,0,0,0,0,3.0,2.0,2.0,696.0,232.0,244.88364584022347,0.0,0.0,232.0,232.0,0.0,0.0,1.0,2.0,0,0,696.0,4.0,3.0,0.0,0.0
2022-11-08,0.0,2022,11,8,1,4,45,0,0,0,0.7818314824680298,0.6234898018587336,-0.5000000000000004,0.8660254037844384,0.9987165071710528,-0.05064916883871264,3216.0,2598.0,4910.0,2524.0,2728.028571428571,2324.4133333333334,2517.229164511388,2621.532331533367,2569.6706553676286,0.0,7148.0,0.0,7452.0,2136.4831902300516,2471.34318496919,0,0,0,0,0.0,0.0,0.0,0.0,0.0,0.0,0.0,0.0,0.0,0.0,0.0,0.0,0.0,0.0,0,0,0.0,0.0,0.0,0.0,0.0
2022-11-09,0.0,2022,11,9,2,4,45,0,0,0,0.9749279121818236,-0.22252093395631434,-0.5000000000000004,0.8660254037844384,0.9680771188662043,-0.2506525322587204,1952.0,0.0,6508.0,2245.142857142858,2728.028571428571,2107.48,2693.130732596763,2621.532331533367,2477.357524682999,0.0,7148.0,0.0,7452.0,1602.3623926725386,2311.9016891647266,0,0,0,0,1.0,1.0,1.0,0.0,0.0,0.0,0.0,0.0,0.0,0.0,0.0,0.0,0.0,1.0,0,0,0.0,1.0,0.0,0.0,0.0
2022-11-10,4560.0,2022,11,10,3,4,45,0,0,0,0.43388373911755823,-0.900968867902419,-0.5000000000000004,0.8660254037844384,0.8978045395707416,-0.4403941515576344,7148.0,0.0,7296.0,1875.428571428572,3053.742857142857,2016.2799999999997,1995.0544568292687,2538.478272725403,2325.468437852534,0.0,4560.0,0.0,7452.0,2341.771794504404,2456.9402898637763,0,0,0,0,2.0,2.0,2.0,2280.0,1140.0,1612.2034611053284,0.0,0.0,760.0,760.0,0.0,0.0,1.0,2.0,0,0,2280.0,4.0,2.0,0.0,0.0
2022-11-11,856.0,2022,11,11,4,4,45,0,0,0,-0.433883739117558,-0.9009688679024191,-0.5000000000000004,0.8660254037844384,0.7907757369376989,-0.6121059825476626,0.0,760.0,0.0,1997.7142857142862,3060.5999999999995,2044.813333333333,1884.0903830306581,2531.9268175108878,2305.037514203421,0.0,4560.0,0.0,7452.0,1970.3288458783031,2353.6538195499843,0,0,0,0,2.0,2.0,2.0,268.0,134.0,189.50461735799473,0.0,0.0,89.33333333333333,89.33333333333333,0.0,0.0,0.0,1.0,0,0,268.0,4.0,0.0,0.0,0.0
2022-11-12,3640.0,2022,11,12,5,4,45,1,0,0,-0.9749279121818236,-0.2225209339563146,-0.5000000000000004,0.8660254037844384,0.6513724827222223,-0.7587581226927909,3696.0,3304.4,300.0,1989.7142857142862,3084.571428571428,2156.1466666666665,1875.7780354016513,2535.9979893915224,2298.508766305153,0.0,4560.0,0.0,7452.0,2387.7466344087275,2436.64389570805,0,0,0,0,4.0,4.0,4.0,1100.0,275.0,377.49172176353744,0.0,0.0,220.0,220.0,0.0,0.0,1.5,3.0,11,0,1100.0,16.0,6.0,0.0,0.0
2022-11-14,2020.8,2022,11,14,0,4,46,0,0,0,0.0,1.0,-0.5000000000000004,0.8660254037844384,0.29936312297335804,-0.9541392564000488,3480.0,7452.0,0.0,1781.2571428571432,2696.628571428571,2223.5066666666667,1760.0707171940148,2211.1065365657987,2262.4701415341065,0.0,4560.0,0.0,7452.0,2296.0099758065453,2409.815257275273,0,0,0,0,5.0,5.0,2.0,1010.4,202.07999999999998,178.3088107750147,23.6,0.0,168.4,336.8,0.02280193236714976,0.0,1.0,2.0,0,0,1010.3999999999999,10.0,5.0,0.0,0.0
2022-11-15,8148.0,2022,11,15,1,4,46,0,0,0,0.7818314824680298,0.6234898018587336,-0.5000000000000004,0.8660254037844384,0.10116832198743272,-0.994869323391895,1392.0,5792.0,0.0,2746.4000000000005,2864.9142857142856,2495.1066666666666,2956.64454858319,2531.2894636945484,2466.2340805272415,0.0,8148.0,0.0,8148.0,3759.007481854909,2780.020724547836,0,0,0,0,6.0,6.0,2.0,2880.0,480.0,379.66722270957234,188.0,0.0,411.42857142857144,960.0,0.06125773867709352,0.0,1.0,2.0,0,0,2880.0,12.0,6.0,0.0,0.0
2022-11-16,0.0,2022,11,16,2,4,46,0,0,0,0.9749279121818236,-0.22252093395631434,-0.5000000000000004,0.8660254037844384,-0.10116832198743204,-0.9948693233918952,0.0,3216.0,1020.0,2746.4000000000005,2635.2,2461.1066666666666,2956.64454858319,2640.545603294321,2494.1444753846918,0.0,8148.0,0.0,8148.0,2819.255611391182,2600.6645487705564,0,0,0,0,0.0,0.0,0.0,0.0,0.0,0.0,0.0,0.0,0.0,0.0,0.0,0.0,0.0,0.0,0,0,0.0,0.0,0.0,0.0,0.0
2022-11-17,0.0,2022,11,17,3,4,46,0,0,0,0.43388373911755823,-0.900968867902419,-0.5000000000000004,0.8660254037844384,-0.2993631229733582,-0.9541392564000488,0.0,1952.0,380.0,2746.4000000000005,2495.7714285714283,2448.44,2956.64454858319,2729.435082556491,2506.014633746529,0.0,8148.0,0.0,8148.0,2114.4417085433865,2432.879739172456,0,0,0,0,0.0,0.0,0.0,0.0,0.0,0.0,0.0,0.0,0.0,0.0,0.0,0.0,0.0,0.0,0,0,0.0,0.0,0.0,0.0,0.0
2022-11-18,1400.0,2022,11,18,4,4,46,0,0,0,-0.433883739117558,-0.9009688679024191,-0.5000000000000004,0.8660254037844384,-0.4853019625310808,-0.8743466161445822,4560.0,7148.0,2928.0,2294.971428571429,2085.2,2397.5066666666667,2873.6624608759557,2386.583107547446,2511.453717633697,0.0,8148.0,0.0,8148.0,1935.8312814075398,2366.2423366452012,0,0,0,0,1.0,1.0,1.0,700.0,700.0,0.0,0.0,0.0,350.0,350.0,0.0,0.0,0.0,1.0,0,0,700.0,1.0,0.0,0.0,0.0
2022-11-20,680.0,2022,11,20,6,4,46,1,0,0,-0.7818314824680299,0.6234898018587334,-0.5000000000000004,0.8660254037844384,-0.7907757369376986,-0.6121059825476627,856.0,0.0,396.0,2269.8285714285716,2133.7714285714283,2406.9733333333334,2889.079566063845,2347.480244998751,2504.173792984682,0.0,8148.0,0.0,8148.0,1621.8734610556548,2257.4525084745433,0,0,0,0,2.0,2.0,2.0,340.0,170.0,240.41630560342617,340.0,0.0,113.33333333333333,113.33333333333333,0.49926578560939794,0.0,1.0,2.0,11,0,340.0,4.0,2.0,0.49926578560939794,0.0
2022-11-21,2304.0,2022,11,21,0,4,47,0,0,0,0.0,1.0,-0.5000000000000004,0.8660254037844384,-0.8978045395707417,-0.44039415155763423,3640.0,3696.0,380.0,2078.971428571429,2034.342857142857,2471.1066666666666,2826.938781151971,2305.3222800608837,2474.938489369169,0.0,8148.0,0.0,8148.0,1792.4050957917411,2260.4555724439274,0,0,0,0,3.0,3.0,2.0,588.0,196.0,39.344631145812,190.0,0.0,147.0,196.0,0.24390243902439024,0.0,1.0,2.0,0,0,588.0,6.0,3.0,0.0,0.0
2022-11-22,0.0,2022,11,22,1,4,47,0,0,0,0.7818314824680298,0.6234898018587336,-0.5000000000000004,0.8660254037844384,-0.9680771188662041,-0.2506525322587213,2020.8,3480.0,5174.0,1790.285714285715,1785.7714285714283,2298.64,2934.986071192721,2324.98533177461,2460.3244004777566,0.0,8148.0,0.0,8148.0,1344.303821843806,2114.619729060448,0,0,0,0,2.0,2.0,2.0,0.0,0.0,0.0,0.0,0.0,0.0,0.0,0.0,0.0,0.0,1.0,0,0,0.0,4.0,0.0,0.0,0.0
2022-11-23,2096.0,2022,11,23,2,4,47,0,0,0,0.9749279121818236,-0.22252093395631434,-0.5000000000000004,0.8660254037844384,-0.9987165071710528,-0.05064916883871355,8148.0,1392.0,0.0,925.7142857142862,1836.0571428571425,2368.5066666666667,1010.3962447617412,2323.4262331950545,2422.2642947760987,0.0,2304.0,0.0,8148.0,1532.2278663828545,2113.418456217839,0,0,0,0,3.0,3.0,1.0,688.0,229.33333333333334,397.2169852024625,0.0,0.0,172.0,344.0,0.0,0.0,1.0,2.0,0,0,688.0,3.0,3.0,0.0,0.0
2022-11-25,1296.0,2022,11,25,4,4,47,0,0,0,-0.433883739117558,-0.9009688679024191,-0.5000000000000004,0.8660254037844384,-0.9377521321470804,0.3473052528448203,0.0,0.0,0.0,1110.8571428571433,1928.6285714285711,2411.7066666666665,927.8669855411372,2269.845916637247,2389.907115628839,0.0,2304.0,0.0,8148.0,1473.1708997871408,2060.6817816231396,0,0,0,0,2.0,2.0,1.0,648.0,324.0,231.93102422918759,0.0,0.0,216.0,324.0,0.0,0.0,0.0,1.0,0,0,648.0,2.0,0.0,0.0,0.0
2022-11-26,6216.0,2022,11,26,5,4,47,1,0,0,-0.9749279121818236,-0.2225209339563146,-0.5000000000000004,0.8660254037844384,-0.848644257494751,0.5289640103269624,0.0,0.0,4560.0,1998.8571428571433,2372.628571428571,2466.9066666666668,2019.6656017413338,2463.278739163158,2459.352991299971,0.0,6216.0,0.0,8148.0,2658.8781748403553,2328.766827970034,0,0,0,0,3.0,3.0,3.0,3108.0,1036.0,1617.6180018780701,0.0,0.0,777.0,777.0,0.0,0.0,1.0,2.0,11,0,3108.0,9.0,3.0,0.0,0.0
2022-11-27,380.0,2022,11,27,6,4,47,1,0,0,-0.7818314824680299,0.6234898018587334,-0.5000000000000004,0.8660254037844384,-0.72479278722912,0.6889669190756865,1400.0,4560.0,2598.0,1853.1428571428576,2074.0571428571425,2392.9733333333334,2105.062740836288,2430.868698702118,2488.442989021292,0.0,6216.0,0.0,8148.0,2089.1586311302663,2203.039935842935,0,0,0,0,1.0,1.0,1.0,190.0,190.0,0.0,190.0,0.0,95.0,95.0,0.49868766404199477,0.0,0.0,1.0,11,0,190.0,1.0,0.0,0.49868766404199477,0.0
2022-11-28,808.0,2022,11,28,0,4,48,0,0,1,0.0,1.0,-0.5000000000000004,0.8660254037844384,-0.5712682150947924,0.8207634412072763,680.0,856.0,0.0,1871.428571428572,2070.628571428571,2419.9066666666668,2093.699027808835,2432.7519572029496,2465.9205718860044,0.0,6216.0,0.0,8148.0,1768.8689733476997,2113.037359336939,0,0,0,0,2.0,2.0,1.0,404.0,202.0,59.39696961966999,0.0,0.0,134.66666666666666,202.0,0.0,0.0,0.0,1.0,0,0,404.0,2.0,0.0,0.0,808.0
2022-11-29,1356.0,2022,11,29,1,4,48,0,0,1,0.7818314824680298,0.6234898018587336,-0.5000000000000004,0.8660254037844384,-0.3943558551133187,0.9189578116202306,2304.0,3640.0,0.0,1736.0000000000005,1907.485714285714,2465.1066666666666,2091.7144483254347,2395.7143809654967,2432.2319936610756,0.0,6216.0,0.0,8148.0,1665.6517300107748,2064.196239379717,0,0,0,0,2.0,2.0,1.0,678.0,339.0,210.71782079359116,190.0,0.0,226.0,339.0,0.2186421173762946,0.0,1.0,2.0,0,0,678.0,2.0,2.0,0.0,1356.0
2022-11-30,5826.0,2022,11,30,2,4,48,0,0,1,0.9749279121818236,-0.22252093395631434,-0.5000000000000004,0.8660254037844384,-0.20129852008866114,0.9795299412524943,0.0,2020.8,760.0,2568.2857142857147,2179.285714285714,2633.9733333333334,2419.2672247525566,2615.3463788413833,2485.055736408641,380.0,6216.0,0.0,8148.0,2705.738797508081,2306.893256193929,0,0,0,0,3.0,3.0,2.0,2913.0,971.0,1146.5264933703015,145.0,0.0,728.25,971.0,0.047401111474338016,0.0,1.584962500721156,3.0,0,0,2913.0,6.0,4.754887502163468,0.0,5826.0
2022-12-01,0.0,2022,12,1,3,4,48,0,1,0,0.43388373911755823,-0.900968867902419,-2.4492935982947064e-16,1.0,0.20129852008866006,0.9795299412524945,2096.0,8148.0,3304.4,2268.8571428571436,1597.285714285714,2523.826666666667,2609.679381876347,2024.8851222333137,2527.189616254738,0.0,6216.0,0.0,8148.0,2029.3040981310608,2158.0614332136756,0,0,0,0,0.0,0.0,0.0,0.0,0.0,0.0,0.0,0.0,0.0,0.0,0.0,0.0,0.0,0.0,0,0,0.0,0.0,0.0,0.0,0.0
2022-12-02,0.0,2022,12,2,4,4,48,0,1,0,-0.433883739117558,-0.9009688679024191,-2.4492935982947064e-16,1.0,0.39435585511331855,0.9189578116202306,1296.0,0.0,7452.0,2083.7142857142862,1597.285714285714,2275.4266666666667,2733.2482332861655,2024.8851222333137,2388.5189840558996,0.0,6216.0,0.0,8148.0,1521.9780735982956,2018.8316633289226,0,0,0,0,0.0,0.0,0.0,0.0,0.0,0.0,0.0,0.0,0.0,0.0,0.0,0.0,0.0,0.0,0,0,0.0,0.0,0.0,0.0,0.0
2022-12-03,19076.0,2022,12,3,5,4,48,1,1,0,-0.9749279121818236,-0.2225209339563146,-2.4492935982947064e-16,1.0,0.5712682150947923,0.8207634412072763,6216.0,0.0,5792.0,3920.8571428571436,2959.8571428571427,2718.226666666667,6986.417857256357,5040.328100693188,3848.2261309759924,0.0,19076.0,0.0,19076.0,5910.483555198722,3119.294136662541,0,0,0,0,11.0,11.0,4.0,7088.0,644.3636363636364,795.7797776680773,0.0,0.0,590.6666666666666,1417.6,0.0,0.0,1.6854752972273344,4.0,12,0,7088.0,44.0,18.540228269500677,0.0,0.0
2022-12-04,18212.0,2022,12,4,6,4,48,1,0,0,-0.7818314824680299,0.6234898018587334,-2.4492935982947064e-16,1.0,0.7247927872291199,0.6889669190756866,380.0,1400.0,3216.0,6468.285714285715,4160.714285714285,3218.0933333333332,8555.052653535331,6446.643091009241,4776.991260481084,0.0,19076.0,0.0,19076.0,8985.862666399042,4093.0170955875387,0,0,0,0,11.0,8.0,4.0,8780.0,798.1818181818181,1021.7559217525308,0.0,0.0,975.5555555555555,1756.0,0.0,0.0,2.5,6.0,12,0,8780.0,32.0,27.5,0.0,0.0
2022-12-05,472.0,2022,12,5,0,4,49,0,0,0,0.0,1.0,-2.4492935982947064e-16,1.0,0.8486442574947509,0.5289640103269624,808.0,680.0,1952.0,6420.285714285715,4145.857142857143,3168.76,8592.962580202588,6455.515493414474,4798.112928311255,0.0,19076.0,0.0,19076.0,6857.396999799281,3859.403089420601,0,0,0,0,3.0,3.0,3.0,236.0,78.66666666666667,68.12733176437584,800.0,0.0,59.0,59.0,0.7714561234329798,0.0,0.9182958340544894,2.0,0,0,236.0,9.0,2.7548875021634682,0.0,0.0
2022-12-06,1996.0,2022,12,6,1,4,49,0,0,0,0.7818314824680298,0.6234898018587336,-2.4492935982947064e-16,1.0,0.9377521321470804,0.3473052528448203,1356.0,2304.0,7148.0,6511.714285714285,4123.857142857143,2997.0266666666666,8533.295918816786,6462.7959876528685,4742.656710073924,0.0,19076.0,0.0,19076.0,5642.04774984946,3739.183535264434,0,0,0,0,3.0,3.0,2.0,998.0,332.6666666666667,238.87514172331396,0.0,0.0,249.5,332.6666666666667,0.0,0.0,1.584962500721156,3.0,0,0,998.0,6.0,4.754887502163468,0.0,0.0
2022-12-07,472.0,2022,12,7,2,4,49,0,0,0,0.9749279121818236,-0.22252093395631434,-2.4492935982947064e-16,1.0,0.9884683243281114,0.1514277775045767,5826.0,0.0,0.0,5746.857142857143,4157.571428571428,3012.76,8839.454497282273,6440.822125191138,4733.144876047551,0.0,19076.0,0.0,19076.0,4349.535812387096,3528.3975007312447,0,0,0,0,4.0,4.0,3.0,236.0,59.0,68.12733176437584,0.0,0.0,47.2,59.0,0.0,0.0,1.5,3.0,0,0,236.0,12.0,6.0,0.0,0.0
2022-12-09,3544.0,2022,12,9,4,4,49,0,0,0,-0.433883739117558,-0.9009688679024191,-2.4492935982947064e-16,1.0,0.9680771188662043,-0.2506525322587204,0.0,2096.0,3696.0,6253.142857142857,4261.0,3007.6933333333336,8552.26744648403,6416.751478626983,4732.4695784535725,0.0,19076.0,0.0,19076.0,4148.151859290321,3529.4041135872935,0,0,0,0,4.0,4.0,2.0,1654.0,413.5,149.0,190.0,0.0,330.8,551.3333333333334,0.10298102981029811,0.0,0.8112781244591328,2.0,0,0,1654.0,8.0,3.2451124978365313,0.0,0.0
2022-12-10,708.0,2022,12,10,5,4,49,1,0,0,-0.9749279121818236,-0.2225209339563146,-2.4492935982947064e-16,1.0,0.8978045395707416,-0.4403941515576344,0.0,1296.0,3480.0,6354.285714285715,4219.0,2915.2933333333335,8469.77838581163,6439.535231676276,4749.958853029286,472.0,19076.0,0.0,19076.0,3288.113894467741,3347.378041742952,0,0,0,0,5.0,4.0,3.0,354.0,70.8,64.6312617856096,0.0,0.0,70.8,88.5,0.0,0.0,0.9709505944546688,2.0,12,0,354.0,12.0,4.854752972273344,0.0,0.0
2022-12-11,6848.0,2022,12,11,6,4,49,1,0,0,-0.7818314824680299,0.6234898018587334,-2.4492935982947064e-16,1.0,0.7907757369376989,-0.6121059825476626,19076.0,6216.0,1392.0,4607.428571428572,4264.142857142857,3097.1600000000003,6422.149766164568,6456.803708636973,4793.870578835093,472.0,18212.0,0.0,19076.0,4178.085420850806,3573.22461969502,0,0,0,0,2.0,2.0,1.0,298.0,149.0,43.840620433565945,0.0,0.0,99.33333333333333,149.0,0.0,0.0,0.0,1.0,12,0,298.0,2.0,0.0,0.0,0.0
2022-12-12,360.0,2022,12,12,0,4,50,0,0,0,0.0,1.0,-2.4492935982947064e-16,1.0,0.6513724827222223,-0.7587581226927909,18212.0,380.0,0.0,2057.142857142858,4262.714285714285,3109.1600000000003,2411.522024819702,6457.731328577239,4786.295030576798,360.0,6848.0,0.0,19076.0,3223.5640656381047,3365.9198055211477,0,0,0,0,1.0,1.0,1.0,180.0,180.0,0.0,0.0,0.0,90.0,90.0,0.0,0.0,0.0,1.0,0,0,180.0,1.0,0.0,0.0,0.0
2022-12-13,320.0,2022,12,13,1,4,50,0,0,0,0.7818314824680298,0.6234898018587336,-2.4492935982947064e-16,1.0,0.48530196253108104,-0.8743466161445821,472.0,808.0,0.0,2035.428571428572,4227.857142857143,3119.826666666667,2428.7966058072857,6479.09511556078,4779.478790436244,320.0,6848.0,0.0,19076.0,2497.6730492285787,3169.408850326235,0,0,0,0,1.0,1.0,1.0,160.0,160.0,0.0,0.0,0.0,80.0,80.0,0.0,0.0,0.0,1.0,0,0,160.0,1.0,0.0,0.0,0.0
2022-12-14,6524.0,2022,12,14,2,4,50,0,0,0,0.9749279121818236,-0.22252093395631434,-2.4492935982947064e-16,1.0,0.29936312297335804,-0.9541392564000488,1996.0,1356.0,4560.0,2682.2857142857147,4597.0,3185.2933333333335,2961.167208736323,6450.043136409128,4813.217534716851,320.0,6848.0,0.0,19076.0,3504.254786921434,3385.834085789059,0,0,0,0,3.0,3.0,1.0,2622.0,874.0,1217.7799472811168,198.0,0.0,655.5,1311.0,0.07018787663948954,0.0,0.0,1.0,0,0,2622.0,3.0,0.0,0.0,0.0
2022-12-15,1296.0,2022,12,15,3,4,50,0,0,0,0.43388373911755823,-0.900968867902419,-2.4492935982947064e-16,1.0,0.10116832198743272,-0.994869323391895,472.0,5826.0,856.0,2800.0000000000005,4273.428571428572,3199.96,2873.745987383023,6497.100628082392,4806.540789927971,320.0,6848.0,0.0,19076.0,2952.1910901910755,3251.006080254281,0,0,0,0,3.0,3.0,1.0,648.0,216.0,248.7729888874594,0.0,0.0,162.0,324.0,0.0,0.0,0.0,1.0,0,0,648.0,3.0,0.0,0.0,0.0
2022-12-16,1608.0,2022,12,16,4,4,50,0,0,0,-0.433883739117558,-0.9009688679024191,-2.4492935982947064e-16,1.0,-0.10116832198743204,-0.9948693233918952,3544.0,0.0,3640.0,2523.428571428572,4388.285714285715,3132.226666666667,2883.3539993754353,6429.605460183883,4814.436852156472,320.0,6848.0,0.0,19076.0,2616.1433176433065,3145.0056879798112,0,0,0,0,2.0,2.0,2.0,360.0,180.0,254.55844122715712,0.0,0.0,120.0,120.0,0.0,0.0,0.0,1.0,0,0,360.0,4.0,0.0,0.0,0.0
2022-12-17,0.0,2022,12,17,5,4,50,1,0,0,-0.9749279121818236,-0.2225209339563146,-2.4492935982947064e-16,1.0,-0.2993631229733582,-0.9541392564000488,708.0,0.0,2020.8,2422.2857142857147,4388.285714285715,3064.866666666667,2968.801201062241,6429.605460183883,4844.5658054853775,0.0,6848.0,0.0,19076.0,1962.10748823248,2942.1020952069202,0,0,0,0,3.0,3.0,2.0,0.0,0.0,0.0,0.0,0.0,0.0,0.0,0.0,0.0,0.0,1.0,12,0,0.0,6.0,0.0,0.0,0.0
2022-12-18,472.0,2022,12,18,6,4,50,1,0,0,-0.7818314824680299,0.6234898018587334,-2.4492935982947064e-16,1.0,-0.4853019625310808,-0.8743466161445822,6848.0,19076.0,8148.0,1511.428571428572,3059.4285714285716,2809.0,2283.7004223513354,4901.36580202649,4768.956359479578,0.0,6524.0,0.0,19076.0,1589.5806161743599,2782.7406697097,0,1,0,0,2.0,2.0,1.0,236.0,118.0,0.0,0.0,0.0,78.66666666666667,118.0,0.0,0.0,0.0,1.0,12,0,236.0,2.0,0.0,0.0,0.0
2022-12-19,236.0,2022,12,19,0,4,51,0,0,0,0.0,1.0,-2.4492935982947064e-16,1.0,-0.651372482722222,-0.7587581226927911,360.0,18212.0,0.0,1493.7142857142862,1775.428571428571,2816.866666666667,2294.5754664923575,2280.2525404769794,4764.355401877815,0.0,6524.0,0.0,19076.0,1251.1854621307698,2618.4348200510094,0,1,0,0,2.0,2.0,2.0,0.0,0.0,0.0,0.0,0.0,0.0,0.0,0.0,0.0,1.0,2.0,0,0,0.0,4.0,2.0,0.0,0.0
2022-12-20,3194.0,2022,12,20,1,4,51,0,0,0,0.7818314824680298,0.6234898018587336,-2.4492935982947064e-16,1.0,-0.7907757369376986,-0.6121059825476627,320.0,472.0,0.0,1904.285714285715,1969.8571428571427,2923.3333333333335,2306.651376222383,2276.6094174364885,4734.833597435322,0.0,6524.0,0.0,19076.0,1736.8890965980772,2655.5680574670732,0,1,0,0,3.0,2.0,3.0,1597.0,532.3333333333334,664.6761116012319,0.0,0.0,532.3333333333334,399.25,0.0,0.0,1.584962500721156,3.0,0,0,1597.0,6.0,4.754887502163468,0.0,0.0
2022-12-21,3528.0,2022,12,21,2,4,51,0,0,0,0.9749279121818236,-0.22252093395631434,-2.4492935982947064e-16,1.0,-0.8978045395707417,-0.44039415155763423,6524.0,1996.0,1400.0,1476.285714285715,2079.285714285714,2994.266666666667,1410.4516669357913,2314.4668244152363,4727.159086585205,0.0,3528.0,0.0,19076.0,2184.666822448558,2711.853989243391,0,1,0,0,1.0,1.0,1.0,1764.0,1764.0,0.0,0.0,0.0,882.0,882.0,0.0,0.0,0.0,1.0,0,0,1764.0,1.0,0.0,0.0,0.0
2022-12-22,0.0,2022,12,22,3,4,51,0,0,0,0.43388373911755823,-0.900968867902419,-2.4492935982947064e-16,1.0,-0.9680771188662041,-0.2506525322587213,1296.0,472.0,680.0,1291.1428571428576,2045.5714285714282,2971.6,1518.947818784611,2342.9433400117814,4740.250783413804,0.0,3528.0,0.0,19076.0,1638.5001168364183,2536.895667356721,0,1,0,0,1.0,1.0,1.0,0.0,0.0,0.0,0.0,0.0,0.0,0.0,0.0,0.0,0.0,1.0,0,0,0.0,1.0,0.0,0.0,0.0
2022-12-23,4556.0,2022,12,23,4,4,51,0,0,0,-0.433883739117558,-0.9009688679024191,-2.4492935982947064e-16,1.0,-0.9987165071710528,-0.05064916883871355,1608.0,3544.0,2304.0,1712.285714285715,2117.8571428571427,3046.6666666666665,1964.7128470666178,2407.4531022556816,4747.140448394341,0.0,4556.0,0.0,19076.0,2367.875087627314,2667.160463011126,0,1,0,0,6.0,6.0,2.0,2278.0,379.6666666666667,680.3215906221606,160.0,0.0,325.42857142857144,759.3333333333334,0.06560065600656007,0.0,1.2516291673878228,3.0,0,0,2278.0,12.0,7.5097750043269365,0.0,0.0
2022-12-24,380.0,2022,12,24,5,4,51,1,0,0,-0.9749279121818236,-0.2225209339563146,-2.4492935982947064e-16,1.0,-0.9884683243281114,0.15142777750457667,0.0,708.0,0.0,1766.5714285714291,2094.428571428571,3059.3333333333335,1914.114839566232,2423.76949634833,4739.231170976368,0.0,4556.0,0.0,19076.0,1870.9063157204855,2519.6017234620213,0,1,0,0,5.0,4.0,4.0,190.0,38.0,84.970583144992,190.0,0.0,38.0,38.0,0.49868766404199477,0.0,1.9219280948873625,4.0,12,0,190.0,16.0,9.609640474436812,0.49868766404199477,0.0
2022-12-25,236.0,2022,12,25,6,4,51,1,0,0,-0.7818314824680299,0.6234898018587334,-2.4492935982947064e-16,1.0,-0.9377521321470804,0.3473052528448203,472.0,6848.0,2096.0,1732.8571428571433,1622.1428571428569,2997.3333333333335,1942.5837972977774,2040.081516363174,4764.368216851752,0.0,4556.0,0.0,19076.0,1462.1797367903641,2372.2725800128587,1,1,0,1,1.0,1.0,1.0,118.0,118.0,0.0,0.0,0.0,59.0,59.0,0.0,0.0,0.0,1.0,12,1,118.0,1.0,0.0,0.0,0.0
2022-12-27,2332.0,2022,12,27,1,4,52,0,0,0,0.7818314824680298,0.6234898018587336,-2.4492935982947064e-16,1.0,-0.72479278722912,0.6889669190756865,236.0,360.0,1296.0,2032.285714285715,1762.9999999999998,3031.866666666667,1831.7832581290677,2014.1470040307943,4755.35736887851,0.0,4556.0,0.0,19076.0,1679.6348025927732,2369.6743490442873,0,1,1,0,2.0,2.0,1.0,806.0,403.0,403.0508652763321,0.0,0.0,268.6666666666667,403.0,0.0,0.0,0.0,1.0,0,0,806.0,2.0,0.0,0.0,0.0
2022-12-28,236.0,2022,12,28,2,4,52,0,0,0,0.9749279121818236,-0.22252093395631434,-2.4492935982947064e-16,1.0,-0.5712682150947924,0.8207634412072763,3194.0,320.0,6216.0,1609.7142857142862,1756.9999999999998,2832.5333333333333,1860.0929828269204,2018.895775875076,4742.600186957926,0.0,4556.0,0.0,19076.0,1318.72610194458,2232.017939428527,0,1,1,0,2.0,2.0,2.0,118.0,59.0,83.43860018001261,0.0,0.0,39.333333333333336,39.333333333333336,0.0,0.0,1.0,2.0,0,0,118.0,4.0,2.0,0.0,0.0
2022-12-29,6508.0,2022,12,29,3,4,52,0,0,1,0.43388373911755823,-0.900968867902419,-2.4492935982947064e-16,1.0,-0.3943558551133187,0.9189578116202306,3528.0,6524.0,380.0,2035.428571428572,1755.8571428571427,3036.8,2575.6691594705358,2015.9921343384149,4765.239903502346,0.0,6508.0,0.0,19076.0,2616.044576458435,2507.887749787977,0,1,1,0,4.0,4.0,1.0,3254.0,813.5,1391.0,0.0,0.0,650.8,1627.0,0.0,0.0,0.8112781244591328,2.0,0,0,3254.0,4.0,3.2451124978365313,0.0,6508.0
2022-12-30,6634.0,2022,12,30,4,4,52,0,0,1,-0.433883739117558,-0.9009688679024191,-2.4492935982947064e-16,1.0,-0.20129852008866114,0.9795299412524943,0.0,1296.0,808.0,2983.142857142858,2137.142857142857,3231.0,2901.757595468161,2392.0448560607424,4789.927355291052,236.0,6634.0,0.0,19076.0,3620.5334323438265,2774.0885401242367,0,1,1,0,3.0,3.0,3.0,3579.0,1193.0,1478.8600339450654,0.0,0.0,894.75,894.75,0.0,0.0,1.584962500721156,3.0,0,0,3579.0,9.0,4.754887502163468,0.0,6634.0
2022-12-31,792.0,2022,12,31,5,4,52,1,0,1,-0.9749279121818236,-0.2225209339563146,-2.4492935982947064e-16,1.0,-2.4492935982947064e-16,1.0,4556.0,1608.0,1356.0,2445.428571428572,2078.8571428571427,3212.2,2910.453965572092,2415.754026486054,4798.639213719686,236.0,6634.0,0.0,19076.0,2913.40007425787,2646.2118601162215,0,1,1,0,3.0,3.0,3.0,396.0,132.0,24.24871130596428,0.0,0.0,99.0,99.0,0.0,0.0,0.9182958340544894,2.0,12,0,396.0,9.0,2.7548875021634682,0.0,792.0
2023-01-01,392.0,2023,1,1,6,1,52,1,1,0,-0.7818314824680299,0.6234898018587334,0.49999999999999994,0.8660254037844387,0.20129852008866006,0.9795299412524945,380.0,0.0,5826.0,2447.142857142858,2106.8571428571427,3031.0666666666666,2909.037837989938,2391.9599577669574,4799.132500152814,236.0,6634.0,0.0,19076.0,2283.0500556934026,2500.7788368829174,1,0,1,0,4.0,4.0,2.0,196.0,49.0,56.58032638058333,0.0,0.0,39.2,65.33333333333333,0.0,0.0,1.5,3.0,1,1,196.0,8.0,6.0,0.0,0.0
2023-01-02,6392.0,2023,1,2,0,1,1,0,1,0,0.0,1.0,0.49999999999999994,0.8660254037844387,0.39435585511331855,0.9189578116202306,236.0,472.0,0.0,3326.571428571429,2529.714285714286,3244.133333333333,3055.9774681293547,2595.343742716406,4801.813936946899,236.0,6634.0,0.0,19076.0,3310.287541770052,2751.8253635356327,0,0,1,0,3.0,3.0,2.0,396.0,132.0,24.24871130596428,160.0,0.0,99.0,132.0,0.2872531418312388,0.0,0.9182958340544894,2.0,0,0,396.0,6.0,2.7548875021634682,0.0,0.0
2023-01-04,616.0,2023,1,4,2,1,1,0,0,0,0.9749279121818236,-0.22252093395631434,0.49999999999999994,0.8660254037844387,0.7247927872291199,0.6889669190756866,2332.0,236.0,0.0,3081.428571428572,2556.8571428571427,3264.6666666666665,3213.8074437828886,2571.3866614411418,4788.762458616786,236.0,6634.0,0.0,19076.0,2636.715656327539,2614.030178791398,0,0,1,0,2.0,2.0,1.0,308.0,154.0,50.91168824543142,190.0,0.0,102.66666666666667,154.0,0.3807615230460922,0.0,1.0,2.0,0,0,308.0,2.0,2.0,0.0,0.0
2023-01-05,1074.2,2023,1,5,3,1,1,0,0,0,0.43388373911755823,-0.900968867902419,0.49999999999999994,0.8660254037844387,0.8486442574947509,0.5289640103269624,236.0,3194.0,19076.0,3201.1714285714293,2405.442857142857,2664.6066666666666,3103.8547011279866,2593.3010578186977,3755.606627148945,392.0,6634.0,0.0,18212.0,2246.0867422456545,2514.6862962887276,0,0,1,0,3.0,3.0,2.0,537.1,179.03333333333333,166.7807043195745,10.9,0.0,134.275,179.03333333333333,0.019854280510018217,0.0,0.0,1.0,0,0,537.1,6.0,0.0,0.0,0.0
2023-01-06,1084.0,2023,1,6,4,1,1,0,0,0,-0.433883739117558,-0.9009688679024191,0.49999999999999994,0.8660254037844387,0.9377521321470804,0.3473052528448203,6508.0,3528.0,18212.0,2426.314285714286,2230.871428571428,2093.673333333333,2803.2112106347963,2594.182233806612,2349.1068356869782,392.0,6634.0,0.0,6848.0,1955.565056684241,2422.3839545926808,0,0,1,0,1.0,1.0,1.0,110.0,110.0,0.0,50.0,0.0,55.0,55.0,0.3105590062111801,0.0,0.0,0.0,0,0,110.0,1.0,0.0,0.0,0.0
2023-01-07,1572.0,2023,1,7,5,1,1,1,0,0,-0.9749279121818236,-0.2225209339563146,0.49999999999999994,0.8660254037844387,0.9884683243281114,0.1514277775045767,6634.0,0.0,472.0,1703.1714285714293,2343.157142857143,2130.3399999999997,2102.0879792199453,2523.245317112415,2331.4400623974334,392.0,6392.0,0.0,6848.0,1859.6737925131806,2367.520473651218,0,0,1,0,5.0,5.0,3.0,786.0,157.2,200.56719572253087,0.0,0.0,131.0,196.5,0.0,0.0,2.3219280948873626,5.0,1,0,786.0,15.0,11.609640474436812,0.0,0.0
2023-01-08,976.0,2023,1,8,6,1,1,1,0,0,-0.7818314824680299,0.6234898018587334,0.49999999999999994,0.8660254037844387,0.9987165071710528,-0.05064916883871264,792.0,4556.0,1996.0,1729.4571428571435,2087.442857142857,2096.3399999999997,2089.910348042993,2462.409047040138,2340.8850652455535,392.0,6392.0,0.0,6848.0,1638.7553443848856,2277.7449592221074,0,0,1,0,3.0,3.0,2.0,488.0,162.66666666666666,281.7469313645374,0.0,0.0,122.0,162.66666666666666,0.0,0.0,1.584962500721156,3.0,1,0,488.0,6.0,4.754887502163468,0.0,0.0
2023-01-09,15440.0,2023,1,9,0,1,2,0,0,0,0.0,1.0,0.49999999999999994,0.8660254037844387,0.9680771188662043,-0.2506525322587204,392.0,380.0,472.0,3879.1714285714293,3163.157142857143,2595.273333333333,5477.950420158464,4278.750016016417,3357.2324983876088,616.0,15440.0,0.0,15440.0,5089.066508288664,3126.922703788423,0,0,0,0,1.0,1.0,1.0,1920.0,1920.0,0.0,0.0,0.0,960.0,960.0,0.0,0.0,0.0,1.0,0,0,1920.0,1.0,0.0,0.0,0.0
2023-01-10,6218.0,2023,1,10,1,1,2,0,0,0,0.7818314824680298,0.6234898018587336,0.49999999999999994,0.8660254037844387,0.8978045395707416,-0.4403941515576344,6392.0,236.0,3544.0,3854.314285714286,3590.442857142857,2684.4066666666668,5465.027162917727,4262.609483315683,3418.2321256435507,616.0,15440.0,0.0,15440.0,5371.299881216499,3326.3470454794924,0,0,0,0,4.0,3.0,2.0,2949.0,737.25,545.5146652474158,0.0,0.0,737.25,983.0,0.0,0.0,0.9182958340544894,2.0,0,0,2949.0,6.0,3.673183336217958,0.0,0.0
2023-01-11,1406.0,2023,1,11,2,1,2,0,0,0,0.9749279121818236,-0.22252093395631434,0.49999999999999994,0.8660254037844387,0.7907757369376989,-0.6121059825476626,616.0,2332.0,708.0,3967.1714285714293,3524.2999999999997,2707.673333333333,5394.71249827529,4290.730427148924,3406.6715236868476,976.0,15440.0,0.0,15440.0,4379.974910912374,3202.453687706622,0,0,0,0,4.0,4.0,3.0,458.0,114.5,80.58742664543479,340.0,0.0,91.6,114.5,0.425531914893617,0.0,1.0,2.0,0,0,458.0,12.0,4.0,0.0,0.0
2023-01-12,4000.0,2023,1,12,3,1,2,0,0,0,0.43388373911755823,-0.900968867902419,0.49999999999999994,0.8660254037844387,0.6513724827222223,-0.7587581226927909,1074.2,236.0,6848.0,4385.142857142858,3793.157142857143,2612.74,5244.464237923368,4185.470969678564,3326.043255633463,976.0,15440.0,0.0,15440.0,4284.981183184281,3253.9082884997433,0,0,0,0,5.0,5.0,2.0,1299.0,259.8,580.9304605544454,0.0,0.0,216.5,433.0,0.0,0.0,1.370950594454669,3.0,0,0,1299.0,10.0,6.854752972273345,0.0,0.0
2023-01-13,648.2,2023,1,13,4,1,2,0,0,0,-0.433883739117558,-0.9009688679024191,0.49999999999999994,0.8660254037844387,0.48530196253108104,-0.8743466161445821,1084.0,6508.0,360.0,4322.885714285715,3374.5999999999995,2622.3466666666664,5292.549747027599,4186.093246048806,3319.722462821393,648.2,15440.0,0.0,15440.0,3375.7858873882105,3085.79807633847,0,0,0,0,3.0,3.0,2.0,324.1,108.03333333333335,138.4471138497778,713.9,0.0,81.025,108.03333333333335,0.6871029836381135,0.0,1.0,2.0,0,0,324.1,6.0,3.0,0.0,0.0
2023-01-14,5212.0,2023,1,14,5,1,2,1,0,0,-0.9749279121818236,-0.2225209339563146,0.49999999999999994,0.8660254037844387,0.29936312297335804,-0.9541392564000488,1572.0,6634.0,320.0,4842.885714285715,3273.028571428571,2785.413333333333,5154.235296474983,4117.615184214617,3322.877553103568,648.2,15440.0,0.0,15440.0,3834.839415541158,3222.9723939940523,0,0,0,0,6.0,6.0,4.0,2328.0,388.0,687.417195013334,50.0,0.0,332.57142857142856,465.6,0.021017234131988232,0.0,1.9219280948873625,4.0,1,0,2328.0,24.0,11.531568569324175,0.021017234131988232,0.0
2023-01-15,3340.0,2023,1,15,6,1,2,1,0,0,-0.7818314824680299,0.6234898018587334,0.49999999999999994,0.8660254037844387,0.10116832198743272,-0.994869323391895,976.0,792.0,6524.0,5180.6,3455.028571428571,2679.2799999999997,4931.266786536699,4055.357888679465,3249.384818848875,648.2,15440.0,0.0,15440.0,3711.129561655868,3230.5225621234686,0,1,0,0,4.0,4.0,2.0,1182.0,295.5,222.6170104312187,0.0,0.0,236.4,394.0,0.0,0.0,1.5,3.0,1,0,1182.0,8.0,6.0,0.0,0.0
2023-01-16,472.0,2023,1,16,0,1,3,0,0,0,0.0,1.0,0.49999999999999994,0.8660254037844387,-0.10116832198743204,-0.9948693233918952,15440.0,392.0,1296.0,3042.314285714286,3460.742857142857,2651.813333333333,2266.2052624218722,4050.7636236819717,3264.9261397077803,472.0,6218.0,0.0,15440.0,2901.3471712419014,3052.553364567116,0,1,0,0,2.0,2.0,2.0,236.0,118.0,0.0,0.0,0.0,78.66666666666667,78.66666666666667,0.0,0.0,0.0,1.0,0,0,236.0,4.0,0.0,0.0,0.0
2023-01-17,3084.0,2023,1,17,1,1,3,0,0,0,0.7818314824680298,0.6234898018587336,0.49999999999999994,0.8660254037844387,-0.2993631229733582,-0.9541392564000488,6218.0,6392.0,1608.0,2594.600000000001,3224.4571428571426,2701.0133333333333,1794.7952120878183,3962.1376393818828,3259.77129552465,472.0,5212.0,0.0,15440.0,2947.010378431426,3054.582179756335,0,1,0,0,7.0,6.0,3.0,914.0,130.57142857142858,187.3489232625025,190.0,0.0,130.57142857142858,228.5,0.17194570135746606,0.0,1.9182958340544893,4.0,0,0,914.0000000000001,18.0,13.428070838381425,0.0,0.0
2023-01-18,844.0,2023,1,18,2,1,3,0,0,0,0.9749279121818236,-0.22252093395631434,0.49999999999999994,0.8660254037844387,-0.4853019625310808,-0.8743466161445822,1406.0,616.0,0.0,2514.314285714286,3240.742857142857,2729.1466666666665,1867.9065353389417,3951.0443133068416,3239.2338336065873,472.0,5212.0,0.0,15440.0,2421.2577838235693,2911.963974610765,0,1,0,0,3.0,3.0,1.0,300.0,100.0,173.20508075688772,330.0,0.0,75.0,150.0,0.5229793977812995,0.0,1.0,2.0,0,0,300.0,3.0,3.0,0.0,0.0
2023-01-19,236.0,2023,1,19,3,1,3,0,0,0,0.43388373911755823,-0.900968867902419,0.49999999999999994,0.8660254037844387,-0.651372482722222,-0.7587581226927911,4000.0,1074.2,472.0,1976.6000000000006,3180.871428571428,2721.2799999999997,1910.2332457931325,3992.532959341553,3245.1855678729767,236.0,5212.0,0.0,15440.0,1874.943337867677,2739.321137539103,0,1,0,0,3.0,2.0,3.0,118.0,39.333333333333336,68.12733176437584,0.0,0.0,39.333333333333336,29.5,0.0,0.0,0.9182958340544894,2.0,0,0,118.0,6.0,2.7548875021634682,0.0,0.0
2023-01-20,1992.0,2023,1,20,4,1,3,0,0,0,-0.433883739117558,-0.9009688679024191,0.49999999999999994,0.8660254037844387,-0.7907757369376986,-0.6121059825476627,648.2,1084.0,236.0,2168.571428571429,3245.7285714285713,2779.813333333333,1819.8702203859618,3963.116565072455,3214.5043047619884,236.0,5212.0,0.0,15440.0,1904.2075034007578,2691.1068706010965,0,1,0,0,3.0,3.0,2.0,996.0,332.0,405.2998889711173,0.0,0.0,249.0,332.0,0.0,0.0,1.584962500721156,3.0,0,0,996.0,6.0,4.754887502163468,0.0,0.0
2023-01-21,2448.0,2023,1,21,5,1,3,1,0,0,-0.9749279121818236,-0.2225209339563146,0.49999999999999994,0.8660254037844387,-0.8978045395707417,-0.44039415155763423,5212.0,1572.0,3194.0,1773.7142857142862,3308.2999999999997,2754.9466666666663,1264.634560427876,3941.5147301123147,3214.0751809473327,236.0,3340.0,0.0,15440.0,2040.1556275505684,2675.422556368768,0,1,0,0,3.0,3.0,3.0,1224.0,408.0,420.5139712304456,0.0,0.0,306.0,306.0,0.0,0.0,1.584962500721156,3.0,1,0,1224.0,9.0,4.754887502163468,0.0,0.0
2023-01-25,2300.0,2023,1,25,2,1,4,0,0,0,0.9749279121818236,-0.22252093395631434,0.49999999999999994,0.8660254037844387,-0.9377521321470804,0.3473052528448203,3340.0,976.0,3528.0,1625.1428571428576,3402.871428571428,2714.0133333333333,1100.3798478361225,3896.880723077132,3211.7091683222316,236.0,3084.0,0.0,15440.0,2105.116720662926,2651.2017462804606,0,0,1,0,2.0,2.0,1.0,608.0,304.0,263.0437226013957,0.0,0.0,202.66666666666666,304.0,0.0,0.0,1.0,2.0,0,0,608.0,2.0,2.0,0.0,0.0
2023-01-26,11600.0,2023,1,26,3,1,4,0,0,0,0.43388373911755823,-0.900968867902419,0.49999999999999994,0.8660254037844387,-0.848644257494751,0.5289640103269624,472.0,15440.0,0.0,3214.8571428571436,3128.585714285714,3100.68,3824.105796504218,3021.220171707801,3553.7583553966833,236.0,11600.0,236.0,15440.0,4478.837540497195,3228.543569101076,0,0,1,0,2.0,2.0,1.0,2900.0,1450.0,2050.609665440988,0.0,0.0,966.6666666666666,1450.0,0.0,0.0,1.0,2.0,0,0,2900.0,2.0,2.0,0.0,0.0
2023-01-27,320.0,2023,1,27,4,1,4,0,0,0,-0.433883739117558,-0.9009688679024191,0.49999999999999994,0.8660254037844387,-0.72479278722912,0.6889669190756865,3084.0,6218.0,4556.0,2820.0000000000005,2707.2999999999997,2959.48,3979.413692157848,2968.0342780002848,3578.0116649835895,236.0,11600.0,236.0,15440.0,3439.128155372896,3040.8955969010067,0,0,1,0,3.0,3.0,2.0,160.0,53.333333333333336,92.37604307034012,0.0,0.0,40.0,53.333333333333336,0.0,0.0,1.0,2.0,0,0,160.0,6.0,3.0,0.0,0.0
2023-01-28,4864.0,2023,1,28,5,1,4,1,0,0,-0.9749279121818236,-0.2225209339563146,0.49999999999999994,0.8660254037844387,-0.5712682150947924,0.8207634412072763,844.0,1406.0,380.0,3394.2857142857147,2954.2999999999997,3108.9466666666663,3936.5621936865064,2995.173096063843,3560.153656092462,236.0,11600.0,236.0,15440.0,3795.346116529672,3158.5152358106193,0,0,1,0,3.0,3.0,2.0,2432.0,810.6666666666666,839.8507803969306,0.0,0.0,608.0,810.6666666666666,0.0,0.0,1.584962500721156,3.0,1,0,2432.0,6.0,4.754887502163468,0.0,0.0
2023-01-29,2562.0,2023,1,29,6,1,4,1,0,1,-0.7818314824680299,0.6234898018587334,0.49999999999999994,0.8660254037844387,-0.3943558551133187,0.9189578116202306,236.0,4000.0,236.0,3726.571428571429,2851.585714285714,3186.48,3717.619437989087,2981.1782910213865,3520.536367677225,320.0,11600.0,236.0,15440.0,3487.009587397254,3120.030381887354,0,0,1,0,1.0,1.0,1.0,837.0,837.0,0.0,0.0,0.0,418.5,418.5,0.0,0.0,0.0,1.0,1,0,837.0,1.0,0.0,0.0,2562.0
2023-01-31,236.0,2023,1,31,1,1,5,0,0,1,0.7818314824680298,0.6234898018587336,0.49999999999999994,0.8660254037844387,-2.4492935982947064e-16,1.0,1992.0,648.2,2332.0,3475.7142857142862,2822.1428571428573,3116.6133333333332,3908.5165862206495,3006.541019360779,3558.6701739150626,236.0,11600.0,236.0,15440.0,2674.257190547941,2933.963905636557,0,0,0,0,4.0,4.0,3.0,118.0,29.5,59.0,0.0,0.0,23.6,29.5,0.0,0.0,1.5,3.0,0,0,118.0,12.0,6.0,0.0,236.0
2023-02-01,3840.0,2023,2,1,2,1,5,0,1,0,0.9749279121818236,-0.22252093395631434,0.8660254037844386,0.5000000000000001,0.20129852008866006,0.9795299412524945,2448.0,5212.0,236.0,3674.571428571429,2724.1428571428573,3236.7466666666664,3882.8406636182785,2944.3677095076396,3518.680509718278,236.0,11600.0,236.0,15440.0,2965.6928929109554,2992.4178472083922,0,0,0,0,2.0,2.0,2.0,1920.0,960.0,1357.6450198781713,0.0,0.0,640.0,640.0,0.0,0.0,1.0,2.0,0,0,1920.0,4.0,2.0,0.0,0.0
2023-02-02,276.0,2023,2,2,3,1,5,0,1,0,0.43388373911755823,-0.900968867902419,0.8660254037844386,0.5000000000000001,0.39435585511331855,0.9189578116202306,2300.0,3340.0,6508.0,3385.428571428572,2505.285714285714,3029.0133333333333,4072.9662760344954,3008.2509722574628,3502.8195129789037,236.0,11600.0,236.0,15440.0,2293.2696696832163,2817.1650828723673,0,0,0,0,1.0,1.0,1.0,138.0,138.0,0.0,0.0,0.0,69.0,69.0,0.0,0.0,0.0,1.0,0,0,138.0,1.0,0.0,0.0,0.0
2023-02-03,380.0,2023,2,3,4,1,5,0,1,0,-0.433883739117558,-0.9009688679024191,0.8660254037844386,0.5000000000000001,0.5712682150947923,0.8207634412072763,11600.0,472.0,6634.0,1782.5714285714291,2498.714285714286,2820.5466666666666,1962.2982152859254,3013.130813075223,3466.789153026219,236.0,4864.0,236.0,15440.0,1814.9522522624122,2659.92862591286,0,0,0,0,2.0,2.0,2.0,190.0,95.0,134.35028842544403,190.0,0.0,63.333333333333336,63.333333333333336,0.49868766404199477,0.0,1.0,2.0,0,0,190.0,4.0,2.0,0.0,0.0
2023-02-04,0.0,2023,2,4,5,1,5,1,0,0,-0.9749279121818236,-0.2225209339563146,0.8660254037844386,0.5000000000000001,0.7247927872291199,0.6889669190756866,320.0,3084.0,792.0,1736.8571428571433,2278.428571428571,2794.1466666666665,2005.305581748208,3079.0620128735536,3485.7332728525407,0.0,4864.0,0.0,15440.0,1361.2141891968092,2488.320327466869,0,0,0,0,1.0,1.0,1.0,0.0,0.0,0.0,0.0,0.0,0.0,0.0,0.0,0.0,0.0,1.0,2,0,0.0,1.0,0.0,0.0,0.0
2023-02-05,7864.0,2023,2,5,6,1,5,1,0,0,-0.7818314824680299,0.6234898018587334,0.8660254037844386,0.5000000000000001,0.8486442574947509,0.5289640103269624,4864.0,844.0,392.0,2165.428571428572,2779.8571428571427,3043.213333333333,2904.153511618774,3384.001860727421,3574.0049742100496,0.0,7864.0,0.0,15440.0,2986.910641897607,2835.1383708561034,0,0,0,0,5.0,5.0,2.0,3932.0,786.4,818.7580839295573,0.0,0.0,655.3333333333334,1310.6666666666667,0.0,0.0,1.370950594454669,3.0,2,0,3932.0,10.0,6.854752972273345,0.0,0.0
2023-02-06,3486.8,2023,2,6,0,1,6,0,0,0,0.0,1.0,0.8660254037844386,0.5000000000000001,0.9377521321470804,0.3473052528448203,2562.0,236.0,6392.0,2297.5428571428574,3012.0571428571425,2946.3733333333334,2945.9356175682415,3306.669425852573,3519.07556698644,0.0,7864.0,0.0,15440.0,3111.882981423205,2877.1810566073227,0,0,0,0,3.0,3.0,2.0,1378.0,459.3333333333333,447.57271290074567,0.0,0.0,344.5,459.3333333333333,0.0,0.0,0.9182958340544894,2.0,0,0,1378.0,6.0,2.7548875021634682,0.0,0.0
2023-02-07,5778.0,2023,2,7,1,1,6,0,0,0,0.7818314824680298,0.6234898018587336,0.8660254037844386,0.5000000000000001,0.9884683243281114,0.1514277775045767,236.0,1992.0,616.0,3089.257142857143,3282.485714285714,3118.44,3042.6732319114553,3371.017830055115,3527.3911142411757,0.0,7864.0,0.0,15440.0,3778.4122360674037,3064.3306658584634,0,0,0,0,3.0,3.0,2.0,2889.0,963.0,844.9893490453001,0.0,0.0,722.25,963.0,0.0,0.0,1.584962500721156,3.0,0,0,2889.0,6.0,4.754887502163468,0.0,0.0
2023-02-08,640.0,2023,2,8,2,1,6,0,0,0,0.9749279121818236,-0.22252093395631434,0.8660254037844386,0.5000000000000001,0.9987165071710528,-0.05064916883871264,3840.0,2448.0,1074.2,2632.1142857142863,3153.3428571428567,3103.9666666666667,3149.5912684180576,3439.3846698577922,3536.945971951758,0.0,7864.0,0.0,15440.0,2993.8091770505525,2907.922235803079,0,0,0,0,2.0,2.0,2.0,320.0,160.0,226.27416997969522,0.0,0.0,106.66666666666667,106.66666666666667,0.0,0.0,1.0,2.0,0,0,320.0,4.0,2.0,0.0,0.0
2023-02-09,0.0,2023,2,9,3,1,6,0,0,0,0.43388373911755823,-0.900968867902419,0.8660254037844386,0.5000000000000001,0.9680771188662043,-0.2506525322587204,276.0,2300.0,1084.0,2592.6857142857148,2989.0571428571425,3067.8333333333335,3185.5250678805323,3536.8313697463764,3563.729123218848,0.0,7864.0,0.0,15440.0,2245.3568827879144,2720.314349622235,0,0,0,0,1.0,1.0,1.0,0.0,0.0,0.0,0.0,0.0,0.0,0.0,0.0,0.0,0.0,1.0,0,0,0.0,1.0,0.0,0.0,0.0
2023-02-10,640.0,2023,2,10,4,1,6,0,0,0,-0.433883739117558,-0.9009688679024191,0.8660254037844386,0.5000000000000001,0.8978045395707416,-0.4403941515576344,380.0,11600.0,1572.0,2629.8285714285716,2206.2,3036.766666666667,3156.8118419877856,2563.1847389827185,3581.237966684567,0.0,7864.0,0.0,15440.0,1844.0176620909358,2586.1005206143495,0,0,0,0,3.0,3.0,3.0,320.0,106.66666666666667,184.75208614068023,0.0,0.0,80.0,80.0,0.0,0.0,1.584962500721156,3.0,0,0,320.0,9.0,4.754887502163468,0.0,0.0
2023-02-11,4440.0,2023,2,11,5,1,6,1,0,0,-0.9749279121818236,-0.2225209339563146,0.8660254037844386,0.5000000000000001,0.7907757369376989,-0.6121059825476626,0.0,320.0,976.0,3264.1142857142863,2500.485714285714,3152.233333333333,2981.5337146221564,2566.478625203497,3568.3233957674897,0.0,7864.0,0.0,15440.0,2493.013246568202,2705.7069386392304,0,0,0,0,8.0,7.0,3.0,2110.0,263.75,671.5001861503838,100.0,0.0,263.75,527.5,0.045228403437358664,0.0,2.2516291673878226,5.0,2,0,2110.0,21.0,18.01303333910258,0.045228403437358664,0.0
2023-02-12,0.0,2023,2,12,6,1,6,1,0,0,-0.7818314824680299,0.6234898018587334,0.8660254037844386,0.5000000000000001,0.6513724827222223,-0.7587581226927909,7864.0,4864.0,15440.0,2140.6857142857148,2153.0571428571425,2637.5666666666666,2380.410011901719,2551.091763182165,2755.9086107080434,0.0,5778.0,0.0,11600.0,1869.7599349261513,2531.145200662506,0,0,0,0,0.0,0.0,0.0,0.0,0.0,0.0,0.0,0.0,0.0,0.0,0.0,0.0,0.0,0.0,2,0,0.0,0.0,0.0,0.0,0.0
2023-02-13,2874.0,2023,2,13,0,1,7,0,0,0,0.0,1.0,0.8660254037844386,0.5000000000000001,0.48530196253108104,-0.8743466161445821,3486.8,2562.0,6218.0,2053.142857142858,2175.3428571428567,2526.1,2333.4591938844455,2556.2964585853274,2672.462310175837,0.0,5778.0,0.0,11600.0,2120.8199511946136,2553.2648651358927,0,0,0,0,1.0,1.0,1.0,138.0,138.0,0.0,0.0,0.0,69.0,69.0,0.0,0.0,0.0,1.0,0,0,138.0,1.0,0.0,0.0,0.0
2023-02-14,0.0,2023,2,14,1,1,7,0,0,0,0.7818314824680298,0.6234898018587336,0.8660254037844386,0.5000000000000001,0.29936312297335804,-0.9541392564000488,5778.0,236.0,1406.0,1227.7142857142862,2158.485714285714,2479.233333333333,1743.640799618799,2570.805891860845,2704.9141222053195,0.0,4440.0,0.0,11600.0,1590.6149633959603,2388.5380996432546,0,0,0,0,1.0,1.0,1.0,0.0,0.0,0.0,0.0,0.0,0.0,0.0,0.0,0.0,0.0,1.0,0,0,0.0,1.0,0.0,0.0,0.0
2023-02-15,0.0,2023,2,15,2,1,7,0,0,0,0.9749279121818236,-0.22252093395631434,0.8660254037844386,0.5000000000000001,0.10116832198743272,-0.994869323391895,640.0,3840.0,4000.0,1136.285714285715,1884.1999999999996,2345.9,1795.5992234985567,2582.4238953713,2725.870852178923,0.0,4440.0,0.0,11600.0,1192.9612225469702,2234.438867408206,0,0,0,0,2.0,2.0,1.0,0.0,0.0,0.0,0.0,0.0,0.0,0.0,0.0,0.0,1.0,2.0,0,0,0.0,2.0,2.0,0.0,0.0
2023-02-17,1952.0,2023,2,17,4,1,7,0,0,0,-0.433883739117558,-0.9009688679024191,0.8660254037844386,0.5000000000000001,-0.2993631229733582,-0.9541392564000488,0.0,276.0,648.2,1415.1428571428576,2003.9142857142854,2389.36,1740.448929497939,2540.6467943471475,2708.2065190950625,0.0,4440.0,0.0,11600.0,1382.7209169102277,2216.2170049947736,0,0,0,0,3.0,3.0,1.0,378.0,126.0,41.32795663954365,0.0,0.0,94.5,189.0,0.0,0.0,1.0,2.0,0,0,378.0,3.0,3.0,0.0,0.0
2023-02-18,810.0,2023,2,18,5,1,7,1,0,0,-0.9749279121818236,-0.2225209339563146,0.8660254037844386,0.5000000000000001,-0.4853019625310808,-0.8743466161445822,640.0,380.0,5212.0,1439.428571428572,2034.6285714285711,2242.6266666666666,1728.9783936516762,2522.0359039195705,2668.9676117120357,0.0,4440.0,0.0,11600.0,1239.5406876826708,2125.4933272531757,0,0,0,0,2.0,2.0,1.0,405.0,202.5,60.10407640085654,245.0,0.0,135.0,202.5,0.3763440860215054,0.0,0.0,1.0,2,0,405.0,2.0,0.0,0.3763440860215054,0.0
2023-02-19,276.0,2023,2,19,6,1,7,1,0,0,-0.7818314824680299,0.6234898018587334,0.8660254037844386,0.5000000000000001,-0.651372482722222,-0.7587581226927911,4440.0,0.0,3340.0,844.5714285714291,2054.3428571428567,2140.4933333333333,1140.8585739320795,2505.935510777539,2684.108475496085,0.0,2874.0,0.0,11600.0,998.655515762003,2006.1711771078096,0,0,0,0,1.0,1.0,1.0,138.0,138.0,0.0,0.0,0.0,69.0,69.0,0.0,0.0,0.0,1.0,2,0,138.0,1.0,0.0,0.0,0.0
2023-02-21,4560.0,2023,2,21,1,1,8,0,0,0,0.7818314824680298,0.6234898018587336,0.8660254037844386,0.5000000000000001,-0.8978045395707417,-0.44039415155763423,0.0,7864.0,472.0,1496.0000000000005,1818.342857142857,2276.76,1728.6769507343022,2026.416385837638,2700.2030275645934,0.0,4560.0,0.0,11600.0,1888.9916368215022,2170.934326971822,0,0,0,0,2.0,2.0,1.0,2280.0,1140.0,1357.6450198781713,0.0,0.0,760.0,1140.0,0.0,0.0,1.0,2.0,0,0,2280.0,2.0,2.0,0.0,0.0
2023-02-22,1280.0,2023,2,22,2,1,8,0,0,0,0.9749279121818236,-0.22252093395631434,0.8660254037844386,0.5000000000000001,-0.9680771188662041,-0.2506525322587213,2874.0,3486.8,3084.0,1268.285714285715,1660.7142857142856,2216.6266666666666,1618.3705503052402,1971.7413790693074,2701.693012364192,0.0,4560.0,0.0,11600.0,1736.7437276161268,2113.4546929736402,0,0,0,0,15.0,9.0,3.0,640.0,42.666666666666664,112.59704808783948,0.0,0.0,64.0,160.0,0.0,0.0,2.0922718656836103,5.0,0,0,640.0,27.0,31.384077985254155,0.0,0.0
2023-02-23,0.0,2023,2,23,3,1,8,0,0,0,0.43388373911755823,-0.900968867902419,0.8660254037844386,0.5000000000000001,-0.9987165071710528,-0.05064916883871355,0.0,5778.0,844.0,1268.285714285715,1247.9999999999998,2188.4933333333333,1618.3705503052402,1616.3158487984326,2720.8061314216493,0.0,4560.0,0.0,11600.0,1302.557795712095,1977.1027772979216,0,0,0,0,1.0,1.0,1.0,0.0,0.0,0.0,0.0,0.0,0.0,0.0,0.0,0.0,0.0,1.0,0,0,0.0,1.0,0.0,0.0,0.0
2023-02-24,0.0,2023,2,24,4,1,8,0,0,0,-0.433883739117558,-0.9009688679024191,0.8660254037844386,0.5000000000000001,-0.9884683243281114,0.15142777750457667,0.0,640.0,236.0,1268.285714285715,1202.285714285714,2180.6266666666666,1618.3705503052402,1643.6540637612152,2726.9802071703566,0.0,4560.0,0.0,11600.0,976.9183467840712,1849.5477594077333,0,0,0,0,3.0,3.0,1.0,0.0,0.0,0.0,0.0,0.0,0.0,0.0,0.0,0.0,0.9182958340544894,2.0,0,0,0.0,3.0,2.7548875021634682,0.0,0.0
2023-02-25,3516.0,2023,2,25,5,1,8,1,0,0,-0.9749279121818236,-0.2225209339563146,0.8660254037844386,0.5000000000000001,-0.9377521321470804,0.3473052528448203,1952.0,0.0,1992.0,1491.7142857142862,1453.428571428571,2231.4266666666667,1823.460603201675,1712.9719434716235,2737.5198514705667,0.0,4560.0,0.0,11600.0,1611.6887600880534,1957.0608071878796,0,0,0,0,6.0,5.0,3.0,1758.0,293.0,446.59377514694495,350.0,0.0,293.0,439.5,0.16595542911332384,0.0,1.4591479170272446,3.0,2,0,1758.0,15.0,8.754887502163466,0.16595542911332384,0.0
2023-02-26,0.0,2023,2,26,6,1,8,1,0,1,-0.7818314824680299,0.6234898018587334,0.8660254037844386,0.5000000000000001,-0.848644257494751,0.5289640103269624,810.0,640.0,2448.0,1376.0000000000005,1407.7142857142856,2149.826666666667,1898.1043174704719,1744.597790480523,2767.166092610269,0.0,4560.0,0.0,11600.0,1208.76657006604,1830.7988196273714,0,0,0,0,1.0,1.0,1.0,0.0,0.0,0.0,0.0,0.0,0.0,0.0,0.0,0.0,0.0,1.0,2,0,0.0,1.0,0.0,0.0,0.0
2023-02-27,0.0,2023,2,27,0,1,9,0,0,1,0.0,1.0,0.8660254037844386,0.5000000000000001,-0.72479278722912,0.6889669190756865,276.0,4440.0,2300.0,1336.5714285714291,1090.5714285714282,2073.1600000000003,1927.4029899619675,1542.871135467709,2794.587790663262,0.0,4560.0,0.0,11600.0,906.57492754953,1712.6827667481862,0,0,0,0,0.0,0.0,0.0,0.0,0.0,0.0,0.0,0.0,0.0,0.0,0.0,0.0,0.0,0.0,0,0,0.0,0.0,0.0,0.0,0.0
2023-02-28,276.0,2023,2,28,1,1,9,0,0,1,0.7818314824680298,0.6234898018587336,0.8660254037844386,0.5000000000000001,-0.5712682150947924,0.8207634412072763,4560.0,0.0,11600.0,724.5714285714291,1110.285714285714,1695.6933333333334,1316.6754671194947,1529.570247768052,2154.9988224548165,0.0,3516.0,0.0,7864.0,748.9311956621475,1619.9935559902387,0,0,0,0,4.0,4.0,2.0,138.0,34.5,69.0,0.0,0.0,27.6,46.0,0.0,0.0,1.5,3.0,0,0,138.0,8.0,6.0,0.0,276.0
2023-03-01,4050.0,2023,3,1,2,1,9,0,1,0,0.9749279121818236,-0.22252093395631434,1.0,6.123233995736766e-17,0.20129852008866006,0.9795299412524945,1280.0,2874.0,320.0,1120.285714285715,1194.285714285714,1820.0266666666669,1828.2802223479366,1660.5618802808385,2180.3435526403323,0.0,4050.0,0.0,7864.0,1574.1983967466106,1776.7681652811912,0,0,0,0,4.0,4.0,2.0,2025.0,506.25,629.6350133212097,0.0,0.0,405.0,675.0,0.0,0.0,0.9182958340544894,2.0,0,0,2025.0,8.0,3.673183336217958,0.0,0.0
2023-03-02,5296.0,2023,3,2,3,1,9,0,1,0,0.43388373911755823,-0.900968867902419,1.0,6.123233995736766e-17,0.39435585511331855,0.9189578116202306,0.0,0.0,4864.0,1876.8571428571433,1572.5714285714282,1834.4266666666667,2317.6999682567157,1946.2270289849841,2202.4550437986372,0.0,5296.0,0.0,7864.0,2504.648797559958,2003.8153804243402,0,0,0,0,4.0,4.0,1.0,2280.0,570.0,1140.0,0.0,0.0,456.0,1140.0,0.0,0.0,1.5,3.0,0,0,2280.0,4.0,6.0,0.0,0.0
2023-03-03,1788.0,2023,3,3,4,1,9,0,1,0,-0.433883739117558,-0.9009688679024191,1.0,6.123233995736766e-17,0.5712682150947923,0.8207634412072763,0.0,0.0,2562.0,2132.2857142857147,1700.285714285714,1808.6266666666668,2170.2148675715516,1893.0331960424649,2198.1674315655387,0.0,5296.0,0.0,7864.0,2325.4865981699686,1989.8918074937376,0,0,0,0,5.0,5.0,3.0,758.0,151.6,158.97421174517584,300.0,0.0,126.33333333333333,189.5,0.28328611898017,0.0,1.9219280948873625,4.0,0,0,758.0,15.0,9.609640474436812,0.0,0.0
2023-03-04,3198.0,2023,3,4,5,1,9,1,0,0,-0.9749279121818236,-0.2225209339563146,1.0,6.123233995736766e-17,0.7247927872291199,0.6889669190756866,3516.0,1952.0,236.0,2086.8571428571436,1789.285714285714,1907.3600000000001,2139.5338611148877,1934.611168588262,2191.606379458408,0.0,5296.0,0.0,7864.0,2543.614948627476,2067.8342715264,0,0,0,0,4.0,3.0,2.0,1353.0,338.25,478.0783582914695,50.0,0.0,338.25,451.0,0.03561253561253561,0.0,0.9182958340544894,2.0,3,0,1353.0,6.0,3.673183336217958,0.03561253561253561,0.0
2023-03-05,0.0,2023,3,5,6,1,9,1,0,0,-0.7818314824680299,0.6234898018587334,1.0,6.123233995736766e-17,0.8486442574947509,0.5289640103269624,0.0,810.0,3840.0,2086.8571428571436,1731.428571428571,1779.3600000000001,2139.5338611148877,1977.7812632530406,2186.9709957555215,0.0,5296.0,0.0,7864.0,1907.7112114706072,1934.4256088472773,0,0,0,0,1.0,1.0,1.0,0.0,0.0,0.0,0.0,0.0,0.0,0.0,0.0,0.0,0.0,1.0,3,0,0.0,1.0,0.0,0.0,0.0
2023-03-06,440.0,2023,3,6,0,1,10,0,0,0,0.0,1.0,1.0,6.123233995736766e-17,0.9377521321470804,0.3473052528448203,0.0,276.0,276.0,2149.7142857142862,1743.1428571428569,1784.8266666666668,2073.4487948251676,1968.963759370485,2183.2854026922887,0.0,5296.0,0.0,7864.0,1540.7834086029554,1838.0110534377757,0,0,0,0,1.0,1.0,1.0,110.0,110.0,0.0,50.0,0.0,55.0,55.0,0.3105590062111801,0.0,0.0,0.0,0,0,110.0,1.0,0.0,0.0,0.0
2023-03-07,6392.0,2023,3,7,1,1,10,0,0,0,0.7818314824680298,0.6234898018587336,1.0,6.123233995736766e-17,0.9884683243281114,0.1514277775045767,276.0,4560.0,380.0,3023.428571428572,1873.9999999999998,1985.2266666666667,2413.078452733695,2215.957789100909,2321.437000702349,0.0,6392.0,0.0,7864.0,2753.5875564522166,2131.816791925661,0,0,0,0,5.0,5.0,3.0,1816.0,363.2,427.56192533947643,0.0,0.0,302.6666666666667,454.0,0.0,0.0,1.9219280948873625,4.0,0,0,1816.0,15.0,9.609640474436812,0.0,0.0
2023-03-08,600.0,2023,3,8,2,1,10,0,0,0,0.9749279121818236,-0.22252093395631434,1.0,6.123233995736766e-17,0.9987165071710528,-0.05064916883871264,4050.0,1280.0,0.0,2530.571428571429,1825.428571428571,2005.2266666666667,2518.4812127644814,2237.3285482841134,2306.2789158913733,0.0,6392.0,0.0,7864.0,2215.1906673391622,2032.9899021240058,0,0,0,0,3.0,3.0,3.0,300.0,100.0,173.20508075688772,0.0,0.0,75.0,75.0,0.0,0.0,1.584962500721156,3.0,0,0,300.0,9.0,4.754887502163468,0.0,0.0
2023-03-09,608.0,2023,3,9,3,1,10,0,0,0,0.43388373911755823,-0.900968867902419,1.0,6.123233995736766e-17,0.9680771188662043,-0.2506525322587204,5296.0,0.0,7864.0,1860.8571428571433,1868.8571428571427,1763.3600000000001,2271.766964910174,2204.8346478082863,2035.213989867345,0.0,6392.0,0.0,6392.0,1813.3930005043717,1941.0550697289088,0,0,0,0,2.0,2.0,1.0,304.0,152.0,22.627416997969522,200.0,0.0,101.33333333333333,152.0,0.39603960396039606,0.0,0.0,0.0,0,0,304.0,2.0,0.0,0.0,0.0
2023-03-10,1318.0,2023,3,10,4,1,10,0,0,0,-0.433883739117558,-0.9009688679024191,1.0,6.123233995736766e-17,0.8978045395707416,-0.4403941515576344,1788.0,0.0,3486.8,1793.7142857142862,1962.9999999999998,1691.0666666666666,2281.2050700076516,2146.2593935998157,2010.2504035710342,0.0,6392.0,0.0,6392.0,1689.5447503782789,1900.8579684560762,0,0,0,0,3.0,3.0,2.0,399.0,133.0,230.36275740666068,100.0,0.0,99.75,133.0,0.2,0.0,1.0,2.0,0,0,399.0,6.0,3.0,0.0,0.0
2023-03-11,712.0,2023,3,11,5,1,10,1,0,0,-0.9749279121818236,-0.2225209339563146,1.0,6.123233995736766e-17,0.7907757369376989,-0.6121059825476626,3198.0,3516.0,5778.0,1438.5714285714291,1762.7142857142856,1522.2,2218.8052984390047,2120.8701562755527,1862.4433599348877,0.0,6392.0,0.0,6392.0,1445.1585627837092,1824.157454362136,0,0,0,0,6.0,6.0,3.0,0.0,0.0,0.0,0.0,0.0,0.0,0.0,0.0,0.0,2.2516291673878226,5.0,3,0,0.0,18.0,13.509775004326936,0.0,0.0
2023-03-12,0.0,2023,3,12,6,1,10,1,0,0,-0.7818314824680299,0.6234898018587334,1.0,6.123233995736766e-17,0.6513724827222223,-0.7587581226927909,0.0,0.0,640.0,1438.5714285714291,1762.7142857142856,1500.8666666666666,2218.8052984390047,2120.8701562755527,1876.5092819001743,0.0,6392.0,0.0,6392.0,1083.8689220877818,1706.469876661353,0,0,0,0,1.0,1.0,1.0,0.0,0.0,0.0,0.0,0.0,0.0,0.0,0.0,0.0,0.0,1.0,3,0,0.0,1.0,0.0,0.0,0.0
2023-03-13,520.0,2023,3,13,0,1,11,0,0,0,0.0,1.0,1.0,6.123233995736766e-17,0.48530196253108104,-0.8743466161445821,440.0,0.0,0.0,1450.0000000000005,1799.8571428571427,1518.2,2213.0030878122866,2091.981683150555,1864.531103114881,0.0,6392.0,0.0,6392.0,942.9016915658364,1629.923433005782,0,0,0,0,1.0,1.0,1.0,260.0,260.0,0.0,0.0,0.0,130.0,130.0,0.0,0.0,0.0,0.0,0,0,260.0,1.0,0.0,0.0,0.0
2023-03-14,0.0,2023,3,14,1,1,11,0,0,0,0.7818314824680298,0.6234898018587336,1.0,6.123233995736766e-17,0.29936312297335804,-0.9541392564000488,6392.0,276.0,640.0,536.8571428571433,1780.1428571428569,1496.8666666666666,452.14725793396434,2108.6805884666105,1878.5344018278217,0.0,1318.0,0.0,6392.0,707.1762686743773,1524.76708248928,0,0,0,0,1.0,1.0,1.0,0.0,0.0,0.0,0.0,0.0,0.0,0.0,0.0,0.0,0.0,1.0,0,0,0.0,1.0,0.0,0.0,0.0
2023-03-15,0.0,2023,3,15,2,1,11,0,0,0,0.9749279121818236,-0.22252093395631434,1.0,6.123233995736766e-17,0.10116832198743272,-0.994869323391895,600.0,4050.0,4440.0,451.1428571428577,1490.8571428571427,1348.8666666666666,493.19077734402543,2050.328110970884,1812.402762829687,0.0,1318.0,0.0,6392.0,530.382201505783,1426.395012651262,0,0,0,0,2.0,2.0,1.0,0.0,0.0,0.0,0.0,0.0,0.0,0.0,0.0,0.0,0.0,1.0,0,0,0.0,2.0,0.0,0.0,0.0
2023-03-16,3156.0,2023,3,16,3,1,11,0,0,0,0.43388373911755823,-0.900968867902419,1.0,6.123233995736766e-17,-0.10116832198743204,-0.9948693233918952,608.0,5296.0,0.0,815.1428571428577,1337.9999999999998,1454.0666666666666,1141.8989197197795,1810.577128559182,1822.9720699495451,0.0,3156.0,0.0,6392.0,1186.7866511293373,1537.9824311898903,0,0,0,0,4.0,4.0,2.0,1380.0,345.0,690.0,0.0,0.0,276.0,460.0,0.0,0.0,2.0,4.0,0,0,1380.0,8.0,8.0,0.0,0.0
2023-03-17,396.0,2023,3,17,4,1,11,0,0,0,-0.433883739117558,-0.9009688679024191,1.0,6.123233995736766e-17,-0.2993631229733582,-0.9541392564000488,1318.0,1788.0,2874.0,683.4285714285719,1238.5714285714282,1371.4666666666667,1127.3104951081625,1822.1484240096786,1812.5253811936823,0.0,3156.0,0.0,6392.0,989.089988347003,1464.3061453066716,0,0,0,0,2.0,2.0,2.0,198.0,99.0,140.0071426749364,0.0,0.0,66.0,66.0,0.0,0.0,1.0,2.0,0,0,198.0,4.0,2.0,0.0,0.0
2023-03-18,5028.8,2023,3,18,5,1,11,1,0,0,-0.9749279121818236,-0.2225209339563146,1.0,6.123233995736766e-17,-0.4853019625310808,-0.8743466161445822,712.0,3198.0,0.0,1300.114285714286,1369.342857142857,1539.0933333333332,1993.5020001901064,2027.6925004752547,1911.1686691715688,0.0,5028.8,0.0,6392.0,1999.0174912602524,1694.2734907707575,0,0,0,0,3.0,3.0,2.0,2180.0,726.6666666666666,1041.6013312843515,100.0,0.0,545.0,726.6666666666666,0.04384042086804033,0.0,1.0,2.0,3,0,2180.0,6.0,3.0,0.04384042086804033,0.0
2023-03-19,4360.0,2023,3,19,6,1,11,1,0,0,-0.7818314824680299,0.6234898018587334,1.0,6.123233995736766e-17,-0.651372482722222,-0.7587581226927911,0.0,0.0,0.0,1922.971428571429,1680.7714285714283,1684.4266666666665,2190.9376848846387,2133.2726954065442,1955.3591924958944,0.0,5028.8,0.0,6392.0,2589.2631184451893,1866.2558462049021,0,0,0,0,2.0,2.0,2.0,260.0,130.0,183.84776310850236,100.0,0.0,86.66666666666667,86.66666666666667,0.2770083102493075,0.0,0.0,1.0,3,0,260.0,4.0,0.0,0.2770083102493075,0.0
2023-03-20,3970.0,2023,3,20,0,1,12,0,0,0,0.0,1.0,1.0,6.123233995736766e-17,-0.7907757369376986,-0.6121059825476627,520.0,440.0,1952.0,2415.8285714285716,1932.9142857142854,1751.6933333333332,2210.689471420094,2183.3649143033913,1999.1029317366817,0.0,5028.8,0.0,6392.0,2934.447338833892,2001.9812754820055,0,0,0,0,2.0,2.0,2.0,334.0,167.0,43.840620433565945,100.0,0.0,111.33333333333333,111.33333333333333,0.22988505747126436,0.0,0.0,0.0,0,0,334.0,4.0,0.0,0.0,0.0
2023-03-21,3528.0,2023,3,21,1,1,12,0,0,0,0.7818314824680298,0.6234898018587336,1.0,6.123233995736766e-17,-0.8978045395707417,-0.44039415155763423,0.0,6392.0,810.0,2919.8285714285716,1728.342857142857,1842.2933333333333,1955.567830336664,1840.7153917449223,2016.468333486558,0.0,5028.8,0.0,6392.0,3082.835504125419,2100.4340964186504,0,0,0,0,6.0,5.0,3.0,1764.0,294.0,720.1499843782544,0.0,0.0,294.0,441.0,0.0,0.0,1.9182958340544893,4.0,0,0,1764.0,15.0,11.509775004326936,0.0,0.0
2023-03-22,0.0,2023,3,22,2,1,12,0,0,0,0.9749279121818236,-0.22252093395631434,1.0,6.123233995736766e-17,-0.9680771188662041,-0.2506525322587213,0.0,600.0,276.0,2919.8285714285716,1685.485714285714,1833.0933333333332,1955.567830336664,1875.660460849904,2024.4745795890676,0.0,5028.8,0.0,6392.0,2312.1266280940645,1964.9222192303505,0,0,0,0,2.0,2.0,1.0,0.0,0.0,0.0,0.0,0.0,0.0,0.0,0.0,0.0,0.0,1.0,0,0,0.0,2.0,0.0,0.0,0.0
2023-03-23,4390.0,2023,3,23,3,1,12,0,0,0,0.43388373911755823,-0.900968867902419,1.0,6.123233995736766e-17,-0.9987165071710528,-0.05064916883871355,3156.0,608.0,4560.0,3096.1142857142863,1955.6285714285711,1827.4266666666665,2034.4353741096318,1978.0929026283466,2016.8019304955576,0.0,5028.8,0.0,6392.0,2831.594971070548,2121.3788502477473,0,0,0,0,5.0,5.0,3.0,1997.0,399.4,282.8432428042077,300.0,0.0,332.8333333333333,499.25,0.13054830287206268,0.0,1.0,2.0,0,0,1997.0,15.0,5.0,0.0,0.0
2023-03-24,24888.0,2023,3,24,4,1,12,0,0,0,-0.433883739117558,-0.9009688679024191,1.0,6.123233995736766e-17,-0.9884683243281114,0.15142777750457667,396.0,1318.0,1280.0,6594.971428571429,3639.2,2614.3599999999997,8233.419909473478,6425.1451972818395,4664.131863457997,0.0,24888.0,0.0,24888.0,8345.696228302912,3590.1931179736994,0,0,0,0,9.0,9.0,3.0,12200.0,1355.5555555555557,1302.740391550741,200.0,0.0,1220.0,3050.0,0.016127731634545603,0.0,2.521640636343318,6.0,0,0,12200.0,27.0,22.694765727089862,0.0,0.0
2023-03-25,440.0,2023,3,25,5,1,12,1,0,0,-0.9749279121818236,-0.2225209339563146,1.0,6.123233995736766e-17,-0.9377521321470804,0.3473052528448203,5028.8,712.0,0.0,5939.428571428572,3619.7714285714283,2629.026666666666,8555.28925786348,6435.0809970909395,4656.3126043693865,0.0,24888.0,0.0,24888.0,6369.272171227183,3386.954852297977,0,0,0,0,7.0,5.0,2.0,110.0,15.714285714285714,41.576092031014994,50.0,0.0,18.333333333333332,36.666666666666664,0.3105590062111801,0.0,1.7924812503605778,4.0,3,0,110.0,10.0,12.547368752524045,0.3105590062111801,0.0
2023-03-26,2764.0,2023,3,26,6,1,12,1,0,0,-0.7818314824680299,0.6234898018587334,1.0,6.123233995736766e-17,-0.848644257494751,0.5289640103269624,4360.0,0.0,0.0,5711.428571428572,3817.2,2721.1599999999994,8625.376414146473,6357.414712093156,4629.7685392058975,0.0,24888.0,0.0,24888.0,5467.954128420388,3346.7642166658497,0,0,0,0,2.0,2.0,1.0,330.0,165.0,77.78174593052023,150.0,0.0,110.0,165.0,0.31185031185031187,0.0,0.0,0.0,3,0,330.0,2.0,0.0,0.31185031185031187,0.0
2023-03-27,10824.0,2023,3,27,0,1,13,0,0,0,0.0,1.0,1.0,6.123233995736766e-17,-0.72479278722912,0.6889669190756865,3970.0,520.0,3516.0,6690.571428571428,4553.2,2964.7599999999998,8782.34476771708,6540.156185385085,4859.586904935512,0.0,24888.0,0.0,24888.0,6806.965596315291,3829.166525268053,0,0,0,0,3.0,3.0,2.0,5276.0,1758.6666666666667,122.39825706820068,0.0,0.0,1319.0,1758.6666666666667,0.0,0.0,0.9182958340544894,2.0,0,0,5276.0,6.0,2.7548875021634682,0.0,0.0
2023-03-28,1944.0,2023,3,28,1,1,13,0,0,0,0.7818314824680298,0.6234898018587336,1.0,6.123233995736766e-17,-0.5712682150947924,0.8207634412072763,3528.0,0.0,0.0,6464.285714285715,4692.057142857142,3029.5599999999995,8897.06996177741,6456.146231986326,4831.570529384189,0.0,24888.0,0.0,24888.0,5591.224197236468,3707.5428784765663,0,0,0,0,6.0,5.0,2.0,786.0,131.0,101.9235007248083,550.0,0.0,131.0,262.0,0.4113687359760658,0.0,1.5,3.0,0,0,786.0,10.0,9.0,0.0,0.0
2023-03-29,3908.0,2023,3,29,2,1,13,0,0,1,0.9749279121818236,-0.22252093395631434,1.0,6.123233995736766e-17,-0.3943558551133187,0.9189578116202306,0.0,0.0,0.0,7022.571428571428,4971.199999999999,3159.8266666666664,8539.252013635674,6320.736138238234,4799.649701796377,440.0,24888.0,0.0,24888.0,5170.418147927351,3720.475595994207,0,0,0,0,4.0,4.0,2.0,1954.0,488.5,460.9479363225309,190.0,0.0,390.8,651.3333333333334,0.08857808857808858,0.0,0.8112781244591328,2.0,0,0,1954.0,8.0,3.2451124978365313,0.0,3908.0
2023-03-30,0.0,2023,3,30,3,1,13,0,0,1,0.43388373911755823,-0.900968867902419,1.0,6.123233995736766e-17,-0.20129852008866114,0.9795299412524943,4390.0,3156.0,276.0,6395.428571428572,4745.771428571427,3150.626666666666,8917.640473749072,6445.502875342154,4805.628846355027,0.0,24888.0,0.0,24888.0,3877.8136109455136,3480.444912381678,0,0,0,0,1.0,1.0,1.0,0.0,0.0,0.0,0.0,0.0,0.0,0.0,0.0,0.0,0.0,1.0,0,0,0.0,1.0,0.0,0.0,0.0
2023-03-31,5704.0,2023,3,31,4,1,13,0,0,1,-0.433883739117558,-0.9009688679024191,1.0,6.123233995736766e-17,-2.4492935982947064e-16,1.0,24888.0,396.0,4050.0,3654.8571428571436,5124.914285714285,3205.7599999999998,3720.968127990863,6324.943267225911,4825.748618401089,0.0,10824.0,0.0,24888.0,4334.360208209135,3623.9000793247956,0,0,0,0,5.0,5.0,2.0,928.0,185.6,244.07949524693794,100.0,0.0,154.66666666666666,309.3333333333333,0.09718172983479106,0.0,2.0,4.0,0,0,928.0,10.0,10.0,0.0,5704.0
2023-04-01,7224.0,2023,4,1,5,2,13,1,1,0,-0.9749279121818236,-0.2225209339563146,0.8660254037844387,-0.4999999999999998,0.20129852008866006,0.9795299412524945,440.0,5028.8,5296.0,4624.000000000001,5281.714285714285,3270.026666666666,3626.3487605763103,6349.53972200495,4867.205122459087,0.0,10824.0,0.0,24888.0,5056.770156156851,3856.164590336099,0,0,0,0,3.0,3.0,2.0,1788.0,596.0,1032.3022813110508,0.0,0.0,447.0,596.0,0.0,0.0,0.9182958340544894,2.0,4,0,1788.0,6.0,2.7548875021634682,0.0,0.0
2023-04-02,4100.0,2023,4,2,6,2,13,1,1,0,-0.7818314824680299,0.6234898018587334,0.8660254037844387,-0.4999999999999998,0.39435585511331855,0.9189578116202306,2764.0,4360.0,1788.0,4814.857142857143,5263.142857142857,3347.093333333333,3546.4165683391566,6352.822351063804,4861.23001313903,0.0,10824.0,0.0,24888.0,4817.5776171176385,3871.895907088609,0,0,0,0,1.0,1.0,1.0,220.0,220.0,0.0,100.0,0.0,110.0,110.0,0.3115264797507788,0.0,0.0,0.0,4,0,220.0,1.0,0.0,0.3115264797507788,0.0
2023-04-03,4890.0,2023,4,3,0,2,14,0,1,0,0.0,1.0,0.8660254037844387,-0.4999999999999998,0.5712682150947923,0.8207634412072763,10824.0,3970.0,3198.0,3967.142857142858,5328.857142857143,3403.493333333333,2391.9286101785087,6343.167940113483,4869.2492635917215,0.0,7224.0,0.0,24888.0,4835.683212838228,3937.5800421151507,0,0,0,0,4.0,4.0,2.0,2201.02,550.255,498.7097553687916,100.0,0.0,440.204,733.6733333333333,0.04344010912155411,0.0,1.0,2.0,0,0,2201.02,8.0,4.0,0.0,0.0
2023-04-04,8230.0,2023,4,4,1,2,14,0,0,0,0.7818314824680298,0.6234898018587336,0.8660254037844387,-0.4999999999999998,0.7247927872291199,0.6889669190756866,1944.0,3528.0,0.0,4865.142857142857,5664.714285714285,3677.8266666666664,2669.6426370441063,6364.924779645825,4902.609086298589,0.0,8230.0,0.0,24888.0,5684.262409628671,4214.51036197869,0,0,0,0,5.0,4.0,3.0,4115.0,823.0,848.0041273484463,340.0,0.0,823.0,1028.75,0.0763016157989228,0.0,2.0,4.0,0,0,4115.0,12.0,10.0,0.0,0.0
2023-04-05,3568.0,2023,4,5,2,2,14,0,0,0,0.9749279121818236,-0.22252093395631434,0.8660254037844387,-0.4999999999999998,0.8486442574947509,0.5289640103269624,3908.0,0.0,440.0,4816.571428571428,5919.571428571428,3782.093333333333,2692.9504796253286,6189.677321206603,4864.488114894931,0.0,8230.0,0.0,24888.0,5155.196807221503,4172.800016044581,0,0,0,0,2.0,2.0,2.0,1554.0,777.0,258.8010819142764,0.0,0.0,518.0,518.0,0.0,0.0,1.0,2.0,0,0,1554.0,4.0,2.0,0.0,0.0
2023-04-06,1376.0,2023,4,6,3,2,14,0,0,0,0.43388373911755823,-0.900968867902419,0.8660254037844387,-0.4999999999999998,0.9377521321470804,0.3473052528448203,0.0,4390.0,6392.0,5013.142857142857,5704.285714285715,3614.893333333333,2305.0518019176507,6298.430517915634,4857.887617766655,1376.0,8230.0,0.0,24888.0,4210.397605416128,3992.3613053320278,0,0,0,0,1.0,1.0,1.0,688.0,688.0,0.0,0.0,0.0,344.0,344.0,0.0,0.0,0.0,1.0,0,0,688.0,1.0,0.0,0.0,0.0
2023-04-07,6952.0,2023,4,7,4,2,14,0,0,0,-0.433883739117558,-0.9009688679024191,0.8660254037844387,-0.4999999999999998,0.9884683243281114,0.1514277775045767,5704.0,24888.0,600.0,5191.428571428572,4423.142857142857,3826.626666666666,2413.12265589235,3116.6583400801615,4860.377663978979,1376.0,8230.0,0.0,24888.0,4895.7982040620955,4183.305737246091,0,0,0,0,2.0,2.0,2.0,1688.0,844.0,1193.5962466428923,0.0,0.0,562.6666666666666,562.6666666666666,0.0,0.0,1.0,2.0,0,0,1688.0,4.0,2.0,0.0,0.0
2023-04-08,0.0,2023,4,8,5,2,14,1,0,0,-0.9749279121818236,-0.2225209339563146,0.8660254037844387,-0.4999999999999998,0.9987165071710528,-0.05064916883871264,7224.0,440.0,608.0,4159.428571428572,4391.714285714285,3806.3599999999997,2895.495976923637,3161.805799236875,4875.505462573724,0.0,8230.0,0.0,24888.0,3671.8486530465716,3913.415044520537,0,0,0,0,1.0,1.0,1.0,0.0,0.0,0.0,0.0,0.0,0.0,0.0,0.0,0.0,0.0,1.0,4,0,0.0,1.0,0.0,0.0,0.0
2023-04-09,1208.0,2023,4,9,6,2,14,1,0,0,-0.7818314824680299,0.6234898018587334,0.8660254037844387,-0.4999999999999998,0.9680771188662043,-0.2506525322587204,4100.0,2764.0,1318.0,3746.2857142857147,4280.571428571428,3802.693333333333,3104.1899487781443,3249.554424231725,4877.48234878535,0.0,8230.0,0.0,24888.0,3055.886489784929,3738.872138422438,0,0,0,0,2.0,2.0,2.0,468.0,234.0,206.47518010647187,0.0,0.0,156.0,156.0,0.0,0.0,1.0,2.0,4,0,468.0,4.0,2.0,0.0,0.0
2023-04-10,1232.0,2023,4,10,0,2,15,0,0,0,0.0,1.0,0.8660254037844387,-0.4999999999999998,0.8978045395707416,-0.4403941515576344,4890.0,10824.0,712.0,3223.7142857142862,3595.428571428571,3820.026666666666,3186.376087568541,2734.119059764418,4867.032847492887,0.0,8230.0,0.0,24888.0,2599.9148673386967,3577.1384520726037,0,0,0,0,2.0,2.0,2.0,616.0,308.0,124.45079348883236,100.0,0.0,205.33333333333334,205.33333333333334,0.1394700139470014,0.0,0.0,1.0,0,0,616.0,4.0,0.0,0.0,0.0
2023-04-11,936.0,2023,4,11,1,2,15,0,0,0,0.7818314824680298,0.6234898018587336,0.8660254037844387,-0.4999999999999998,0.7907757369376989,-0.6121059825476626,8230.0,1944.0,0.0,2181.7142857142862,3523.428571428571,3851.2266666666665,2362.4968228751736,2793.578617921022,4844.648865603009,0.0,6952.0,0.0,24888.0,2183.9361505040224,3406.7424229066296,0,0,0,0,1.0,1.0,1.0,468.0,468.0,0.0,0.0,0.0,234.0,234.0,0.0,0.0,0.0,1.0,0,0,468.0,1.0,0.0,0.0,0.0
2023-04-12,3836.0,2023,4,12,2,2,15,0,0,0,0.9749279121818236,-0.22252093395631434,0.8660254037844387,-0.4999999999999998,0.6513724827222223,-0.7587581226927909,3568.0,3908.0,520.0,2220.0000000000005,3518.2857142857138,3961.7599999999998,2390.7097969710553,2792.8823663176267,4803.679223951231,0.0,6952.0,0.0,24888.0,2596.952112878017,3434.43646013846,0,0,0,0,2.0,2.0,1.0,1074.0,537.0,434.16356364854016,100.0,0.0,358.0,537.0,0.0851063829787234,0.0,0.0,1.0,0,0,1074.0,2.0,0.0,0.0,0.0
2023-04-13,3932.0,2023,4,13,3,2,15,0,0,0,0.43388373911755823,-0.900968867902419,0.8660254037844387,-0.4999999999999998,0.48530196253108104,-0.8743466161445821,1376.0,0.0,0.0,2585.142857142858,3799.1428571428564,4092.8266666666664,2435.0996850623014,2603.1192784853342,4745.141536127776,0.0,6952.0,0.0,24888.0,2930.7140846585125,3466.5373336779144,0,0,0,0,6.0,6.0,2.0,1966.0,327.6666666666667,718.9485841606942,100.0,0.0,280.85714285714283,655.3333333333334,0.04837929366231253,0.0,2.3219280948873626,5.0,0,0,1966.0,12.0,13.931568569324176,0.0,0.0
2023-04-14,0.0,2023,4,14,4,2,15,0,0,0,-0.433883739117558,-0.9009688679024191,0.8660254037844387,-0.4999999999999998,0.29936312297335804,-0.9541392564000488,6952.0,5704.0,0.0,1592.0000000000005,3391.7142857142853,4092.8266666666664,1647.5970381134039,2725.548961742786,4745.141536127776,0.0,3932.0,0.0,24888.0,2198.035563493884,3242.8897637632103,0,0,0,0,1.0,1.0,1.0,0.0,0.0,0.0,0.0,0.0,0.0,0.0,0.0,0.0,0.0,1.0,0,0,0.0,1.0,0.0,0.0,0.0
2023-04-15,1862.8,2023,4,15,5,2,15,1,0,0,-0.9749279121818236,-0.2225209339563146,0.8660254037844387,-0.4999999999999998,0.10116832198743272,-0.994869323391895,0.0,7224.0,3156.0,1858.114285714286,3008.7714285714283,4049.72,1490.5595676664389,2514.1163718946295,4759.796818787325,0.0,3932.0,0.0,24888.0,2114.226672620413,3153.8517144881644,0,1,0,0,5.0,5.0,3.0,0.0,0.0,0.0,1040.0,0.0,0.0,0.0,0.9990393852065321,0.0,1.5219280948873626,3.0,4,0,0.0,15.0,7.609640474436813,0.9990393852065321,0.0
2023-04-16,1808.0,2023,4,16,6,2,15,1,0,0,-0.7818314824680299,0.6234898018587334,0.8660254037844387,-0.4999999999999998,-0.10116832198743204,-0.9948693233918952,1208.0,4100.0,396.0,1943.8285714285719,2845.0571428571425,4096.786666666666,1463.95817530682,2512.2162112103683,4729.305145122078,0.0,3932.0,0.0,24888.0,2037.6700044653098,3067.0225716179602,0,1,0,0,4.0,4.0,3.0,904.0,226.0,366.9768385061924,100.0,0.0,180.8,226.0,0.09950248756218906,0.0,1.584962500721156,3.0,4,0,904.0,12.0,6.339850002884624,0.09950248756218906,0.0
2023-04-18,1194.0,2023,4,18,1,2,16,0,0,0,0.7818314824680298,0.6234898018587336,0.8660254037844387,-0.4999999999999998,-0.4853019625310808,-0.8743466161445822,1232.0,4890.0,5028.8,1938.4000000000003,2581.0571428571425,3968.9599999999996,1467.104740637169,2474.7097451291966,4755.000342260404,0.0,3932.0,0.0,24888.0,1826.7525033489824,2946.1824057071244,0,1,0,0,4.0,4.0,3.0,198.0,49.5,99.0,0.0,0.0,39.6,49.5,0.0,0.0,2.0,4.0,0,0,198.0,12.0,8.0,0.0,0.0
2023-04-19,8744.0,2023,4,19,2,2,16,0,0,0,0.9749279121818236,-0.22252093395631434,0.8660254037844387,-0.4999999999999998,-0.651372482722222,-0.7587581226927911,936.0,8230.0,4360.0,3053.8285714285716,2617.771428571428,4115.093333333333,2872.759916708609,2567.052879329675,4834.139603860153,0.0,8744.0,0.0,24888.0,3556.064377511737,3320.2351537260197,0,1,0,0,4.0,4.0,3.0,4372.0,1093.0,608.1787018083857,0.0,0.0,874.4,1093.0,0.0,0.0,2.0,4.0,0,0,4372.0,12.0,8.0,0.0,0.0
2023-04-20,1756.0,2023,4,20,3,2,16,0,0,0,0.43388373911755823,-0.900968867902419,0.8660254037844387,-0.4999999999999998,-0.7907757369376986,-0.6121059825476627,3836.0,3568.0,3970.0,2756.6857142857148,2488.3428571428562,4041.293333333333,2885.9142672808694,2561.130720754265,4853.293022334803,0.0,8744.0,0.0,24888.0,3106.0482831338027,3219.3167567114383,0,1,0,0,3.0,3.0,1.0,688.0,229.33333333333334,397.2169852024625,0.0,0.0,172.0,344.0,0.0,0.0,1.584962500721156,3.0,0,0,688.0,3.0,4.754887502163468,0.0,0.0
2023-04-21,1176.0,2023,4,21,4,2,16,0,0,0,-0.433883739117558,-0.9009688679024191,0.8660254037844387,-0.4999999999999998,-0.8978045395707417,-0.44039415155763423,3932.0,1376.0,3528.0,2362.971428571429,2474.057142857142,3962.893333333333,2886.8418163073984,2568.3601082625346,4880.789862231765,0.0,8744.0,0.0,24888.0,2623.536212350352,3087.4898691816684,0,1,0,0,5.0,5.0,2.0,458.0,91.6,88.1067534301429,0.0,0.0,76.33333333333333,152.66666666666666,0.0,0.0,1.584962500721156,3.0,0,0,458.0,10.0,7.92481250360578,0.0,0.0
2023-04-24,3528.0,2023,4,24,0,2,17,0,0,0,0.0,1.0,0.8660254037844387,-0.4999999999999998,-0.9884683243281114,0.15142777750457667,0.0,6952.0,0.0,2866.971428571429,2229.4857142857136,4080.493333333333,2707.9721697943996,2252.785764971272,4824.18796646815,1176.0,8744.0,0.0,24888.0,2849.652159262764,3115.909877621561,0,0,1,0,1.0,1.0,1.0,1764.0,1764.0,0.0,0.0,0.0,882.0,882.0,0.0,0.0,0.0,1.0,0,0,1764.0,1.0,0.0,0.0,0.0
2023-04-25,1601.1,2023,4,25,1,2,17,0,0,0,0.7818314824680298,0.6234898018587336,0.8660254037844387,-0.4999999999999998,-0.9377521321470804,0.3473052528448203,1862.8,0.0,4390.0,2829.5857142857144,2343.8499999999995,3987.5299999999997,2725.893309497263,2170.0181058266403,4844.845209523353,1176.0,8744.0,0.0,24888.0,2537.514119447073,3018.18020809759,0,0,1,0,2.0,2.0,1.0,540.55,270.275,268.3116681212354,207.45,0.0,180.1833333333333,270.275,0.27696929238985313,0.0,0.0,1.0,0,0,540.55,2.0,0.0,0.0,0.0
2023-04-26,0.0,2023,4,26,2,2,17,0,0,0,0.9749279121818236,-0.22252093395631434,0.8660254037844387,-0.4999999999999998,-0.848644257494751,0.5289640103269624,1808.0,1208.0,24888.0,2571.3,2257.5642857142852,3157.93,2917.730378793314,2241.496169151029,2871.542253545395,0.0,8744.0,0.0,10824.0,1903.1355895853048,2823.4589043493584,0,0,1,0,1.0,1.0,1.0,0.0,0.0,0.0,0.0,0.0,0.0,0.0,0.0,0.0,0.0,1.0,0,0,0.0,1.0,0.0,0.0,0.0
2023-04-27,0.0,2023,4,27,3,2,17,0,0,0,0.43388373911755823,-0.900968867902419,0.8660254037844387,-0.4999999999999998,-0.72479278722912,0.6889669190756865,1194.0,1232.0,440.0,2400.7285714285717,2169.5642857142852,3143.2633333333333,3043.842678104055,2308.052198985503,2886.985168730743,0.0,8744.0,0.0,10824.0,1427.3516921889786,2641.3002653590775,0,0,1,0,1.0,1.0,1.0,0.0,0.0,0.0,0.0,0.0,0.0,0.0,0.0,0.0,0.0,1.0,0,0,0.0,1.0,0.0,0.0,0.0
2023-04-28,6777.2,2023,4,28,4,2,17,0,0,1,-0.433883739117558,-0.9009688679024191,0.8660254037844387,-0.4999999999999998,-0.5712682150947924,0.8207634412072763,8744.0,936.0,2764.0,2119.757142857143,2586.7928571428565,3277.0366666666664,2378.8535276873454,2579.860981485487,2960.8398939447443,0.0,6777.2,0.0,10824.0,2764.813769141734,2908.132506303653,0,0,1,0,4.0,4.0,1.0,3388.6,847.15,928.5824088361786,0.0,0.0,677.72,1694.3,0.0,0.0,2.0,4.0,0,0,3388.6,4.0,8.0,0.0,6777.2
2023-04-29,3082.0,2023,4,29,5,2,17,1,0,1,-0.9749279121818236,-0.2225209339563146,0.8660254037844387,-0.4999999999999998,-0.3943558551133187,0.9189578116202306,1756.0,3836.0,10824.0,2309.1857142857148,2532.935714285714,3018.9700000000003,2397.7793340426374,2559.566944022781,2595.1815102489354,0.0,6777.2,0.0,8744.0,2844.1103268563006,2919.349763961482,0,0,1,0,2.0,2.0,1.0,1087.0,543.5,204.35385976291224,0.0,0.0,362.3333333333333,543.5,0.0,0.0,0.0,1.0,4,0,1087.0,2.0,0.0,0.0,3082.0
2023-04-30,6392.0,2023,4,30,6,2,17,1,0,1,-0.7818314824680299,0.6234898018587334,0.8660254037844387,-0.4999999999999998,-0.20129852008866114,0.9795299412524943,1176.0,3932.0,1944.0,3054.3285714285716,2708.649999999999,3167.2366666666667,2768.7142591910156,2741.009322452093,2657.9505055565874,0.0,6777.2,0.0,8744.0,3731.0827451422256,3143.391714673645,0,0,1,0,4.0,4.0,2.0,2176.0,544.0,763.1740736337068,0.0,0.0,435.2,725.3333333333334,0.0,0.0,1.0,2.0,4,0,2176.0,8.0,4.0,0.0,6392.0
2023-05-01,5392.0,2023,5,1,0,2,18,0,1,0,0.0,1.0,0.49999999999999994,-0.8660254037844387,0.20129852008866006,0.9795299412524945,3528.0,0.0,3908.0,3320.6142857142863,3093.7928571428565,3216.7033333333334,2907.9964009770147,2709.7773040671455,2685.874665533378,0.0,6777.2,0.0,8744.0,4146.312058856669,3288.463216952765,0,0,0,0,3.0,3.0,2.0,2696.0,898.6666666666666,707.9133656976207,0.0,0.0,674.0,898.6666666666666,0.0,0.0,0.9182958340544894,2.0,0,0,2696.0,6.0,2.7548875021634682,0.0,0.0
2023-05-02,1712.0,2023,5,2,1,2,18,0,1,0,0.7818314824680298,0.6234898018587336,0.49999999999999994,-0.8660254037844387,0.39435585511331855,0.9189578116202306,1601.1,1862.8,0.0,3336.4571428571435,3083.021428571428,3273.77,2897.3497078405708,2715.340936853362,2632.8364965080605,0.0,6777.2,0.0,8744.0,3537.7340441425017,3186.755912633232,0,0,0,0,5.0,5.0,2.0,168.0,33.6,75.13188404399294,100.0,0.0,28.0,56.0,0.37174721189591076,0.0,1.5,3.0,0,0,168.0,10.0,7.5,0.0,0.0
2023-05-03,3612.0,2023,5,3,2,2,18,0,1,0,0.9749279121818236,-0.22252093395631434,0.49999999999999994,-0.8660254037844387,0.5712682150947923,0.8207634412072763,0.0,1808.0,5704.0,3852.4571428571435,3211.8785714285705,3204.036666666667,2498.2659845428457,2692.8919776611338,2593.6627811653366,0.0,6777.2,0.0,8744.0,3556.300533106876,3214.1910150439917,0,0,0,0,2.0,2.0,1.0,1338.0,669.0,666.0945878777278,0.0,0.0,446.0,669.0,0.0,0.0,1.0,2.0,0,0,1338.0,2.0,2.0,0.0,0.0
2023-05-05,1657.0,2023,5,5,4,2,18,0,0,0,-0.433883739117558,-0.9009688679024191,0.49999999999999994,-0.8660254037844387,0.8486442574947509,0.5289640103269624,0.0,1194.0,7224.0,4089.1714285714293,3244.9499999999994,3018.4700000000003,2122.6700180937937,2668.940657250198,2493.3406455168174,1657.0,6777.2,0.0,8744.0,3081.475399830157,3113.7270785895407,0,0,0,0,5.0,5.0,4.0,458.5,91.7,151.251280986311,50.0,0.0,76.41666666666667,91.7,0.09813542688910697,0.0,2.0,4.0,0,0,458.5,20.0,10.0,0.0,0.0
2023-05-06,3084.8,2023,5,6,5,2,18,1,0,0,-0.9749279121818236,-0.2225209339563146,0.49999999999999994,-0.8660254037844387,0.9377521321470804,0.3473052528448203,6777.2,8744.0,4100.0,3561.6857142857148,2840.721428571428,2984.63,1773.4121606182248,2150.146002262173,2485.03117182281,1657.0,6392.0,0.0,8744.0,3082.3065498726182,3111.860815454732,0,0,0,0,5.0,5.0,3.0,1384.0,276.8,409.71355847713903,0.0,0.0,230.66666666666666,346.0,0.0,0.0,1.5,3.0,5,0,1384.0,15.0,7.5,0.0,0.0
2023-05-07,1176.0,2023,5,7,6,2,18,1,0,0,-0.7818314824680299,0.6234898018587334,0.49999999999999994,-0.8660254037844387,0.9884683243281114,0.1514277775045767,3082.0,1756.0,4890.0,3289.4000000000005,2799.2928571428565,2860.83,1992.1665559552748,2178.060359573422,2479.3417665331813,1176.0,6392.0,0.0,8744.0,2605.729912404464,2986.966569296362,0,0,0,0,1.0,1.0,1.0,588.0,588.0,0.0,0.0,0.0,294.0,294.0,0.0,0.0,0.0,1.0,5,0,588.0,1.0,0.0,0.0,0.0
2023-05-08,1628.0,2023,5,8,0,2,19,0,0,0,0.0,1.0,0.49999999999999994,-0.8660254037844387,0.9987165071710528,-0.05064916883871264,6392.0,1176.0,8230.0,2608.8285714285716,2831.5785714285707,2640.7633333333333,1511.3044274337976,2155.379035086441,2270.5455477640785,1176.0,5392.0,0.0,8744.0,2361.297434303348,2899.291306761113,0,0,0,0,1.0,1.0,1.0,168.0,168.0,0.0,0.0,0.0,84.0,84.0,0.0,0.0,0.0,0.0,0,0,168.0,1.0,0.0,0.0,0.0
2023-05-09,290.0,2023,5,9,1,2,19,0,0,0,0.7818314824680298,0.6234898018587336,0.49999999999999994,-0.8660254037844387,0.9680771188662043,-0.2506525322587204,5392.0,3528.0,3568.0,1879.971428571429,2600.2928571428565,2531.4966666666664,1126.686885983714,2246.6946642925227,2303.0270914128705,290.0,3612.0,0.0,8744.0,1843.473075727511,2730.9499321313638,0,0,0,0,2.0,2.0,2.0,145.0,72.5,102.5304832720494,145.0,0.0,48.333333333333336,48.333333333333336,0.49828178694158076,0.0,1.0,2.0,0,0,145.0,4.0,2.0,0.0,0.0
2023-05-10,2168.0,2023,5,10,2,2,19,0,0,0,0.9749279121818236,-0.22252093395631434,0.49999999999999994,-0.8660254037844387,0.8978045395707416,-0.4403941515576344,1712.0,1601.1,1376.0,1945.114285714286,2640.7857142857138,2557.8966666666665,1128.5374715807907,2232.3636186638855,2293.8458010411337,290.0,3612.0,0.0,8744.0,1924.6048067956333,2694.630581671276,0,0,0,0,4.0,4.0,3.0,506.0,126.5,93.98404119849285,50.0,0.0,101.2,126.5,0.08976660682226212,0.0,0.9182958340544894,2.0,0,0,506.0,12.0,3.673183336217958,0.0,0.0
2023-05-11,2096.0,2023,5,11,3,2,19,0,0,0,0.43388373911755823,-0.900968867902419,0.49999999999999994,-0.8660254037844387,0.7907757369376989,-0.6121059825476626,3612.0,0.0,6952.0,1728.5428571428577,2790.4999999999995,2396.0299999999997,871.5424236321137,2108.482071210337,2139.2014954263896,290.0,3084.8,0.0,8744.0,1967.453605096725,2656.0092538215163,0,0,0,0,1.0,1.0,1.0,208.0,208.0,0.0,0.0,0.0,104.0,104.0,0.0,0.0,0.0,0.0,0,0,208.0,1.0,0.0,0.0,0.0
2023-05-12,12988.0,2023,5,12,4,2,19,0,0,0,-0.433883739117558,-0.9009688679024191,0.49999999999999994,-0.8660254037844387,0.6513724827222223,-0.7587581226927909,1657.0,0.0,0.0,3347.257142857143,3718.214285714285,2828.963333333333,4339.4723638007545,3304.391241935533,2837.770121972697,290.0,12988.0,0.0,12988.0,4722.590203822543,3322.589301962064,0,0,0,0,10.0,9.0,4.0,4476.0,447.6,602.4703219984275,100.0,0.0,447.6,895.2,0.021848372296263928,0.0,2.75,7.0,0,0,4476.0,36.0,27.5,0.0,0.0
2023-05-13,2886.0,2023,5,13,5,2,19,1,0,0,-0.9749279121818236,-0.2225209339563146,0.49999999999999994,-0.8660254037844387,0.48530196253108104,-0.8743466161445821,3084.8,6777.2,1208.0,3318.8571428571436,3440.271428571428,2884.8966666666665,4342.126031817883,3188.9312775547655,2821.2073327081885,290.0,12988.0,0.0,12988.0,4263.442652866907,3294.422250222576,0,0,0,0,5.0,5.0,3.0,528.0,105.6,149.92264672156773,0.0,0.0,88.0,132.0,0.0,0.0,0.9182958340544894,2.0,5,0,528.0,15.0,4.591479170272447,0.0,0.0
2023-05-14,792.0,2023,5,14,6,2,19,1,0,0,-0.7818314824680299,0.6234898018587334,0.49999999999999994,-0.8660254037844387,0.29936312297335804,-0.9541392564000488,1176.0,3082.0,1232.0,3264.0000000000005,3276.6999999999994,2870.23,4376.003808651607,3266.5093057598083,2831.2225295493113,290.0,12988.0,0.0,12988.0,3395.5819896501807,3132.975653434023,0,0,0,0,2.0,2.0,1.0,396.0,198.0,0.0,0.0,0.0,132.0,198.0,0.0,0.0,0.0,1.0,5,0,396.0,2.0,0.0,0.0,0.0
2023-05-15,14492.0,2023,5,15,0,2,20,0,0,0,0.0,1.0,0.49999999999999994,-0.8660254037844387,0.10116832198743272,-0.994869323391895,1628.0,6392.0,936.0,5101.714285714285,3855.271428571428,3322.0966666666664,5981.186997976397,4386.189085409686,3511.84005728045,290.0,14492.0,0.0,14492.0,6169.686492237635,3865.8159338576347,0,0,0,0,3.0,3.0,2.0,6856.0,2285.3333333333335,3227.485295602961,0.0,0.0,1714.0,2285.3333333333335,0.0,0.0,1.0,2.0,0,0,6856.0,6.0,3.0,0.0,0.0
2023-05-16,972.0,2023,5,16,1,2,20,0,0,0,0.7818314824680298,0.6234898018587336,0.49999999999999994,-0.8660254037844387,-0.10116832198743204,-0.9948693233918952,290.0,5392.0,3836.0,5199.142857142857,3539.557142857142,3226.6299999999997,5894.6739640846245,4425.961636441598,3536.2313771184786,792.0,14492.0,0.0,14492.0,4870.264869178227,3679.1181316732714,0,0,0,0,5.0,5.0,2.0,198.0,39.6,88.54829190899167,0.0,0.0,33.0,66.0,0.0,0.0,2.3219280948873626,5.0,0,0,198.0,10.0,11.609640474436812,0.0,0.0
2023-05-17,0.0,2023,5,17,2,2,20,0,0,0,0.9749279121818236,-0.22252093395631434,0.49999999999999994,-0.8660254037844387,-0.2993631229733582,-0.9541392564000488,2168.0,1712.0,3932.0,4889.428571428572,3417.271428571428,3095.563333333333,6132.6297474287185,4503.314333385441,3581.7606844027628,0.0,14492.0,0.0,14492.0,3652.69865188367,3441.7556715653186,0,0,0,0,0.0,0.0,0.0,0.0,0.0,0.0,0.0,0.0,0.0,0.0,0.0,0.0,0.0,0.0,0,0,0.0,0.0,0.0,0.0,0.0
2023-05-18,1376.0,2023,5,18,3,2,20,0,0,0,0.43388373911755823,-0.900968867902419,0.49999999999999994,-0.8660254037844387,-0.4853019625310808,-0.8743466161445822,2096.0,3612.0,0.0,4786.571428571428,3257.557142857142,3141.43,6193.030568231327,4535.41337692172,3549.417395529817,0.0,14492.0,0.0,14492.0,3083.5239889127524,3308.481112109492,0,0,0,0,2.0,2.0,2.0,688.0,344.0,486.4894654563447,0.0,0.0,229.33333333333334,229.33333333333334,0.0,0.0,1.0,2.0,0,0,688.0,4.0,2.0,0.0,0.0
2023-05-20,1660.0,2023,5,20,5,2,20,1,0,0,-0.9749279121818236,-0.2225209339563146,0.49999999999999994,-0.8660254037844387,-0.7907757369376986,-0.6121059825476627,12988.0,1657.0,1862.8,3168.2857142857147,3257.771428571428,3134.67,5071.190580599585,4535.332008104401,3552.1286518669067,0.0,14492.0,0.0,14492.0,2727.6429916845645,3202.127491973396,0,0,0,0,2.0,2.0,2.0,830.0,415.0,386.08030252785494,100.0,0.0,276.6666666666667,276.6666666666667,0.10741138560687433,0.0,0.0,1.0,5,0,830.0,4.0,0.0,0.10741138560687433,0.0
2023-05-22,556.0,2023,5,22,0,2,21,0,0,0,0.0,1.0,0.49999999999999994,-0.8660254037844387,-0.9680771188662041,-0.2506525322587213,2886.0,3084.8,1808.0,2835.428571428572,3077.142857142856,3092.936666666667,5168.343346990504,4592.744693990279,3575.530615889191,0.0,14492.0,0.0,14492.0,2184.7322437634234,3031.4095892654354,0,0,0,0,1.0,1.0,1.0,278.0,278.0,0.0,0.0,0.0,139.0,139.0,0.0,0.0,0.0,0.0,0,0,278.0,1.0,0.0,0.0,0.0
2023-05-23,1236.0,2023,5,23,1,2,21,0,0,0,0.7818314824680298,0.6234898018587336,0.49999999999999994,-0.8660254037844387,-0.9987165071710528,-0.05064916883871355,792.0,1176.0,1194.0,2898.8571428571436,3081.42857142857,3094.336666666667,5141.741709724814,4590.8617879483145,3574.769589342098,0.0,14492.0,0.0,14492.0,1947.5491828225677,2915.5767125386333,0,0,0,0,5.0,4.0,3.0,618.0,123.6,126.3123113556236,0.0,0.0,123.6,154.5,0.0,0.0,2.0,4.0,0,0,618.0,12.0,10.0,0.0,0.0
2023-05-24,0.0,2023,5,24,2,2,21,0,0,0,0.9749279121818236,-0.22252093395631434,0.49999999999999994,-0.8660254037844387,-0.9884683243281114,0.15142777750457667,14492.0,1628.0,8744.0,828.5714285714291,2965.142857142856,2802.8700000000003,661.4224210349338,4650.736829250296,3452.6251381001957,0.0,1660.0,0.0,14492.0,1460.6618871169258,2727.474989149044,0,0,0,0,2.0,2.0,1.0,0.0,0.0,0.0,0.0,0.0,0.0,0.0,0.0,0.0,1.0,2.0,0,0,0.0,2.0,2.0,0.0,0.0
2023-05-25,536.0,2023,5,25,3,2,21,0,0,0,0.43388373911755823,-0.900968867902419,0.49999999999999994,-0.8660254037844387,-0.9377521321470804,0.3473052528448203,972.0,290.0,1756.0,766.2857142857148,2982.714285714285,2762.2033333333334,666.1765817674271,4640.305136329054,3472.508481406028,0.0,1660.0,0.0,14492.0,1229.4964153376943,2586.0895059781383,0,0,0,0,4.0,4.0,2.0,268.0,67.0,134.0,0.0,0.0,53.6,89.33333333333333,0.0,0.0,1.584962500721156,3.0,0,0,268.0,8.0,6.339850002884624,0.0,0.0
2023-05-26,396.0,2023,5,26,4,2,21,0,0,0,-0.433883739117558,-0.9009688679024191,0.49999999999999994,-0.8660254037844387,-0.848644257494751,0.5289640103269624,0.0,2168.0,1176.0,822.8571428571433,2856.142857142856,2736.2033333333334,604.1885546118064,4688.1574182211525,3487.681458137597,0.0,1660.0,0.0,14492.0,1021.1223115032708,2444.7934088182583,0,0,0,0,5.0,5.0,2.0,198.0,39.6,88.54829190899167,0.0,0.0,33.0,66.0,0.0,0.0,2.3219280948873626,5.0,0,0,198.0,10.0,11.609640474436812,0.0,0.0
2023-05-27,4484.0,2023,5,27,5,2,21,1,0,0,-0.9749279121818236,-0.2225209339563146,0.49999999999999994,-0.8660254037844387,-0.72479278722912,0.6889669190756865,1376.0,2096.0,3528.0,1266.8571428571433,3026.714285714285,2768.07,1522.5149620032948,4701.795376049642,3499.5128889751877,0.0,4484.0,0.0,14492.0,1886.841733627453,2576.355124378371,0,0,0,0,5.0,5.0,3.0,1396.0,279.2,266.4980300114806,0.0,0.0,232.66666666666666,349.0,0.0,0.0,1.0,2.0,5,0,1396.0,15.0,5.0,0.0,0.0
2023-05-28,792.0,2023,5,28,6,2,21,1,0,0,-0.7818314824680299,0.6234898018587334,0.49999999999999994,-0.8660254037844387,-0.5712682150947924,0.8207634412072763,1660.0,12988.0,1601.1,1142.8571428571433,2155.571428571428,2741.1,1520.5046781218937,3747.1190310646775,3511.912415351992,0.0,4484.0,0.0,14492.0,1613.1313002205898,2461.235438934605,0,0,0,0,4.0,4.0,2.0,396.0,99.0,114.3153532995459,0.0,0.0,79.2,132.0,0.0,0.0,1.5,3.0,5,0,396.0,8.0,6.0,0.0,0.0
2023-05-29,196.0,2023,5,29,0,2,22,0,0,1,0.0,1.0,0.49999999999999994,-0.8660254037844387,-0.3943558551133187,0.9189578116202306,556.0,2886.0,0.0,1091.428571428572,1963.4285714285709,2747.633333333333,1549.474626784094,3775.6430265236045,3506.815825801516,0.0,4484.0,0.0,14492.0,1258.8484751654423,2315.091217067856,0,0,0,0,1.0,1.0,1.0,98.0,98.0,0.0,0.0,0.0,49.0,49.0,0.0,0.0,0.0,1.0,0,0,98.0,1.0,0.0,0.0,196.0
2023-05-30,396.0,2023,5,30,1,2,22,0,0,1,0.7818314824680298,0.6234898018587336,0.49999999999999994,-0.8660254037844387,-0.20129852008866114,0.9795299412524943,1236.0,792.0,0.0,971.4285714285719,1935.1428571428567,2760.8333333333335,1568.818542422198,3786.561558929222,3496.847955273272,0.0,4484.0,0.0,14492.0,1043.1363563740817,2191.2788804828333,0,0,0,0,3.0,3.0,3.0,198.0,66.0,114.3153532995459,0.0,0.0,49.5,49.5,0.0,0.0,1.584962500721156,3.0,0,0,198.0,9.0,4.754887502163468,0.0,396.0
2023-05-31,380.0,2023,5,31,2,2,22,0,0,1,0.9749279121818236,-0.22252093395631434,0.49999999999999994,-0.8660254037844387,-2.4492935982947064e-16,1.0,0.0,14492.0,6777.2,1025.7142857142862,927.1428571428567,2547.5933333333332,1535.8296036437966,1140.6321362866065,3438.039990332639,196.0,4484.0,0.0,14492.0,877.3522672805614,2074.422178516199,0,0,0,0,1.0,1.0,1.0,190.0,190.0,0.0,190.0,0.0,95.0,95.0,0.49868766404199477,0.0,0.0,1.0,0,0,190.0,1.0,0.0,0.0,380.0
2023-06-01,0.0,2023,6,1,3,2,22,0,1,0,0.43388373911755823,-0.900968867902419,1.2246467991473532e-16,-1.0,0.20129852008866006,0.9795299412524945,536.0,972.0,3082.0,949.1428571428577,857.7142857142852,2444.86,1577.1209453274557,1166.969739807529,3467.4420038508188,0.0,4484.0,0.0,14492.0,658.0142004604211,1940.58848957967,0,0,0,0,2.0,2.0,1.0,0.0,0.0,0.0,0.0,0.0,0.0,0.0,0.0,0.0,1.0,2.0,0,0,0.0,2.0,2.0,0.0,0.0
2023-06-02,396.0,2023,6,2,4,2,22,0,1,0,-0.433883739117558,-0.9009688679024191,1.2246467991473532e-16,-1.0,0.39435585511331855,0.9189578116202306,396.0,0.0,6392.0,949.1428571428577,885.9999999999994,2244.9933333333333,1577.1209453274557,1149.2453711357732,3404.312579547358,0.0,4484.0,0.0,14492.0,592.5106503453158,1840.9376192842076,0,0,0,0,1.0,1.0,1.0,198.0,198.0,0.0,0.0,0.0,99.0,99.0,0.0,0.0,0.0,1.0,0,0,198.0,1.0,0.0,0.0,0.0
2023-06-03,3370.0,2023,6,3,5,2,22,1,1,0,-0.9749279121818236,-0.2225209339563146,1.2246467991473532e-16,-1.0,0.5712682150947923,0.8207634412072763,4484.0,1376.0,5392.0,790.0000000000006,1028.4285714285709,2177.5933333333332,1162.7490414244292,1324.7959909293556,3359.5806710765683,0.0,3370.0,0.0,14492.0,1286.882987758987,1939.5868051368395,0,0,0,0,3.0,3.0,2.0,1056.0,352.0,194.08245670333008,32.0,0.0,264.0,352.0,0.02938475665748393,0.0,1.0,2.0,6,0,1056.0,6.0,3.0,0.02938475665748393,0.0
2023-06-04,3140.0,2023,6,4,6,2,22,1,0,0,-0.7818314824680299,0.6234898018587334,1.2246467991473532e-16,-1.0,0.7247927872291199,0.6889669190756866,792.0,1660.0,1712.0,1125.428571428572,1134.1428571428567,2225.1933333333336,1463.262434555415,1433.6476263306793,3362.871119982033,0.0,3370.0,0.0,14492.0,1750.1622408192402,2017.0328177086565,0,0,0,0,1.0,1.0,1.0,198.0,198.0,0.0,0.0,0.0,99.0,99.0,0.0,0.0,0.0,1.0,6,0,198.0,1.0,0.0,0.0,0.0
2023-06-05,3528.0,2023,6,5,0,2,23,0,0,0,0.0,1.0,1.2246467991473532e-16,-1.0,0.8486442574947509,0.5289640103269624,196.0,556.0,3612.0,1601.428571428572,1346.4285714285709,2222.3933333333334,1641.6100691235104,1556.2499657972778,3361.7113878390064,0.0,3528.0,0.0,14492.0,2194.6216806144303,2114.514571404872,0,0,0,0,1.0,1.0,1.0,1764.0,1764.0,0.0,0.0,0.0,882.0,882.0,0.0,0.0,0.0,1.0,0,0,1764.0,1.0,0.0,0.0,0.0
2023-06-06,396.0,2023,6,6,1,2,23,0,0,0,0.7818314824680298,0.6234898018587336,1.2246467991473532e-16,-1.0,0.9377521321470804,0.3473052528448203,396.0,1236.0,1657.0,1601.428571428572,1286.4285714285709,2180.36,1641.6100691235104,1576.8908412679675,3376.873881586038,0.0,3528.0,0.0,14492.0,1744.9662604608227,2003.6426635722999,0,0,0,0,1.0,1.0,1.0,198.0,198.0,0.0,0.0,0.0,99.0,99.0,0.0,0.0,0.0,1.0,0,0,198.0,1.0,0.0,0.0,0.0
2023-06-07,700.0,2023,6,7,2,2,23,0,0,0,0.9749279121818236,-0.22252093395631434,1.2246467991473532e-16,-1.0,0.9884683243281114,0.1514277775045767,380.0,0.0,3084.8,1647.1428571428576,1336.4285714285709,2100.866666666667,1605.9970349258285,1543.71184608279,3382.9130349890575,0.0,3528.0,0.0,14492.0,1483.724695345617,1919.536685277313,0,0,0,0,2.0,2.0,2.0,350.0,175.0,21.213203435596427,190.0,0.0,116.66666666666667,116.66666666666667,0.3512014787430684,0.0,0.0,1.0,0,0,350.0,4.0,0.0,0.0,0.0
2023-06-08,0.0,2023,6,8,3,2,23,0,0,0,0.43388373911755823,-0.900968867902419,1.2246467991473532e-16,-1.0,0.9987165071710528,-0.05064916883871264,0.0,536.0,1176.0,1647.1428571428576,1298.1428571428567,2061.6666666666665,1605.9970349258285,1571.487186719017,3400.7660428440154,0.0,3528.0,0.0,14492.0,1112.7935215092127,1795.6956088078089,0,0,0,0,5.0,5.0,2.0,0.0,0.0,0.0,0.0,0.0,0.0,0.0,0.0,0.0,1.370950594454669,3.0,0,0,0.0,10.0,6.854752972273345,0.0,0.0
2023-06-10,998.0,2023,6,10,5,2,23,1,0,0,-0.9749279121818236,-0.2225209339563146,1.2246467991473532e-16,-1.0,0.8978045395707416,-0.4403941515576344,396.0,396.0,1628.0,1733.1428571428576,1341.1428571428567,2040.6666666666667,1542.7040576610552,1553.0311234259736,3405.4781965425154,0.0,3528.0,0.0,14492.0,1084.0951411319095,1744.2313759814988,0,0,0,0,3.0,3.0,2.0,499.0,166.33333333333334,288.09778432562325,0.0,0.0,124.75,166.33333333333334,0.0,0.0,0.0,1.0,6,0,499.0,6.0,0.0,0.0,0.0
2023-06-11,998.0,2023,6,11,6,2,23,1,0,0,-0.7818314824680299,0.6234898018587334,1.2246467991473532e-16,-1.0,0.7907757369376989,-0.6121059825476626,3370.0,4484.0,290.0,1394.285714285715,1092.1428571428567,2064.266666666667,1374.5896010914144,1262.6880884807952,3395.365918356997,0.0,3528.0,0.0,14492.0,1062.5713558489322,1696.0874162407572,0,0,0,0,2.0,2.0,2.0,499.0,249.5,352.8462838120872,0.0,0.0,166.33333333333334,166.33333333333334,0.0,0.0,0.0,1.0,6,0,499.0,4.0,0.0,0.0,0.0
2023-06-12,416.0,2023,6,12,0,2,24,0,0,0,0.0,1.0,1.2246467991473532e-16,-1.0,0.6513724827222223,-0.7587581226927909,3140.0,792.0,2168.0,1005.1428571428577,1065.2857142857138,2005.8666666666666,1168.0809658826024,1273.5154511805815,3408.5616719174077,0.0,3528.0,0.0,14492.0,900.9285168866991,1613.5011313219986,0,0,0,0,1.0,1.0,1.0,208.0,208.0,0.0,0.0,0.0,104.0,104.0,0.0,0.0,0.0,0.0,0,0,208.0,1.0,0.0,0.0,0.0
2023-06-13,0.0,2023,6,13,1,2,24,0,0,0,0.7818314824680298,0.6234898018587336,1.2246467991473532e-16,-1.0,0.48530196253108104,-0.8743466161445821,3528.0,196.0,2096.0,501.1428571428577,1051.2857142857138,1936.0,419.10039710938486,1284.8338071859675,3428.07588537099,0.0,998.0,0.0,14492.0,675.6963876650243,1509.4042841399344,0,0,0,0,2.0,2.0,2.0,0.0,0.0,0.0,0.0,0.0,0.0,0.0,0.0,0.0,1.0,2.0,0,0,0.0,4.0,2.0,0.0,0.0
2023-06-14,1108.0,2023,6,14,2,2,24,0,0,0,0.9749279121818236,-0.22252093395631434,1.2246467991473532e-16,-1.0,0.29936312297335804,-0.9541392564000488,396.0,396.0,12988.0,602.8571428571433,1102.1428571428567,1540.0,472.34712820542114,1270.9166805071386,2720.508471743401,0.0,1108.0,0.0,14492.0,783.7722907487682,1483.5072335502614,0,0,0,0,2.0,2.0,2.0,260.0,130.0,183.84776310850236,50.0,0.0,86.66666666666667,86.66666666666667,0.1607717041800643,0.0,0.0,1.0,0,0,260.0,4.0,0.0,0.0,0.0
2023-06-15,0.0,2023,6,15,3,2,24,0,0,0,0.43388373911755823,-0.900968867902419,1.2246467991473532e-16,-1.0,0.10116832198743272,-0.994869323391895,700.0,380.0,2886.0,502.8571428571434,1074.9999999999995,1443.8,520.0434047819894,1291.418242446324,2722.2966647730577,0.0,1108.0,0.0,14492.0,587.8292180615762,1387.7970894502446,0,0,0,0,1.0,1.0,1.0,0.0,0.0,0.0,0.0,0.0,0.0,0.0,0.0,0.0,0.0,1.0,0,0,0.0,1.0,0.0,0.0,0.0
2023-06-16,3528.0,2023,6,16,4,2,24,0,0,0,-0.433883739117558,-0.9009688679024191,1.2246467991473532e-16,-1.0,-0.10116832198743204,-0.9948693233918952,0.0,0.0,792.0,1006.8571428571433,1326.9999999999995,1535.0,1207.144209635797,1404.756261365731,2745.438838108242,0.0,3528.0,0.0,14492.0,1322.871913546182,1525.8746965824869,0,0,0,0,2.0,2.0,2.0,1764.0,882.0,1247.33636201307,0.0,0.0,588.0,588.0,0.0,0.0,1.0,2.0,0,0,1764.0,4.0,2.0,0.0,0.0
2023-06-17,4260.0,2023,6,17,5,2,24,1,0,0,-0.9749279121818236,-0.2225209339563146,1.2246467991473532e-16,-1.0,-0.2993631229733582,-0.9541392564000488,998.0,396.0,14492.0,1472.8571428571433,1602.9999999999995,1193.9333333333334,1722.689315050905,1576.819730196997,1372.6086398391037,0.0,4260.0,0.0,4484.0,2057.1539351596366,1702.269877448133,0,0,0,0,4.0,4.0,2.0,2000.0,500.0,849.9788232656152,0.0,0.0,400.0,666.6666666666666,0.0,0.0,1.584962500721156,3.0,6,0,2000.0,8.0,6.339850002884624,0.0,0.0
2023-06-19,0.0,2023,6,19,0,2,25,0,0,0,0.0,1.0,1.2246467991473532e-16,-1.0,-0.651372482722222,-0.7587581226927911,998.0,3370.0,972.0,1330.285714285715,1362.2857142857138,1161.5333333333333,1807.737233328447,1543.1934635469843,1389.3971586151497,0.0,4260.0,0.0,4484.0,1542.8654513697275,1592.4460143869633,0,0,0,0,0.0,0.0,0.0,0.0,0.0,0.0,0.0,0.0,0.0,0.0,0.0,0.0,0.0,0.0,0,0,0.0,0.0,0.0,0.0,0.0
2023-06-20,0.0,2023,6,20,1,2,25,0,0,0,0.7818314824680298,0.6234898018587336,1.2246467991473532e-16,-1.0,-0.7907757369376986,-0.6121059825476627,416.0,3140.0,0.0,1270.8571428571433,1137.9999999999995,1161.5333333333333,1849.1666076525466,1492.2903408983575,1389.3971586151497,0.0,4260.0,0.0,4484.0,1157.1490885272956,1489.707561845869,0,0,0,0,2.0,2.0,1.0,0.0,0.0,0.0,0.0,0.0,0.0,0.0,0.0,0.0,1.0,2.0,0,0,0.0,2.0,2.0,0.0,0.0
2023-06-21,2031.9,2023,6,21,2,2,25,0,0,0,0.9749279121818236,-0.22252093395631434,1.2246467991473532e-16,-1.0,-0.8978045395707417,-0.44039415155763423,0.0,3528.0,1376.0,1561.1285714285718,1031.1357142857137,1183.3966666666668,1774.392322941678,1355.251141987056,1398.022143400031,0.0,4260.0,0.0,4484.0,1375.8368163954717,1524.6877191461354,0,0,0,0,1.0,1.0,1.0,1015.95,1015.95,0.0,0.0,0.0,507.975,507.975,0.0,0.0,0.0,1.0,0,0,1015.95,1.0,0.0,0.0,0.0
2023-06-22,396.0,2023,6,22,3,2,25,0,0,0,0.43388373911755823,-0.900968867902419,1.2246467991473532e-16,-1.0,-0.9680771188662041,-0.2506525322587213,1108.0,396.0,1660.0,1459.4142857142863,1031.1357142857137,1141.2633333333333,1824.398860290329,1355.251141987056,1402.2039023557325,0.0,4260.0,0.0,4484.0,1130.8776122966037,1451.8691566205782,0,1,0,0,2.0,2.0,1.0,198.0,99.0,140.0071426749364,0.0,0.0,66.0,99.0,0.0,0.0,1.0,2.0,0,0,198.0,2.0,2.0,0.0,0.0
2023-06-23,260.0,2023,6,23,4,2,25,0,0,0,-0.433883739117558,-0.9009688679024191,1.2246467991473532e-16,-1.0,-0.9987165071710528,-0.05064916883871355,0.0,700.0,556.0,1496.5571428571434,999.7071428571423,1131.3966666666668,1792.0953581930908,1368.5574777645006,1407.4955636564823,0.0,4260.0,0.0,4484.0,913.1582092224528,1374.9743723224765,0,1,0,0,2.0,2.0,2.0,130.0,65.0,91.92388155425118,0.0,0.0,43.333333333333336,43.333333333333336,0.0,0.0,0.0,1.0,0,0,130.0,4.0,0.0,0.0,0.0
2023-06-24,8748.0,2023,6,24,5,2,25,1,0,0,-0.9749279121818236,-0.2225209339563146,1.2246467991473532e-16,-1.0,-0.9884683243281114,0.15142777750457667,3528.0,0.0,1236.0,2242.271428571429,1624.5642857142852,1381.7966666666666,3261.7395536299873,2448.2131938359853,1978.949292529329,0.0,8748.0,0.0,8748.0,2871.8686569168394,1850.653445075865,0,1,0,0,7.0,7.0,2.0,4374.0,624.8571428571429,867.7909557359668,240.0,0.0,546.75,1458.0,0.05200433369447454,0.0,2.584962500721156,6.0,6,0,4374.0,14.0,18.094737505048094,0.05200433369447454,0.0
2023-06-25,7854.0,2023,6,25,6,2,25,1,0,0,-0.7818314824680299,0.6234898018587334,1.2246467991473532e-16,-1.0,-0.9377521321470804,0.3473052528448203,4260.0,998.0,0.0,2755.7000000000003,2114.278571428571,1643.5966666666668,3860.239115650746,2947.9396628254453,2285.5984316318977,0.0,8748.0,0.0,8748.0,4117.40149268763,2237.9661260387124,0,1,0,0,3.0,3.0,2.0,3140.0,1046.6666666666667,621.2288896480374,0.0,0.0,785.0,1046.6666666666667,0.0,0.0,1.0,2.0,6,0,3140.0,6.0,3.0,0.0,0.0
2023-06-26,1596.0,2023,6,26,0,2,26,0,0,0,0.0,1.0,1.2246467991473532e-16,-1.0,-0.848644257494751,0.5289640103269624,0.0,998.0,536.0,2983.7000000000003,2156.992857142857,1678.93,3714.7411255698626,2934.8243167087726,2276.0589597766007,0.0,8748.0,0.0,8748.0,3487.0511195157223,2196.5489566168603,0,1,0,0,2.0,2.0,2.0,798.0,399.0,284.2569260369921,0.0,0.0,266.0,266.0,0.0,0.0,1.0,2.0,0,0,798.0,4.0,2.0,0.0,0.0
2023-06-27,1036.0,2023,6,27,1,2,26,0,0,0,0.7818314824680298,0.6234898018587336,1.2246467991473532e-16,-1.0,-0.72479278722912,0.6889669190756865,0.0,416.0,396.0,3131.7000000000003,2201.278571428571,1700.2633333333333,3594.7543119569914,2911.1143877794157,2266.5991806780935,260.0,8748.0,0.0,8748.0,2874.2883396367915,2121.6748303835147,0,1,0,0,2.0,2.0,1.0,320.0,160.0,226.27416997969522,380.0,0.0,106.66666666666667,160.0,0.5420827389443652,0.0,1.0,2.0,0,0,320.0,2.0,2.0,0.0,0.0
2023-06-28,1148.0,2023,6,28,2,2,26,0,0,1,0.9749279121818236,-0.22252093395631434,1.2246467991473532e-16,-1.0,-0.5712682150947924,0.8207634412072763,2031.9,0.0,4484.0,3005.4285714285716,2283.278571428571,1589.0633333333333,3654.8471403121184,2860.0600198593493,2206.3507496946604,260.0,8748.0,0.0,8748.0,2442.716254727594,2058.8570993910303,0,1,0,0,4.0,4.0,3.0,574.0,143.5,125.86103447850729,0.0,0.0,114.8,143.5,0.0,0.0,2.0,4.0,0,0,574.0,12.0,8.0,0.0,1148.0
2023-06-29,2918.0,2023,6,29,3,2,26,0,0,1,0.43388373911755823,-0.900968867902419,1.2246467991473532e-16,-1.0,-0.3943558551133187,0.9189578116202306,396.0,1108.0,792.0,3365.714285714286,2412.5642857142852,1659.93,3474.606246962181,2843.708947999799,2213.996429170413,260.0,8748.0,0.0,8748.0,2561.537191045695,2114.2856736238673,1,0,0,1,2.0,2.0,1.0,320.0,160.0,226.27416997969522,0.0,0.0,106.66666666666667,160.0,0.0,0.0,0.0,1.0,0,0,320.0,2.0,0.0,0.0,2918.0
2023-06-30,576.0,2023,6,30,4,2,26,0,0,1,-0.433883739117558,-0.9009688679024191,1.2246467991473532e-16,-1.0,-0.20129852008866114,0.9795299412524943,260.0,0.0,196.0,3410.8571428571427,2453.7071428571426,1672.5966666666668,3429.2883337786743,2810.0869300718255,2206.4062317813796,576.0,8748.0,0.0,8748.0,2065.152893284271,2015.0414366158761,0,0,1,0,1.0,1.0,1.0,288.0,288.0,0.0,0.0,0.0,144.0,144.0,0.0,0.0,0.0,1.0,0,0,288.0,1.0,0.0,0.0,576.0
2023-07-01,1716.0,2023,7,1,5,3,26,1,1,0,-0.9749279121818236,-0.2225209339563146,-0.4999999999999997,-0.8660254037844388,0.20129852008866006,0.9795299412524945,8748.0,3528.0,396.0,2406.2857142857147,2324.278571428571,1716.5966666666668,2512.747879267231,2798.505553430701,2193.192682461422,576.0,7854.0,0.0,8748.0,1977.8646699632034,1995.7484407051745,0,0,1,0,5.0,5.0,3.0,858.0,171.6,255.25046522974253,0.0,0.0,143.0,214.5,0.0,0.0,1.9219280948873625,4.0,7,0,858.0,15.0,9.609640474436812,0.0,0.0
2023-07-02,3716.0,2023,7,2,6,3,26,1,1,0,-0.7818314824680299,0.6234898018587334,-0.4999999999999997,-0.8660254037844388,0.39435585511331855,0.9189578116202306,7854.0,4260.0,380.0,1815.1428571428576,2285.4214285714284,1827.7966666666666,1116.1707498663532,2773.2231473305874,2207.611362986822,576.0,3716.0,0.0,8748.0,2412.3985024724025,2106.7324122725827,0,0,1,0,3.0,3.0,1.0,486.0,162.0,147.3363498937041,0.0,0.0,121.5,243.0,0.0,0.0,1.584962500721156,3.0,7,0,486.0,3.0,4.754887502163468,0.0,0.0
2023-07-03,1316.0,2023,7,3,0,3,27,0,1,0,0.0,1.0,-0.4999999999999997,-0.8660254037844388,0.5712682150947923,0.8207634412072763,1596.0,0.0,0.0,1775.1428571428576,2379.4214285714284,1871.6633333333334,1130.2612424526249,2711.4130423874244,2182.976902982267,576.0,3716.0,0.0,8748.0,2138.298876854302,2055.717417932416,0,0,1,0,1.0,1.0,1.0,278.0,278.0,0.0,0.0,0.0,139.0,139.0,0.0,0.0,0.0,0.0,0,0,278.0,1.0,0.0,0.0,0.0
2023-07-04,640.0,2023,7,4,1,3,27,0,0,0,0.7818314824680298,0.6234898018587336,-0.4999999999999997,-0.8660254037844388,0.7247927872291199,0.6889669190756866,1036.0,0.0,396.0,1718.5714285714291,2425.1357142857137,1879.7966666666666,1182.1419623072752,2673.3380509730296,2177.737550838797,576.0,3716.0,0.0,8748.0,1763.7241576407264,1964.3808103238732,0,0,1,0,2.0,2.0,2.0,320.0,160.0,226.27416997969522,0.0,0.0,106.66666666666667,106.66666666666667,0.0,0.0,1.0,2.0,0,0,320.0,4.0,2.0,0.0,0.0
2023-07-05,1776.0,2023,7,5,2,3,27,0,0,0,0.9749279121818236,-0.22252093395631434,-0.4999999999999997,-0.8660254037844388,0.8486442574947509,0.5289640103269624,1148.0,2031.9,3370.0,1808.285714285715,2406.857142857142,1826.6633333333334,1155.1452598823432,2677.105752261435,2159.4943342467254,576.0,3716.0,0.0,8748.0,1766.7931182305447,1952.227209657817,0,0,1,0,1.0,1.0,1.0,888.0,888.0,0.0,0.0,0.0,444.0,444.0,0.0,0.0,0.0,1.0,0,0,888.0,1.0,0.0,0.0,0.0
2023-07-06,5344.0,2023,7,6,3,3,27,0,0,0,0.43388373911755823,-0.900968867902419,-0.4999999999999997,-0.8660254037844388,0.9377521321470804,0.3473052528448203,2918.0,396.0,3140.0,2154.8571428571436,2760.2857142857138,1900.13,1752.8638879056973,2717.5234038641693,2241.643032757529,576.0,5344.0,0.0,8748.0,2661.0948386729087,2171.051260647635,0,0,1,0,3.0,3.0,1.0,2672.0,890.6666666666666,1219.057559483281,380.0,0.0,668.0,1336.0,0.12446773665247297,0.0,1.584962500721156,3.0,0,0,2672.0,3.0,4.754887502163468,0.0,0.0
2023-07-07,0.0,2023,7,7,4,3,27,0,0,0,-0.433883739117558,-0.9009688679024191,-0.4999999999999997,-0.8660254037844388,0.9884683243281114,0.1514277775045767,576.0,260.0,3528.0,2072.571428571429,2741.7142857142853,1782.53,1850.1537645236465,2736.745046684017,2245.835852255434,0.0,5344.0,0.0,8748.0,1995.8211290046816,2030.9834373800459,0,0,0,0,0.0,0.0,0.0,0.0,0.0,0.0,0.0,0.0,0.0,0.0,0.0,0.0,0.0,0.0,0,0,0.0,0.0,0.0,0.0,0.0
2023-07-08,1272.0,2023,7,8,5,3,27,1,0,0,-0.9749279121818236,-0.2225209339563146,-0.4999999999999997,-0.8660254037844388,0.9987165071710528,-0.05064916883871264,1716.0,8748.0,396.0,2009.1428571428576,2207.7142857142853,1811.73,1871.898450644126,2138.645560901781,2232.8440023262187,0.0,5344.0,0.0,8748.0,1814.865846753511,1982.0167640006882,0,0,0,0,2.0,2.0,2.0,636.0,318.0,257.3868683519033,100.0,0.0,212.0,212.0,0.13568521031207598,0.0,0.0,1.0,7,0,636.0,4.0,0.0,0.13568521031207598,0.0
2023-07-09,6806.0,2023,7,9,6,3,27,1,0,0,-0.7818314824680299,0.6234898018587334,-0.4999999999999997,-0.8660254037844388,0.9680771188662043,-0.2506525322587204,3716.0,7854.0,700.0,2450.571428571429,2132.857142857142,2015.2633333333333,2574.117509435226,1934.3991655985049,2400.0444861514075,0.0,6806.0,0.0,8748.0,3062.649385065133,2293.2414889038696,0,0,0,0,3.0,3.0,2.0,2404.0,801.3333333333334,1028.0648487976491,0.0,0.0,601.0,801.3333333333334,0.0,0.0,1.0,2.0,7,0,2404.0,6.0,3.0,0.0,0.0
2023-07-10,1264.0,2023,7,10,0,3,28,0,0,0,0.0,1.0,-0.4999999999999997,-0.8660254037844388,0.8978045395707416,-0.4403941515576344,1316.0,1596.0,0.0,2443.142857142858,2109.1428571428564,2057.3966666666665,2578.0095311804425,1943.5005237237128,2374.4040725292957,0.0,6806.0,0.0,8748.0,2612.98703879885,2226.8388122003944,0,0,0,0,1.0,1.0,1.0,278.0,278.0,0.0,0.0,0.0,139.0,139.0,0.0,0.0,0.0,0.0,0,0,278.0,1.0,0.0,0.0,0.0
2023-07-11,1112.0,2023,7,11,1,3,28,0,0,0,0.7818314824680298,0.6234898018587336,-0.4999999999999997,-0.8660254037844388,0.7907757369376989,-0.6121059825476626,640.0,1036.0,998.0,2510.571428571429,2114.571428571428,2061.1966666666667,2528.6883857804646,1940.376082273589,2372.7407886215747,0.0,6806.0,0.0,8748.0,2237.7402790991373,2154.9137275423045,0,0,0,0,4.0,4.0,3.0,556.0,139.0,278.0,0.0,0.0,111.2,139.0,0.0,0.0,1.584962500721156,3.0,0,0,556.0,12.0,6.339850002884624,0.0,0.0
2023-07-12,0.0,2023,7,12,2,3,28,0,0,0,0.9749279121818236,-0.22252093395631434,-0.4999999999999997,-0.8660254037844388,0.6513724827222223,-0.7587581226927909,1776.0,1148.0,998.0,2256.8571428571436,2032.571428571428,2027.93,2698.0970719238167,2007.4627581289737,2395.0524511066037,0.0,6806.0,0.0,8748.0,1678.305209324353,2015.887035442801,0,1,0,0,1.0,1.0,1.0,0.0,0.0,0.0,0.0,0.0,0.0,0.0,0.0,0.0,0.0,1.0,0,0,0.0,1.0,0.0,0.0,0.0
2023-07-13,0.0,2023,7,13,3,3,28,0,0,0,0.43388373911755823,-0.900968867902419,-0.4999999999999997,-0.8660254037844388,0.48530196253108104,-0.8743466161445821,5344.0,2918.0,416.0,1493.428571428572,1824.1428571428567,2014.0633333333333,2420.7973106081595,2059.274624235933,2405.8866333946726,0.0,6806.0,0.0,8748.0,1258.7289069932647,1885.8298073497174,0,1,0,0,0.0,0.0,0.0,0.0,0.0,0.0,0.0,0.0,0.0,0.0,0.0,0.0,0.0,0.0,0,0,0.0,0.0,0.0,0.0,0.0
2023-07-14,1254.0,2023,7,14,4,3,28,0,0,0,-0.433883739117558,-0.9009688679024191,-0.4999999999999997,-0.8660254037844388,0.29936312297335804,-0.9541392564000488,0.0,576.0,0.0,1672.5714285714291,1872.571428571428,2055.8633333333332,2336.803718553977,2035.498869651298,2380.4465840769676,0.0,6806.0,0.0,8748.0,1257.5466802449484,1845.0665939723165,0,1,0,0,2.0,2.0,1.0,208.0,104.0,147.07821048680188,0.0,0.0,69.33333333333333,104.0,0.0,0.0,0.0,1.0,0,0,208.0,2.0,0.0,0.0,0.0
2023-07-15,0.0,2023,7,15,5,3,28,1,0,0,-0.9749279121818236,-0.2225209339563146,-0.4999999999999997,-0.8660254037844388,0.10116832198743272,-0.994869323391895,1272.0,1716.0,1108.0,1490.8571428571433,1749.9999999999995,2018.93,2421.081261789979,2096.4071829974114,2404.137663616773,0.0,6806.0,0.0,8748.0,943.1600101837114,1726.0300395224897,0,1,0,0,1.0,1.0,1.0,0.0,0.0,0.0,0.0,0.0,0.0,0.0,0.0,0.0,0.0,1.0,7,0,0.0,1.0,0.0,0.0,0.0
2023-07-16,0.0,2023,7,16,6,3,28,1,0,0,-0.7818314824680299,0.6234898018587334,-0.4999999999999997,-0.8660254037844388,-0.10116832198743204,-0.9948693233918952,6806.0,3716.0,0.0,518.5714285714291,1484.571428571428,2018.93,648.6321137961957,2063.324640338655,2404.137663616773,0.0,1264.0,0.0,8748.0,707.3700076377836,1614.6732627791034,0,1,0,0,0.0,0.0,0.0,0.0,0.0,0.0,0.0,0.0,0.0,0.0,0.0,0.0,0.0,0.0,7,0,0.0,0.0,0.0,0.0,0.0
2023-07-17,396.0,2023,7,17,0,3,29,0,0,0,0.0,1.0,-0.4999999999999997,-0.8660254037844388,-0.2993631229733582,-0.9541392564000488,1264.0,1316.0,3528.0,394.57142857142907,1418.8571428571424,1914.53,559.1764352280865,2083.656654764677,2404.3501379002014,0.0,1254.0,0.0,8748.0,629.5275057283377,1536.0491813094839,0,1,0,0,1.0,1.0,1.0,198.0,198.0,0.0,0.0,0.0,99.0,99.0,0.0,0.0,0.0,1.0,0,0,198.0,1.0,0.0,0.0,0.0
2023-07-18,160.0,2023,7,18,1,3,29,0,0,0,0.7818314824680298,0.6234898018587336,-0.4999999999999997,-0.8660254037844388,-0.4853019625310808,-0.8743466161445822,1112.0,640.0,4260.0,258.57142857142907,1384.571428571428,1777.8633333333335,463.1266411192443,2101.3323873670897,2382.861946669401,0.0,1254.0,0.0,8748.0,512.1456292962532,1447.271814773388,0,1,0,0,1.0,1.0,1.0,80.0,80.0,0.0,0.0,0.0,40.0,40.0,0.0,0.0,0.0,1.0,0,0,80.0,1.0,0.0,0.0,0.0
2023-07-19,560.0,2023,7,19,2,3,29,0,0,0,0.9749279121818236,-0.22252093395631434,-0.4999999999999997,-0.8660254037844388,-0.651372482722222,-0.7587581226927911,0.0,1776.0,0.0,338.57142857142907,1297.714285714285,1796.53,459.3687179681752,2109.0255653179993,2370.616392876005,0.0,1254.0,0.0,8748.0,524.10922197219,1390.0284718847824,1,0,0,0,1.0,1.0,1.0,280.0,280.0,0.0,0.0,0.0,140.0,140.0,0.0,0.0,0.0,0.0,0,0,280.0,1.0,0.0,0.0,0.0
2023-07-20,760.0,2023,7,20,3,3,29,0,0,0,0.43388373911755823,-0.900968867902419,-0.4999999999999997,-0.8660254037844388,-0.7907757369376986,-0.6121059825476627,0.0,5344.0,0.0,447.1428571428577,970.2857142857138,1821.8633333333335,455.80969295373654,1759.362446962051,2354.763780887934,0.0,1254.0,0.0,8748.0,583.0819164791425,1349.3814736986676,0,0,1,0,1.0,1.0,1.0,380.0,380.0,0.0,0.0,0.0,190.0,190.0,0.0,0.0,0.0,0.0,0,0,380.0,1.0,0.0,0.0,0.0
2023-07-21,396.0,2023,7,21,4,3,29,0,0,0,-0.433883739117558,-0.9009688679024191,-0.4999999999999997,-0.8660254037844388,-0.8978045395707417,-0.44039415155763423,1254.0,0.0,2031.9,324.57142857142907,998.5714285714281,1767.3333333333333,286.6489474038326,1745.6931492758533,2368.6328565641893,0.0,760.0,0.0,8748.0,536.3114373593569,1287.8729915245601,0,0,1,0,1.0,1.0,1.0,198.0,198.0,0.0,0.0,0.0,99.0,99.0,0.0,0.0,0.0,1.0,0,0,198.0,1.0,0.0,0.0,0.0
2023-07-22,5233.0,2023,7,22,5,3,29,1,0,0,-0.9749279121818236,-0.2225209339563146,-0.4999999999999997,-0.8660254037844388,-0.9680771188662041,-0.2506525322587213,0.0,1272.0,396.0,1072.1428571428576,1281.4999999999995,1928.5666666666666,1851.4988908603839,2082.005717497524,2435.744107551385,0.0,5233.0,0.0,8748.0,1710.4835780195176,1542.397314652008,0,0,1,0,4.0,4.0,2.0,1610.5,402.625,566.934060686661,0.0,0.0,322.1,536.8333333333334,0.0,0.0,1.0,2.0,7,0,1610.5,8.0,4.0,0.0,0.0
2023-07-23,4888.0,2023,7,23,6,3,29,1,0,0,-0.7818314824680299,0.6234898018587334,-0.4999999999999997,-0.8660254037844388,-0.9987165071710528,-0.05064916883871355,0.0,6806.0,260.0,1770.428571428572,1144.4999999999995,2082.8333333333335,2257.0756786265924,1722.6030727227674,2472.697927412467,160.0,5233.0,0.0,8748.0,2504.8626835146383,1758.242649190588,0,0,1,0,3.0,3.0,1.0,2284.0,761.3333333333334,976.461639458168,0.0,0.0,571.0,1142.0,0.0,0.0,0.0,1.0,7,0,2284.0,3.0,0.0,0.0,0.0
2023-07-25,536.0,2023,7,25,1,3,30,0,0,0,0.7818314824680298,0.6234898018587336,-0.4999999999999997,-0.8660254037844388,-0.9377521321470804,0.3473052528448203,396.0,1264.0,8748.0,1790.428571428572,1092.4999999999995,1809.1,2243.4461480159694,1729.6916910692264,2141.810100568344,160.0,5233.0,0.0,7854.0,2012.6470126359786,1679.388284726679,0,0,1,0,1.0,1.0,1.0,268.0,268.0,0.0,0.0,0.0,134.0,134.0,0.0,0.0,0.0,0.0,0,0,268.0,1.0,0.0,0.0,0.0
2023-07-26,360.0,2023,7,26,2,3,30,0,0,0,0.9749279121818236,-0.22252093395631434,-0.4999999999999997,-0.8660254037844388,-0.848644257494751,0.5289640103269624,160.0,1112.0,7854.0,1819.0000000000005,1038.7857142857138,1559.3,2220.3760192063723,1740.6810417221943,1826.2476915890993,360.0,5233.0,0.0,6806.0,1599.485259476984,1594.2664599056031,0,0,1,0,1.0,1.0,1.0,180.0,180.0,0.0,0.0,0.0,90.0,90.0,0.0,0.0,0.0,1.0,0,0,180.0,1.0,0.0,0.0,0.0
2023-07-28,756.0,2023,7,28,4,3,30,0,0,0,-0.433883739117558,-0.9009688679024191,-0.4999999999999997,-0.8660254037844388,-0.5712682150947924,0.8207634412072763,560.0,0.0,1596.0,1847.0000000000005,1092.7857142857138,1531.3,2203.0213344405156,1717.5493354719954,1832.0956749222998,360.0,5233.0,0.0,6806.0,1388.6139446077382,1540.1847528149192,0,0,0,0,4.0,4.0,2.0,298.0,74.5,92.30926280715278,950.0,0.0,59.6,99.33333333333333,0.7606084867894315,0.0,0.0,1.0,0,0,298.0,8.0,0.0,0.0,0.0
2023-07-29,6392.0,2023,7,29,5,3,30,1,0,1,-0.9749279121818236,-0.2225209339563146,-0.4999999999999997,-0.8660254037844388,-0.3943558551133187,0.9189578116202306,760.0,0.0,1036.0,2651.571428571429,1549.3571428571424,1709.8333333333333,2709.979326928714,2189.4637772450587,2032.202136350746,360.0,6392.0,0.0,6806.0,2639.4604584558037,1853.205091342989,0,0,0,0,3.0,3.0,2.0,3008.0,1002.6666666666666,870.5523151042294,0.0,0.0,752.0,1002.6666666666666,0.0,0.0,1.584962500721156,3.0,7,0,3008.0,6.0,4.754887502163468,0.0,6392.0
2023-07-30,396.0,2023,7,30,6,3,30,1,0,1,-0.7818314824680299,0.6234898018587334,-0.4999999999999997,-0.8660254037844388,-0.20129852008866114,0.9795299412524943,396.0,1254.0,1148.0,2651.571428571429,1488.071428571428,1684.7666666666667,2709.979326928714,2210.2764346530244,2043.9749253360055,360.0,6392.0,0.0,6806.0,2078.595343841853,1759.1918596434414,0,0,0,0,1.0,1.0,1.0,198.0,198.0,0.0,0.0,0.0,99.0,99.0,0.0,0.0,0.0,1.0,7,0,198.0,1.0,0.0,0.0,396.0
2023-07-31,4568.0,2023,7,31,0,3,31,0,0,1,0.0,1.0,-0.4999999999999997,-0.8660254037844388,-2.4492935982947064e-16,1.0,5233.0,0.0,2918.0,2556.571428571429,1814.3571428571424,1739.7666666666667,2614.373019619492,2308.684527442589,2099.7421136125718,360.0,6392.0,0.0,6806.0,2700.9465078813896,1940.405288053542,0,0,0,0,3.0,3.0,1.0,2284.0,761.3333333333334,975.7219549304675,0.0,0.0,571.0,1142.0,0.0,0.0,0.9182958340544894,2.0,0,0,2284.0,3.0,2.7548875021634682,0.0,4568.0
2023-08-01,868.0,2023,8,1,1,3,31,0,1,0,0.7818314824680298,0.6234898018587336,-0.8660254037844384,-0.5000000000000004,0.20129852008866006,0.9795299412524945,4888.0,0.0,576.0,1982.285714285715,1876.3571428571424,1749.5,2453.4588994781716,2267.4994566072887,2094.8325050318367,360.0,6392.0,0.0,6806.0,2242.709880911042,1871.217850114604,0,0,0,0,2.0,2.0,1.0,434.0,217.0,26.870057685088806,0.0,0.0,144.66666666666666,217.0,0.0,0.0,0.0,1.0,0,0,434.0,2.0,0.0,0.0,0.0
2023-08-02,952.0,2023,8,2,2,3,31,0,1,0,0.9749279121818236,-0.22252093395631434,-0.8660254037844384,-0.5000000000000004,0.39435585511331855,0.9189578116202306,536.0,396.0,1716.0,2041.7142857142862,1916.071428571428,1724.0333333333333,2417.360386474327,2244.327840589253,2099.8916307561135,360.0,6392.0,0.0,6806.0,1920.0324106832816,1811.9134726878556,0,0,0,0,1.0,1.0,1.0,198.0,198.0,0.0,0.0,0.0,99.0,99.0,0.0,0.0,0.0,1.0,0,0,198.0,1.0,0.0,0.0,0.0
2023-08-03,0.0,2023,8,3,3,3,31,0,1,0,0.43388373911755823,-0.900968867902419,-0.8660254037844384,-0.5000000000000004,0.5712682150947923,0.8207634412072763,360.0,160.0,3716.0,1990.285714285715,1904.6428571428567,1600.1666666666667,2462.5091346216986,2254.34300874977,2087.9033549329483,0.0,6392.0,0.0,6806.0,1440.0243080124612,1695.0158292886392,0,0,0,0,0.0,0.0,0.0,0.0,0.0,0.0,0.0,0.0,0.0,0.0,0.0,0.0,0.0,0.0,0,0,0.0,0.0,0.0,0.0,0.0
2023-08-04,395.2,2023,8,4,4,3,31,0,0,0,-0.433883739117558,-0.9009688679024191,-0.8660254037844384,-0.5000000000000004,0.7247927872291199,0.6889669190756866,756.0,560.0,1316.0,1938.7428571428577,1892.8714285714282,1569.4733333333331,2496.1953708642036,2262.3205344644252,2098.963650016833,0.0,6392.0,0.0,6806.0,1178.818231009346,1611.156743528082,0,0,0,0,1.0,1.0,1.0,197.6,197.6,0.0,10.4,0.0,98.8,98.8,0.049760765550239235,0.0,0.0,0.0,0,0,197.6,1.0,0.0,0.0,0.0
2023-08-05,8148.0,2023,8,5,5,3,31,1,0,0,-0.9749279121818236,-0.2225209339563146,-0.8660254037844384,-0.5000000000000004,0.8486442574947509,0.5289640103269624,6392.0,760.0,640.0,2189.600000000001,2420.5857142857135,1819.74,3046.0033355201804,2780.145364726644,2409.0196461602873,0.0,8148.0,0.0,8148.0,2921.1136732570094,2032.88856652627,0,0,0,0,5.0,5.0,3.0,3964.0,792.8,1002.71790649215,0.0,0.0,660.6666666666666,991.0,0.0,0.0,1.5219280948873626,3.0,8,0,3964.0,15.0,7.609640474436813,0.0,0.0
2023-08-06,1176.0,2023,8,6,6,3,31,1,0,0,-0.7818314824680299,0.6234898018587334,-0.8660254037844384,-0.5000000000000004,0.9377521321470804,0.3473052528448203,396.0,396.0,1776.0,2301.028571428572,2476.2999999999993,1799.74,2983.0713376844255,2744.032635766911,2411.8842398881247,0.0,8148.0,0.0,8148.0,2484.8352549427573,1977.6054332019949,0,0,0,0,2.0,2.0,1.0,454.0,227.0,57.982756057296896,50.0,0.0,151.33333333333334,227.0,0.09900990099009901,0.0,0.0,0.0,8,0,454.0,2.0,0.0,0.09900990099009901,0.0
2023-08-08,0.0,2023,8,8,1,3,32,0,0,0,0.7818314824680298,0.6234898018587336,-0.8660254037844384,-0.5000000000000004,0.9987165071710528,-0.05064916883871264,4568.0,5233.0,5344.0,1648.4571428571435,2102.514285714285,1621.6066666666666,2903.0706265706353,2695.6224133147607,2337.28196548062,0.0,8148.0,0.0,8148.0,1863.626441207068,1850.0179858986405,0,0,0,0,0.0,0.0,0.0,0.0,0.0,0.0,0.0,0.0,0.0,0.0,0.0,0.0,0.0,0.0,0,0,0.0,0.0,0.0,0.0,0.0
2023-08-09,1640.0,2023,8,9,2,3,32,0,0,0,0.9749279121818236,-0.22252093395631434,-0.8660254037844384,-0.5000000000000004,0.9680771188662043,-0.2506525322587204,868.0,4888.0,0.0,1758.7428571428577,1870.5142857142853,1676.2733333333333,2883.0750937480884,2574.4961469284654,2317.138540041824,0.0,8148.0,0.0,8148.0,1807.719830905301,1836.468438421309,0,0,0,0,2.0,2.0,2.0,640.0,320.0,84.8528137423857,100.0,0.0,213.33333333333334,213.33333333333334,0.1349527665317139,0.0,0.0,0.0,0,0,640.0,4.0,0.0,0.0,0.0
2023-08-10,560.0,2023,8,10,3,3,32,0,0,0,0.43388373911755823,-0.900968867902419,-0.8660254037844384,-0.5000000000000004,0.8978045395707416,-0.4403941515576344,952.0,536.0,1272.0,1702.7428571428577,1872.228571428571,1652.54,2905.079757285598,2573.5469912251497,2325.0549158661033,0.0,8148.0,0.0,8148.0,1495.7898731789758,1754.115635942515,0,0,0,0,1.0,1.0,1.0,0.0,0.0,0.0,0.0,0.0,0.0,0.0,0.0,0.0,0.0,1.0,0,0,0.0,1.0,0.0,0.0,0.0
2023-08-11,70.0,2023,8,11,4,3,32,0,0,0,-0.433883739117558,-0.9009688679024191,-0.8660254037844384,-0.5000000000000004,0.7907757369376989,-0.6121059825476626,0.0,360.0,6806.0,1712.7428571428577,1851.5142857142853,1428.0066666666667,2898.3543140071547,2587.7828189865204,2127.0374154797105,0.0,8148.0,0.0,8148.0,1139.3424048842319,1645.4630142688043,0,0,0,0,1.0,1.0,1.0,35.0,35.0,0.0,0.0,0.0,17.5,17.5,0.0,0.0,0.0,0.0,0,0,35.0,1.0,0.0,0.0,0.0
2023-08-12,196.0,2023,8,12,5,3,32,1,0,0,-0.9749279121818236,-0.2225209339563146,-0.8660254037844384,-0.5000000000000004,0.6513724827222223,-0.7587581226927909,395.2,756.0,1264.0,1684.285714285715,1811.5142857142853,1392.4066666666665,2914.3800778373625,2610.249545057444,2138.7821081542997,0.0,8148.0,0.0,8148.0,903.506803663174,1551.9492714127525,0,0,0,0,1.0,1.0,1.0,98.0,98.0,0.0,0.0,0.0,49.0,49.0,0.0,0.0,0.0,1.0,8,0,98.0,1.0,0.0,0.0,0.0
2023-08-13,1352.0,2023,8,13,6,3,32,1,0,0,-0.7818314824680299,0.6234898018587334,-0.8660254037844384,-0.5000000000000004,0.48530196253108104,-0.8743466161445821,8148.0,6392.0,1112.0,713.4285714285719,1451.5142857142853,1400.4066666666665,670.1409944041977,2253.0345167410205,2138.14585385746,0.0,1640.0,0.0,8148.0,1015.6301027473805,1539.0493184183815,0,0,0,0,1.0,1.0,1.0,676.0,676.0,0.0,0.0,0.0,338.0,338.0,0.0,0.0,0.0,1.0,8,0,676.0,1.0,0.0,0.0,0.0
2023-08-14,1104.0,2023,8,14,0,3,33,0,0,0,0.0,1.0,-0.8660254037844384,-0.5000000000000004,0.29936312297335804,-0.9541392564000488,1176.0,396.0,0.0,703.1428571428577,1502.0857142857137,1437.2066666666665,662.3653142518141,2235.3968867560743,2122.6565492705013,0.0,1640.0,0.0,8148.0,1037.7225770605355,1510.9816204559054,0,0,0,0,1.0,1.0,1.0,208.0,208.0,0.0,0.0,0.0,104.0,104.0,0.0,0.0,0.0,0.0,0,0,208.0,1.0,0.0,0.0,0.0
2023-08-15,4048.0,2023,8,15,1,3,33,0,0,0,0.7818314824680298,0.6234898018587336,-0.8660254037844384,-0.5000000000000004,0.10116832198743272,-0.994869323391895,0.0,4568.0,0.0,1281.428571428572,1464.9428571428566,1572.1399999999999,1353.0906420910494,2184.271133393447,2156.5371560076146,70.0,4048.0,0.0,8148.0,1790.2919327954016,1674.6602255877824,0,0,0,0,1.0,1.0,1.0,260.0,260.0,0.0,0.0,0.0,130.0,130.0,0.0,0.0,0.0,0.0,0,0,260.0,1.0,0.0,0.0,0.0
2023-08-16,836.0,2023,8,16,2,3,33,0,0,0,0.9749279121818236,-0.22252093395631434,-0.8660254037844384,-0.5000000000000004,-0.10116832198743204,-0.9948693233918952,1640.0,868.0,1254.0,1166.5714285714291,1462.6571428571424,1558.2066666666665,1351.7034755131656,2184.9604853720884,2160.0110756314666,70.0,4048.0,0.0,8148.0,1551.7189495965513,1620.5531142595385,0,0,0,0,2.0,2.0,2.0,418.0,209.0,156.97770542341354,0.0,0.0,139.33333333333334,139.33333333333334,0.0,0.0,0.0,1.0,0,0,418.0,4.0,0.0,0.0,0.0
2023-08-17,0.0,2023,8,17,3,3,33,0,0,0,0.43388373911755823,-0.900968867902419,-0.8660254037844384,-0.5000000000000004,-0.2993631229733582,-0.9541392564000488,560.0,952.0,0.0,1086.5714285714291,1394.6571428571424,1558.2066666666665,1408.94604310493,2216.6596386018905,2160.0110756314666,0.0,4048.0,0.0,8148.0,1163.7892121974135,1516.0013004363425,0,0,0,0,0.0,0.0,0.0,0.0,0.0,0.0,0.0,0.0,0.0,0.0,0.0,0.0,0.0,0.0,0,0,0.0,0.0,0.0,0.0,0.0
2023-08-18,376.0,2023,8,18,4,3,33,0,0,0,-0.433883739117558,-0.9009688679024191,-0.8660254037844384,-0.5000000000000004,-0.4853019625310808,-0.8743466161445822,70.0,0.0,0.0,1130.285714285715,1421.5142857142853,1570.74,1376.522879612004,2200.6823231608414,2151.7328991720465,0.0,4048.0,0.0,8148.0,966.84190914806,1442.4528294404495,0,0,0,0,2.0,2.0,2.0,188.0,94.0,132.93607486307093,0.0,0.0,62.666666666666664,62.666666666666664,0.0,0.0,1.0,2.0,0,0,188.0,4.0,2.0,0.0,0.0
2023-08-19,0.0,2023,8,19,5,3,33,1,0,0,-0.9749279121818236,-0.2225209339563146,-0.8660254037844384,-0.5000000000000004,-0.651372482722222,-0.7587581226927911,196.0,395.2,396.0,1102.285714285715,1393.2857142857138,1557.54,1400.4796457268933,2217.331397755554,2160.3852026576415,0.0,4048.0,0.0,8148.0,725.131431861045,1349.3913565733237,0,0,0,0,0.0,0.0,0.0,0.0,0.0,0.0,0.0,0.0,0.0,0.0,0.0,0.0,0.0,0.0,8,0,0.0,0.0,0.0,0.0,0.0
2023-08-20,3528.0,2023,8,20,6,3,33,1,0,0,-0.7818314824680299,0.6234898018587334,-0.8660254037844384,-0.5000000000000004,-0.7907757369376986,-0.6121059825476627,1352.0,8148.0,160.0,1413.1428571428576,1063.2857142857138,1669.8066666666666,1678.956365183609,1280.669922559879,2172.731817072592,0.0,4048.0,0.0,8148.0,1425.8485738957838,1489.9467529234319,0,0,0,0,1.0,1.0,1.0,1764.0,1764.0,0.0,0.0,0.0,882.0,882.0,0.0,0.0,0.0,1.0,8,0,1764.0,1.0,0.0,0.0,0.0
2023-08-21,2960.0,2023,8,21,0,3,34,0,0,0,0.0,1.0,-0.8660254037844384,-0.5000000000000004,-0.8978045395707417,-0.44039415155763423,1104.0,1176.0,560.0,1678.285714285715,1190.714285714285,1749.8066666666666,1766.27949036819,1377.8184779722735,2174.642823773259,0.0,4048.0,0.0,8148.0,1809.3864304218378,1584.788897896114,0,0,0,0,3.0,3.0,2.0,1400.0,466.6666666666667,431.4317249963583,0.0,0.0,350.0,466.6666666666667,0.0,0.0,1.0,2.0,0,0,1400.0,6.0,3.0,0.0,0.0
2023-08-22,640.0,2023,8,22,1,3,34,0,0,0,0.7818314824680298,0.6234898018587336,-0.8660254037844384,-0.5000000000000004,-0.9680771188662041,-0.2506525322587213,4048.0,0.0,760.0,1191.428571428572,1236.4285714285709,1745.8066666666666,1444.6303860784033,1345.5115535213415,2176.635687118267,0.0,3528.0,0.0,8148.0,1517.0398228163783,1523.8347754512033,0,0,0,0,1.0,1.0,1.0,320.0,320.0,0.0,0.0,0.0,160.0,160.0,0.0,0.0,0.0,1.0,0,0,320.0,1.0,0.0,0.0,0.0
2023-08-23,640.0,2023,8,23,2,3,34,0,0,0,0.9749279121818236,-0.22252093395631434,-0.8660254037844384,-0.5000000000000004,-0.9987165071710528,-0.05064916883871355,836.0,1640.0,396.0,1163.428571428572,1164.9999999999995,1753.9399999999998,1454.5330129338317,1348.9781317723703,2171.868656186227,0.0,3528.0,0.0,8148.0,1297.7798671122837,1466.8131770349967,0,0,0,0,1.0,1.0,1.0,320.0,320.0,0.0,0.0,0.0,160.0,160.0,0.0,0.0,0.0,1.0,0,0,320.0,1.0,0.0,0.0,0.0
2023-08-24,7552.0,2023,8,24,3,3,34,0,0,0,0.43388373911755823,-0.900968867902419,-0.8660254037844384,-0.5000000000000004,-0.9884683243281114,0.15142777750457667,0.0,560.0,5233.0,2242.2857142857147,1664.4285714285709,1831.24,2708.220431346379,2158.9239739450745,2335.097819054215,0.0,7552.0,0.0,8148.0,2861.3349003342128,1859.4058752908034,0,1,0,0,2.0,2.0,2.0,3776.0,1888.0,0.0,0.0,0.0,1258.6666666666667,1258.6666666666667,0.0,0.0,0.0,1.0,0,0,3776.0,4.0,0.0,0.0,0.0
2023-08-25,5904.0,2023,8,25,4,3,34,0,0,0,-0.433883739117558,-0.9009688679024191,-0.8660254037844384,-0.5000000000000004,-0.9377521321470804,0.3473052528448203,376.0,70.0,4888.0,3032.0000000000005,2081.1428571428564,1865.1066666666666,2874.2052814647823,2379.2862167252943,2387.734149548389,0.0,7552.0,0.0,8148.0,3622.00117525066,2120.3474317236546,0,1,0,0,4.0,4.0,3.0,2558.0,639.5,840.5559668060976,100.0,0.0,511.6,639.5,0.037608123354644606,0.0,1.0,2.0,0,0,2558.0,12.0,4.0,0.0,0.0
2023-08-26,360.0,2023,8,26,5,3,34,1,0,0,-0.9749279121818236,-0.2225209339563146,-0.8660254037844384,-0.5000000000000004,-0.848644257494751,0.5289640103269624,0.0,196.0,536.0,3083.428571428572,2092.857142857142,1859.24,2813.490765173103,2369.675175959883,2391.325888980917,360.0,7552.0,0.0,8148.0,2806.500881437995,2006.7766296769673,0,1,0,0,2.0,2.0,2.0,180.0,90.0,127.27922061357856,0.0,0.0,60.0,60.0,0.0,0.0,1.0,2.0,8,0,180.0,4.0,2.0,0.0,0.0
2023-08-27,5808.0,2023,8,27,6,3,34,1,0,0,-0.7818314824680299,0.6234898018587334,-0.8660254037844384,-0.5000000000000004,-0.72479278722912,0.6889669190756865,3528.0,1352.0,360.0,3409.142857142858,2411.1428571428564,2040.84,2999.372124771646,2554.5558354601635,2478.8093211779415,360.0,7552.0,0.0,8148.0,3556.8756610784963,2252.0168471171633,0,1,0,0,4.0,3.0,2.0,2794.0,698.5,826.1321524631113,0.0,0.0,698.5,931.3333333333334,0.0,0.0,2.0,4.0,8,0,2794.0,6.0,8.0,0.0,0.0
2023-08-28,5160.0,2023,8,28,0,3,35,0,0,0,0.0,1.0,-0.8660254037844384,-0.5000000000000004,-0.5712682150947924,0.8207634412072763,2960.0,1104.0,756.0,3723.428571428572,2700.857142857142,2187.64,3059.132276596473,2623.9625600384566,2529.973503691162,360.0,7552.0,0.0,8148.0,3957.656745808872,2439.628663432185,0,1,0,0,2.0,2.0,2.0,2580.0,1290.0,466.6904755831214,0.0,0.0,860.0,860.0,0.0,0.0,1.0,2.0,0,0,2580.0,4.0,2.0,0.0,0.0
2023-08-29,4474.4,2023,8,29,1,3,35,0,0,1,0.7818314824680298,0.6234898018587336,-0.8660254037844384,-0.5000000000000004,-0.3943558551133187,0.9189578116202306,640.0,4048.0,6392.0,4271.2,2731.3142857142852,2123.72,2741.830084694045,2643.206199604266,2442.809767516883,360.0,7552.0,0.0,8148.0,4086.842559356654,2570.9042335333343,0,1,0,0,5.0,5.0,4.0,1068.0,213.6,69.50395672190182,16.0,0.0,178.0,213.6,0.014746543778801843,0.0,1.0,2.0,0,0,1068.0,20.0,5.0,0.0,4474.4
2023-08-30,8784.0,2023,8,30,2,3,35,0,0,1,0.9749279121818236,-0.22252093395631434,-0.8660254037844384,-0.5000000000000004,-0.20129852008866114,0.9795299412524943,640.0,836.0,396.0,5434.628571428571,3299.028571428571,2403.32,2671.160215907615,3030.0495318187077,2704.283292954299,360.0,8784.0,0.0,8784.0,5261.131919517491,2971.7491216924745,0,1,0,0,7.0,7.0,3.0,2462.0,351.7142857142857,186.00870435342026,50.0,0.0,307.75,615.5,0.019896538002387585,0.0,0.0,1.0,0,0,2462.0,21.0,0.0,0.0,8784.0
2023-08-31,3596.0,2023,8,31,3,3,35,0,0,1,0.43388373911755823,-0.900968867902419,-0.8660254037844384,-0.5000000000000004,-2.4492935982947064e-16,1.0,7552.0,0.0,4568.0,4869.4857142857145,3555.8857142857137,2370.92,2564.8966681126253,2877.452751428482,2683.1944999223997,360.0,8784.0,0.0,8784.0,4844.848939638118,3012.0233719058633,1,0,0,0,5.0,5.0,2.0,1182.0,236.4,54.24758059121162,0.0,0.0,197.0,394.0,0.0,0.0,0.0,1.0,0,0,1182.0,10.0,0.0,0.0,3596.0
2023-09-01,4320.0,2023,9,1,4,3,35,0,1,0,-0.433883739117558,-0.9009688679024191,-1.0,-1.8369701987210297e-16,0.20129852008866006,0.9795299412524945,5904.0,376.0,868.0,4643.2,3837.5999999999995,2485.9866666666667,2528.0245146490724,2731.5487677816172,2690.528618708966,360.0,8784.0,0.0,8784.0,4713.6367047285885,3096.4089608151626,0,0,1,0,2.0,2.0,2.0,396.0,198.0,0.0,0.0,0.0,132.0,132.0,0.0,0.0,0.0,1.0,0,0,396.0,4.0,0.0,0.0,0.0
2023-09-02,396.0,2023,9,2,5,3,35,1,1,0,-0.9749279121818236,-0.2225209339563146,-1.0,-1.8369701987210297e-16,0.39435585511331855,0.9189578116202306,360.0,0.0,952.0,4648.342857142858,3865.8857142857137,2467.4533333333334,2517.875034532854,2690.494641070005,2703.344083848407,396.0,8784.0,0.0,8784.0,3634.227528546441,2922.189027859346,0,0,1,0,1.0,1.0,1.0,198.0,198.0,0.0,0.0,0.0,99.0,99.0,0.0,0.0,0.0,1.0,9,0,198.0,1.0,0.0,0.0,0.0
2023-09-03,3168.0,2023,9,3,6,3,35,1,1,0,-0.7818314824680299,0.6234898018587334,-1.0,-1.8369701987210297e-16,0.5712682150947923,0.8207634412072763,5808.0,3528.0,0.0,4271.2,3840.1714285714284,2573.0533333333337,2512.937234923842,2695.6877094376546,2665.241832300345,396.0,8784.0,0.0,8784.0,3517.6706464098306,2938.0478002555174,0,0,1,0,1.0,1.0,1.0,1584.0,1584.0,0.0,0.0,0.0,792.0,792.0,0.0,0.0,0.0,1.0,9,0,1584.0,1.0,0.0,0.0,0.0
2023-09-04,3572.0,2023,9,4,0,3,36,0,0,0,0.0,1.0,-1.0,-1.8369701987210297e-16,0.7247927872291199,0.6889669190756866,5160.0,2960.0,395.2,4044.342857142857,3883.8857142857137,2678.9466666666663,2490.9097179257956,2685.2586177863104,2638.7062796304062,396.0,8784.0,0.0,8784.0,3531.2529848073727,2978.9479421745164,0,0,1,0,1.0,1.0,1.0,198.0,198.0,0.0,0.0,0.0,99.0,99.0,0.0,0.0,0.0,1.0,0,0,198.0,1.0,0.0,0.0,0.0
2023-09-05,0.0,2023,9,5,1,3,36,0,0,0,0.7818314824680298,0.6234898018587336,-1.0,-1.8369701987210297e-16,0.8486442574947509,0.5289640103269624,4474.4,640.0,8148.0,3405.1428571428573,3838.1714285714284,2407.3466666666664,2902.283895404418,2749.4124763801387,2470.3313204749606,0.0,8784.0,0.0,8784.0,2648.43973860553,2786.7577523568057,0,0,1,0,4.0,4.0,1.0,0.0,0.0,0.0,0.0,0.0,0.0,0.0,0.0,0.0,2.0,4.0,0,0,0.0,4.0,8.0,0.0,0.0
2023-09-06,396.0,2023,9,6,2,3,36,0,0,0,0.9749279121818236,-0.22252093395631434,-1.0,-1.8369701987210297e-16,0.9377521321470804,0.3473052528448203,8784.0,640.0,1176.0,2206.8571428571436,3820.742857142857,2381.3466666666664,1853.4259654822663,2771.9264008750615,2487.781097994808,0.0,4320.0,0.0,8784.0,2085.3298039541473,2632.5153167208828,0,0,1,0,2.0,2.0,2.0,198.0,99.0,140.0071426749364,0.0,0.0,66.0,66.0,0.0,0.0,1.0,2.0,0,0,198.0,4.0,2.0,0.0,0.0
2023-09-07,792.0,2023,9,7,3,3,36,0,0,0,0.43388373911755823,-0.900968867902419,-1.0,-1.8369701987210297e-16,0.9884683243281114,0.1514277775045767,3596.0,7552.0,0.0,1806.285714285715,3337.8857142857137,2407.7466666666664,1805.5482744664127,2658.4173541810615,2465.7438622652744,0.0,4320.0,0.0,8784.0,1761.9973529656104,2513.772393061471,0,0,1,0,3.0,3.0,1.0,396.0,132.0,114.3153532995459,0.0,0.0,99.0,198.0,0.0,0.0,1.584962500721156,3.0,0,0,396.0,3.0,4.754887502163468,0.0,0.0
2023-09-08,1052.0,2023,9,8,4,3,36,0,0,0,-0.433883739117558,-0.9009688679024191,-1.0,-1.8369701987210297e-16,0.9987165071710528,-0.05064916883871264,4320.0,5904.0,1640.0,1339.428571428572,2991.3142857142852,2388.1466666666665,1430.8811803853703,2614.0470123655377,2474.3789211301805,0.0,3572.0,0.0,8784.0,1584.4980147242077,2419.464496734925,0,0,0,0,4.0,4.0,1.0,526.0,131.5,160.85086260259843,0.0,0.0,105.2,263.0,0.0,0.0,2.0,4.0,0,0,526.0,4.0,8.0,0.0,0.0
2023-09-09,0.0,2023,9,9,5,3,36,1,0,0,-0.9749279121818236,-0.2225209339563146,-1.0,-1.8369701987210297e-16,0.9680771188662043,-0.2506525322587204,396.0,360.0,560.0,1282.8571428571433,2965.5999999999995,2369.48,1481.3358192941562,2643.5266700725124,2490.704451299704,0.0,3572.0,0.0,8784.0,1188.3735110431558,2263.3700130746074,0,1,0,0,3.0,3.0,1.0,0.0,0.0,0.0,380.0,0.0,0.0,0.0,0.9973753280839895,0.0,1.584962500721156,3.0,9,0,0.0,3.0,4.754887502163468,0.9973753280839895,0.0
2023-09-10,6500.0,2023,9,10,6,3,36,1,0,0,-0.7818314824680299,0.6234898018587334,-1.0,-1.8369701987210297e-16,0.8978045395707416,-0.4403941515576344,3168.0,5808.0,70.0,1758.8571428571433,3015.028571428571,2583.813333333333,2423.665229122457,2706.481868355359,2561.6540663559904,0.0,6500.0,0.0,8784.0,2516.280133282367,2536.70097997302,0,1,0,0,2.0,2.0,1.0,1570.0,785.0,830.1433611130068,0.0,0.0,523.3333333333334,785.0,0.0,0.0,1.0,2.0,9,0,1570.0,2.0,2.0,0.0,0.0
2023-09-11,4732.0,2023,9,11,0,3,37,0,0,0,0.0,1.0,-1.0,-1.8369701987210297e-16,0.7907757369376989,-0.6121059825476626,3572.0,5160.0,196.0,1924.5714285714291,2984.4571428571426,2735.0133333333333,2601.434915397209,2682.702099839557,2549.694270750685,0.0,6500.0,0.0,8784.0,3070.210099961775,2678.3331748134706,0,1,0,0,2.0,2.0,2.0,378.0,189.0,12.727922061357855,0.0,0.0,126.0,126.0,0.0,0.0,1.0,2.0,0,0,378.0,4.0,2.0,0.0,0.0
2023-09-12,792.0,2023,9,12,1,3,37,0,0,0,0.7818314824680298,0.6234898018587336,-1.0,-1.8369701987210297e-16,0.6513724827222223,-0.7587581226927909,0.0,4474.4,1352.0,2037.7142857142862,2721.42857142857,2716.3466666666664,2519.719409926821,2705.804862890894,2562.1879588289057,0.0,6500.0,0.0,8784.0,2500.657574971331,2556.634260309376,0,1,0,0,1.0,1.0,1.0,198.0,198.0,0.0,0.0,0.0,99.0,99.0,0.0,0.0,0.0,1.0,0,0,198.0,1.0,0.0,0.0,0.0
2023-09-13,546.0,2023,9,13,2,3,37,0,0,0,0.9749279121818236,-0.22252093395631434,-1.0,-1.8369701987210297e-16,0.48530196253108104,-0.8743466161445821,396.0,8784.0,1104.0,2059.142857142858,2132.9999999999995,2697.7466666666664,2504.0196636988576,2117.8396467227703,2576.282881198034,0.0,6500.0,0.0,8784.0,2011.9931812284983,2426.915920934577,0,1,0,0,3.0,3.0,2.0,248.0,82.66666666666667,102.96277644534132,299.0,0.0,62.0,82.66666666666667,0.5456204379562044,0.0,1.0,2.0,0,0,248.0,6.0,3.0,0.0,0.0
2023-09-14,3616.0,2023,9,14,3,3,37,0,0,0,0.43388373911755823,-0.900968867902419,-1.0,-1.8369701987210297e-16,0.29936312297335804,-0.9541392564000488,792.0,3596.0,4048.0,2462.571428571429,2134.428571428571,2683.3466666666664,2493.3096382882345,2118.9088888201254,2569.6743075169397,0.0,6500.0,0.0,8784.0,2412.9948859213737,2503.631022809766,0,1,0,0,3.0,3.0,2.0,1268.0,422.6666666666667,583.1820756276151,0.0,0.0,317.0,422.6666666666667,0.0,0.0,1.0,2.0,0,0,1268.0,6.0,3.0,0.0,0.0
2023-09-15,1052.0,2023,9,15,4,3,37,0,0,0,-0.433883739117558,-0.9009688679024191,-1.0,-1.8369701987210297e-16,0.10116832198743272,-0.994869323391895,1052.0,4320.0,836.0,2462.571428571429,1900.9999999999995,2690.5466666666666,2493.3096382882345,2038.0827717773013,2564.617349925764,0.0,6500.0,0.0,8784.0,2072.7461644410305,2409.9774084349424,0,1,0,0,4.0,4.0,2.0,526.0,131.5,160.85086260259843,0.0,0.0,105.2,175.33333333333334,0.0,0.0,2.0,4.0,0,0,526.0,8.0,8.0,0.0,0.0
2023-09-16,5360.0,2023,9,16,5,3,37,1,0,0,-0.9749279121818236,-0.2225209339563146,-1.0,-1.8369701987210297e-16,-0.10116832198743204,-0.9948693233918952,0.0,396.0,0.0,3228.2857142857147,2255.571428571428,2869.213333333333,2433.3160990909664,2182.7773667891765,2557.4090390314095,546.0,6500.0,0.0,8784.0,2894.559623330773,2600.30144660043,1,0,0,0,5.0,5.0,2.0,2680.0,536.0,755.7909763949289,0.0,0.0,446.6666666666667,893.3333333333334,0.0,0.0,1.370950594454669,3.0,9,1,2680.0,10.0,6.854752972273345,0.0,0.0
2023-09-17,1980.0,2023,9,17,6,3,37,1,0,0,-0.7818314824680299,0.6234898018587334,-1.0,-1.8369701987210297e-16,-0.2993631229733582,-0.9541392564000488,6500.0,3168.0,376.0,2582.571428571429,2170.7142857142853,2922.68,1977.4410111002062,2167.61699812248,2519.980267355696,546.0,5360.0,0.0,8784.0,2665.9197174980795,2560.28199843266,0,0,1,0,5.0,5.0,2.0,990.0,198.0,242.49948453553463,0.0,0.0,165.0,330.0,0.0,0.0,1.9219280948873625,4.0,9,0,990.0,10.0,9.609640474436812,0.0,0.0
2023-09-18,916.0,2023,9,18,0,3,38,0,0,0,0.0,1.0,-1.0,-1.8369701987210297e-16,-0.4853019625310808,-0.8743466161445822,4732.0,3572.0,0.0,2037.428571428572,1980.9999999999995,2953.213333333333,1804.5678021013832,2151.71041088427,2488.701736016309,546.0,5360.0,0.0,8784.0,2228.4397881235595,2454.1992888563595,0,0,1,0,3.0,3.0,2.0,328.0,109.33333333333333,189.37088829419724,0.0,0.0,82.0,109.33333333333333,0.0,0.0,1.584962500721156,3.0,0,0,328.0,6.0,4.754887502163468,0.0,0.0
2023-09-19,656.0,2023,9,19,1,3,38,0,0,0,0.7818314824680298,0.6234898018587336,-1.0,-1.8369701987210297e-16,-0.651372482722222,-0.7587581226927911,792.0,0.0,3528.0,2018.0000000000005,2027.8571428571424,2857.48,1820.8697555472581,2112.02920496792,2520.8599849504044,546.0,5360.0,0.0,8784.0,1835.3298410926695,2338.186431510788,0,0,1,0,1.0,1.0,1.0,328.0,328.0,0.0,0.0,0.0,164.0,164.0,0.0,0.0,0.0,1.0,0,0,328.0,1.0,0.0,0.0,0.0
2023-09-20,396.0,2023,9,20,2,3,38,0,0,0,0.9749279121818236,-0.22252093395631434,-1.0,-1.8369701987210297e-16,-0.7907757369376986,-0.6121059825476627,546.0,396.0,2960.0,1996.5714285714291,2027.8571428571424,2772.0133333333333,1841.8417283743513,2112.02920496792,2560.4185659613463,396.0,5360.0,0.0,8784.0,1475.4973808195023,2212.8840810907373,0,0,1,0,1.0,1.0,1.0,198.0,198.0,0.0,0.0,0.0,99.0,99.0,0.0,0.0,0.0,1.0,0,0,198.0,1.0,0.0,0.0,0.0
2023-09-21,1188.0,2023,9,21,3,3,38,0,0,0,0.43388373911755823,-0.900968867902419,-1.0,-1.8369701987210297e-16,-0.8978045395707417,-0.44039415155763423,3616.0,792.0,640.0,1649.7142857142862,2056.1428571428564,2790.2799999999997,1709.9393472952904,2096.801441652105,2546.6012577145093,396.0,5360.0,0.0,8784.0,1403.6230356146266,2146.76252747198,0,1,1,0,2.0,2.0,1.0,396.0,198.0,0.0,0.0,0.0,132.0,198.0,0.0,0.0,0.0,1.0,0,0,396.0,2.0,0.0,0.0,0.0
2023-09-22,2076.0,2023,9,22,4,3,38,0,0,0,-0.433883739117558,-0.9009688679024191,-1.0,-1.8369701987210297e-16,-0.9680771188662041,-0.2506525322587213,1052.0,1052.0,640.0,1796.0000000000005,2129.2857142857138,2838.1466666666665,1694.009838617652,2076.844589888591,2518.1268100594625,396.0,5360.0,0.0,8784.0,1571.71727671097,2142.197203118949,0,1,1,0,5.0,5.0,2.0,1038.0,207.6,363.77025716789984,0.0,0.0,173.0,346.0,0.0,0.0,1.9219280948873625,4.0,0,0,1038.0,10.0,9.609640474436812,0.0,0.0
2023-09-23,1416.0,2023,9,23,5,3,38,1,0,0,-0.9749279121818236,-0.2225209339563146,-1.0,-1.8369701987210297e-16,-0.9987165071710528,-0.05064916883871355,5360.0,0.0,7552.0,1232.5714285714291,2230.428571428571,2633.6133333333332,637.463425654916,1998.1604122209735,2366.686813150453,396.0,2076.0,0.0,8784.0,1532.7879575332277,2095.345770659662,0,1,1,0,5.0,5.0,3.0,708.0,141.6,194.76344626238262,0.0,0.0,118.0,177.0,0.0,0.0,2.3219280948873626,5.0,9,0,708.0,15.0,11.609640474436812,0.0,0.0
2023-09-24,1060.0,2023,9,24,6,3,38,1,0,0,-0.7818314824680299,0.6234898018587334,-1.0,-1.8369701987210297e-16,-0.9884683243281114,0.15142777750457667,1980.0,6500.0,5904.0,1101.1428571428576,1841.8571428571424,2472.1466666666665,545.9509833222764,1591.593775827491,2300.177452784648,396.0,2076.0,0.0,8784.0,1414.5909681499206,2028.5492693267806,0,1,0,0,1.0,1.0,1.0,0.0,0.0,0.0,0.0,0.0,0.0,0.0,0.0,0.0,0.0,1.0,9,0,0.0,1.0,0.0,0.0,0.0
2023-09-25,656.0,2023,9,25,0,3,39,0,0,0,0.0,1.0,-1.0,-1.8369701987210297e-16,-0.9377521321470804,0.3473052528448203,916.0,4732.0,360.0,1064.0000000000005,1550.714285714285,2482.0133333333333,569.0038078373627,1381.132558032432,2291.4231216810945,396.0,2076.0,0.0,8784.0,1224.9432261124405,1939.9977035637626,0,1,0,0,2.0,2.0,1.0,328.0,164.0,231.93102422918759,0.0,0.0,109.33333333333333,164.0,0.0,0.0,1.0,2.0,0,0,328.0,2.0,2.0,0.0,0.0
2023-09-26,656.0,2023,9,26,1,3,39,0,0,0,0.7818314824680298,0.6234898018587336,-1.0,-1.8369701987210297e-16,-0.848644257494751,0.5289640103269624,656.0,792.0,5808.0,1064.0000000000005,1540.9999999999995,2310.2799999999997,569.0038078373627,1387.3438373658455,2225.675759512778,396.0,2076.0,0.0,8784.0,1082.7074195843304,1857.15914204352,0,1,0,0,1.0,1.0,1.0,328.0,328.0,0.0,0.0,0.0,164.0,164.0,0.0,0.0,0.0,1.0,0,0,328.0,1.0,0.0,0.0,0.0
2023-09-28,598.0,2023,9,28,3,3,39,0,0,1,0.43388373911755823,-0.900968867902419,-1.0,-1.8369701987210297e-16,-0.5712682150947924,0.8207634412072763,396.0,546.0,5160.0,1092.8571428571433,1544.714285714285,2158.2133333333336,533.4939639057728,1384.5418252743875,2179.6283738499956,598.0,2076.0,0.0,8784.0,961.5305646882478,1775.923068363293,1,0,0,0,4.0,4.0,3.0,299.0,74.75,149.5,0.0,0.0,59.8,74.75,0.0,0.0,1.584962500721156,3.0,0,0,299.0,12.0,6.339850002884624,0.0,598.0
2023-09-29,0.0,2023,9,29,4,3,39,0,0,1,-0.433883739117558,-0.9009688679024191,-1.0,-1.8369701987210297e-16,-0.3943558551133187,0.9189578116202306,1188.0,3616.0,4474.4,923.1428571428577,1286.4285714285709,2009.0666666666666,669.7460783938176,1303.320771324965,2168.731059674165,0.0,2076.0,0.0,8784.0,721.1479235161858,1661.347386533403,0,0,1,0,0.0,0.0,0.0,0.0,0.0,0.0,0.0,0.0,0.0,0.0,0.0,0.0,0.0,0.0,0,0,0.0,0.0,0.0,0.0,0.0
2023-09-30,2016.8,2023,9,30,5,3,39,1,0,1,-0.9749279121818236,-0.2225209339563146,-1.0,-1.8369701987210297e-16,-0.20129852008866114,0.9795299412524943,2076.0,1052.0,8784.0,914.6857142857149,1355.3428571428565,1783.4933333333333,652.9247721562771,1315.422792351353,1751.5734418011182,0.0,2016.8,0.0,6500.0,1045.0609426371393,1684.2798132086673,0,0,1,0,2.0,2.0,2.0,878.4,439.2,225.1427991297967,149.6,0.0,292.8,292.8,0.14538386783284743,0.0,0.0,1.0,9,0,878.4,4.0,0.0,0.14538386783284743,2016.8
2023-10-01,2362.0,2023,10,1,6,4,39,1,1,0,-0.7818314824680299,0.6234898018587334,-0.8660254037844386,0.5000000000000001,0.20129852008866006,0.9795299412524945,1416.0,5360.0,3596.0,1049.8285714285719,1141.1999999999994,1742.3600000000001,843.941352058525,724.7525880231301,1721.7774211552512,0.0,2362.0,0.0,6500.0,1374.2957069778545,1728.003696227463,0,0,1,0,2.0,2.0,2.0,1181.0,590.5,412.2432534317572,0.0,0.0,393.6666666666667,393.6666666666667,0.0,0.0,0.0,1.0,10,0,1181.0,4.0,0.0,0.0,0.0
2023-10-02,0.0,2023,10,2,0,4,40,0,1,0,0.0,1.0,-0.8660254037844386,0.5000000000000001,0.39435585511331855,0.9189578116202306,1060.0,1980.0,4320.0,898.4000000000005,999.771428571428,1598.3600000000001,932.2861077302156,741.473870516968,1678.8801435111116,0.0,2362.0,0.0,6500.0,1030.7217802333907,1616.5195867934333,0,0,1,0,0.0,0.0,0.0,0.0,0.0,0.0,0.0,0.0,0.0,0.0,0.0,0.0,0.0,0.0,0,0,0.0,0.0,0.0,0.0,0.0
2023-10-03,0.0,2023,10,3,1,4,40,0,1,0,0.7818314824680298,0.6234898018587336,-0.8660254037844386,0.5000000000000001,0.5712682150947923,0.8207634412072763,656.0,916.0,396.0,804.6857142857149,934.3428571428566,1585.16,991.7856412024368,788.3662851495573,1690.1782753552322,0.0,2362.0,0.0,6500.0,773.0413351750431,1512.2280005486957,0,0,1,0,0.0,0.0,0.0,0.0,0.0,0.0,0.0,0.0,0.0,0.0,0.0,0.0,0.0,0.0,0,0,0.0,0.0,0.0,0.0,0.0
2023-10-04,360.0,2023,10,4,2,4,40,0,0,0,0.9749279121818236,-0.22252093395631434,-0.8660254037844386,0.5000000000000001,0.7247927872291199,0.6889669190756866,656.0,656.0,3168.0,762.4000000000005,913.1999999999995,1491.5600000000002,1005.3982560823471,800.2843187076106,1677.20191073685,0.0,2362.0,0.0,6500.0,669.7810013812823,1437.8907101907155,0,0,1,0,3.0,3.0,2.0,180.0,60.0,103.92304845413264,0.0,0.0,45.0,60.0,0.0,0.0,1.0,2.0,0,0,180.0,6.0,3.0,0.0,0.0
2023-10-05,756.0,2023,10,5,3,4,40,0,0,0,0.43388373911755823,-0.900968867902419,-0.8660254037844386,0.5000000000000001,0.8486442574947509,0.5289640103269624,598.0,396.0,3572.0,784.9714285714291,938.9142857142851,1397.6933333333334,1002.8626720781415,788.0781754049049,1635.0226257916452,0.0,2362.0,0.0,6500.0,691.3357510359617,1393.8977611461532,0,0,1,0,2.0,2.0,2.0,378.0,189.0,12.727922061357855,0.0,0.0,126.0,126.0,0.0,0.0,0.0,1.0,0,0,378.0,4.0,0.0,0.0,0.0
2023-10-06,360.0,2023,10,6,4,4,40,0,0,0,-0.433883739117558,-0.9009688679024191,-0.8660254037844386,0.5000000000000001,0.9377521321470804,0.3473052528448203,0.0,1188.0,0.0,836.4000000000005,879.771428571428,1409.6933333333334,964.3916493486571,798.9416801943197,1625.7052731434649,0.0,2362.0,0.0,6500.0,608.5018132769712,1327.1946797818855,0,0,0,0,1.0,1.0,1.0,180.0,180.0,0.0,0.0,0.0,90.0,90.0,0.0,0.0,0.0,0.0,0,0,180.0,1.0,0.0,0.0,0.0
2023-10-07,4256.0,2023,10,7,5,4,40,1,0,0,-0.9749279121818236,-0.2225209339563146,-0.8660254037844386,0.5000000000000001,0.9884683243281114,0.1514277775045767,2016.8,2076.0,396.0,1156.285714285715,1035.4857142857138,1538.3600000000001,1589.7766839282767,1174.2919613748206,1694.0244426034592,0.0,4256.0,0.0,6500.0,1520.3763599577285,1516.1498617314412,0,0,0,0,2.0,2.0,2.0,1868.0,934.0,1055.003317530329,0.0,0.0,622.6666666666666,622.6666666666666,0.0,0.0,1.0,2.0,10,0,1868.0,4.0,2.0,0.0,0.0
2023-10-08,8559.0,2023,10,8,6,4,40,1,0,0,-0.7818314824680299,0.6234898018587334,-0.8660254037844386,0.5000000000000001,0.9987165071710528,-0.05064916883871264,2362.0,1416.0,792.0,2041.5714285714291,1545.6999999999994,1797.26,3241.004363729606,2332.7190536103976,2116.7908535458096,0.0,8559.0,0.0,8559.0,3280.0322699682965,1970.5272900068321,0,0,0,0,3.0,3.0,1.0,2514.0,838.0,998.0480950335009,0.0,0.0,628.5,1257.0,0.0,0.0,0.9182958340544894,2.0,10,0,2514.0,3.0,2.7548875021634682,0.0,0.0
2023-10-09,198.0,2023,10,9,0,4,41,0,0,0,0.0,1.0,-0.8660254037844386,0.5000000000000001,0.9680771188662043,-0.2506525322587204,0.0,1060.0,1052.0,2069.8571428571436,1484.128571428571,1768.7933333333335,3221.0194260291582,2357.7667498743917,2132.840194465226,0.0,8559.0,0.0,8559.0,2509.5242024762224,1856.1706906515526,0,0,0,0,1.0,1.0,1.0,99.0,99.0,0.0,0.0,0.0,49.5,49.5,0.0,0.0,0.0,1.0,0,0,99.0,1.0,0.0,0.0,0.0
2023-10-10,0.0,2023,10,10,1,4,41,0,0,0,0.7818314824680298,0.6234898018587336,-0.8660254037844386,0.5000000000000001,0.8978045395707416,-0.4403941515576344,0.0,656.0,0.0,2069.8571428571436,1437.271428571428,1768.7933333333335,3221.0194260291582,2381.8857269071545,2132.840194465226,0.0,8559.0,0.0,8559.0,1882.1431518571667,1736.4177428675816,0,0,0,0,0.0,0.0,0.0,0.0,0.0,0.0,0.0,0.0,0.0,0.0,0.0,0.0,0.0,0.0,0,0,0.0,0.0,0.0,0.0,0.0
2023-10-11,990.0,2023,10,11,2,4,41,0,0,0,0.9749279121818236,-0.22252093395631434,-0.8660254037844386,0.5000000000000001,0.7907757369376989,-0.6121059825476626,360.0,656.0,6500.0,2159.8571428571436,1461.128571428571,1585.1266666666668,3173.7353611883273,2375.1215905486138,1939.8845571647983,0.0,8559.0,0.0,8559.0,1659.1073638928751,1688.2617594567698,0,0,0,0,4.0,4.0,2.0,495.0,123.75,49.5,0.0,0.0,99.0,165.0,0.0,0.0,0.8112781244591328,2.0,0,0,495.0,8.0,3.2451124978365313,0.0,0.0
2023-10-12,0.0,2023,10,12,3,4,41,0,0,0,0.43388373911755823,-0.900968867902419,-0.8660254037844386,0.5000000000000001,0.6513724827222223,-0.7587581226927909,756.0,598.0,4732.0,2051.8571428571436,1418.4142857142851,1427.3933333333334,3241.6070309118604,2397.1135854019826,1866.1673003933763,0.0,8559.0,0.0,8559.0,1244.3305229196562,1579.34164594343,0,0,0,0,2.0,2.0,1.0,0.0,0.0,0.0,1080.0,0.0,0.0,0.0,0.9990749306197965,0.0,1.0,2.0,0,0,0.0,2.0,2.0,0.0,0.0
2023-10-13,760.0,2023,10,13,4,4,41,0,0,0,-0.433883739117558,-0.9009688679024191,-0.8660254037844386,0.5000000000000001,0.48530196253108104,-0.8743466161445821,360.0,0.0,792.0,2109.0000000000005,1472.6999999999994,1426.3266666666668,3210.1857163306604,2370.984040759981,1866.5521085003645,0.0,8559.0,0.0,8559.0,1123.2478921897423,1526.480894592241,0,0,0,0,2.0,2.0,2.0,380.0,190.0,155.56349186104046,0.0,0.0,126.66666666666667,126.66666666666667,0.0,0.0,1.0,2.0,0,0,380.0,4.0,2.0,0.0,0.0
2023-10-14,1188.0,2023,10,14,5,4,41,1,0,0,-0.9749279121818236,-0.2225209339563146,-0.8660254037844386,0.5000000000000001,0.29936312297335804,-0.9541392564000488,4256.0,2016.8,546.0,1670.7142857142862,1413.4999999999995,1447.7266666666667,3074.7825242492586,2366.6967161328284,1859.779113679415,0.0,8559.0,0.0,8559.0,1139.4359191423068,1504.643417521774,0,0,0,0,5.0,5.0,3.0,396.0,79.2,82.82934262687348,188.0,0.0,66.0,99.0,0.3213675213675214,0.0,2.3219280948873626,5.0,10,0,396.0,15.0,11.609640474436812,0.3213675213675214,0.0
2023-10-15,0.0,2023,10,15,6,4,41,1,0,0,-0.7818314824680299,0.6234898018587334,-0.8660254037844386,0.5000000000000001,0.10116832198743272,-0.994869323391895,8559.0,2362.0,3616.0,448.0000000000005,1244.7857142857138,1327.1933333333334,516.9332645517179,2378.042510410348,1831.366805559656,0.0,1188.0,0.0,8559.0,854.5769393567301,1407.5696486494014,0,0,0,0,0.0,0.0,0.0,0.0,0.0,0.0,0.0,0.0,0.0,0.0,0.0,0.0,0.0,0.0,10,0,0.0,0.0,0.0,0.0,0.0
2023-10-17,0.0,2023,10,17,1,4,42,0,0,0,0.7818314824680298,0.6234898018587336,-0.8660254037844386,0.5000000000000001,-0.2993631229733582,-0.9541392564000488,198.0,0.0,1052.0,419.71428571428623,1244.7857142857138,1292.1266666666668,537.8852772001371,2378.042510410348,1846.824371899968,0.0,1188.0,0.0,8559.0,640.9327045175476,1316.7587035752465,0,0,0,0,0.0,0.0,0.0,0.0,0.0,0.0,0.0,0.0,0.0,0.0,0.0,0.0,0.0,0.0,0,0,0.0,0.0,0.0,0.0,0.0
2023-10-18,1386.0,2023,10,18,2,4,42,0,0,0,0.9749279121818236,-0.22252093395631434,-0.8660254037844386,0.5000000000000001,-0.4853019625310808,-0.8743466161445822,0.0,0.0,5360.0,617.7142857142862,1343.7857142857138,1159.66,608.1451894314911,2350.930361778956,1679.9717133497238,0.0,1386.0,0.0,8559.0,827.1995283881606,1321.2258839897468,0,0,0,0,3.0,3.0,2.0,693.0,231.0,228.6307065990918,0.0,0.0,173.25,231.0,0.0,0.0,0.0,1.0,0,0,693.0,6.0,0.0,0.0,0.0
2023-10-19,0.0,2023,10,19,3,4,42,0,0,0,0.43388373911755823,-0.900968867902419,-0.8660254037844386,0.5000000000000001,-0.651372482722222,-0.7587581226927911,990.0,360.0,1980.0,476.2857142857148,1318.071428571428,1093.66,622.0936998786173,2364.4486254088647,1685.516572530777,0.0,1386.0,0.0,8559.0,620.3996462911205,1235.985504377505,0,0,0,0,0.0,0.0,0.0,0.0,0.0,0.0,0.0,0.0,0.0,0.0,0.0,0.0,0.0,0.0,0,0,0.0,0.0,0.0,0.0,0.0
2023-10-20,5112.0,2023,10,20,4,4,42,0,0,0,-0.433883739117558,-0.9009688679024191,-0.8660254037844386,0.5000000000000001,-0.7907757369376986,-0.6121059825476627,0.0,756.0,916.0,1206.5714285714291,1629.214285714285,1233.5266666666669,1818.9640693851998,2563.0609158273674,1837.5079649714087,0.0,5112.0,0.0,8559.0,1743.2997347183405,1486.0509557079886,0,0,0,0,4.0,3.0,3.0,792.0,198.0,280.0142853498728,0.0,0.0,198.0,198.0,0.0,0.0,1.5,3.0,0,0,792.0,9.0,6.0,0.0,0.0
2023-10-21,3422.0,2023,10,21,5,4,42,1,0,0,-0.9749279121818236,-0.2225209339563146,-0.8660254037844386,0.5000000000000001,-0.8978045395707417,-0.44039415155763423,760.0,360.0,656.0,1586.8571428571433,1847.9285714285709,1325.7266666666667,1981.0838303457062,2577.03062470344,1876.5107329798407,0.0,5112.0,0.0,8559.0,2162.9748010387552,1610.9508940494088,0,0,0,0,3.0,3.0,2.0,1711.0,570.3333333333334,387.53107402288833,0.0,0.0,427.75,570.3333333333334,0.0,0.0,0.0,1.0,10,0,1711.0,6.0,0.0,0.0,0.0
2023-10-22,396.0,2023,10,22,6,4,42,1,0,0,-0.7818314824680299,0.6234898018587334,-0.8660254037844386,0.5000000000000001,-0.9680771188662041,-0.2506525322587213,1188.0,4256.0,396.0,1473.7142857142862,1572.214285714285,1325.7266666666667,2029.6799184671079,2505.058887026928,1876.5107329798407,0.0,5112.0,0.0,8559.0,1721.2311007790663,1532.5669654010599,0,0,0,0,1.0,1.0,1.0,198.0,198.0,0.0,0.0,0.0,99.0,99.0,0.0,0.0,0.0,1.0,10,0,198.0,1.0,0.0,0.0,0.0
2023-10-23,396.0,2023,10,23,0,4,43,0,0,0,0.0,1.0,-0.8660254037844386,0.5000000000000001,-0.9987165071710528,-0.05064916883871355,0.0,8559.0,1188.0,1530.285714285715,989.1428571428567,1299.3266666666668,1986.8247460278535,1503.530555681594,1884.0711389185337,0.0,5112.0,0.0,8559.0,1389.9233255842996,1459.2400644074432,0,0,0,0,1.0,1.0,1.0,198.0,198.0,0.0,0.0,0.0,99.0,99.0,0.0,0.0,0.0,1.0,0,0,198.0,1.0,0.0,0.0,0.0
2023-10-24,1980.0,2023,10,24,1,4,43,0,0,0,0.7818314824680298,0.6234898018587336,-0.8660254037844386,0.5000000000000001,-0.9884683243281114,0.15142777750457667,0.0,198.0,2076.0,1813.1428571428576,1116.4285714285709,1296.1266666666668,1870.1714207144782,1506.8285959532648,1882.7875991206054,0.0,5112.0,0.0,8559.0,1537.4424941882248,1492.8374796069631,0,0,0,0,1.0,1.0,1.0,990.0,990.0,0.0,0.0,0.0,495.0,495.0,0.0,0.0,0.0,1.0,0,0,990.0,1.0,0.0,0.0,0.0
2023-10-25,1188.0,2023,10,25,2,4,43,0,0,0,0.9749279121818236,-0.22252093395631434,-0.8660254037844386,0.5000000000000001,-0.9377521321470804,0.3473052528448203,1386.0,0.0,1416.0,1784.8571428571433,1201.2857142857138,1288.5266666666669,1879.1841694887733,1472.1731936453607,1882.7472051698144,0.0,5112.0,0.0,8559.0,1450.0818706411687,1473.1705454387723,0,0,0,0,1.0,1.0,1.0,594.0,594.0,0.0,0.0,0.0,297.0,297.0,0.0,0.0,0.0,1.0,0,0,594.0,1.0,0.0,0.0,0.0
2023-10-26,1152.0,2023,10,26,3,4,43,0,0,0,0.43388373911755823,-0.900968867902419,-0.8660254037844386,0.5000000000000001,-0.848644257494751,0.5289640103269624,0.0,990.0,1060.0,1949.428571428572,1212.8571428571424,1291.5933333333335,1742.2784753633243,1471.020935747232,1882.437040012024,396.0,5112.0,0.0,8559.0,1375.5614029808767,1452.4498650878838,0,0,0,0,1.0,1.0,1.0,198.0,198.0,0.0,0.0,0.0,99.0,99.0,0.0,0.0,0.0,1.0,0,0,198.0,1.0,0.0,0.0,0.0
2023-10-27,520.0,2023,10,27,4,4,43,0,0,0,-0.433883739117558,-0.9009688679024191,-0.8660254037844386,0.5000000000000001,-0.72479278722912,0.6889669190756865,5112.0,0.0,656.0,1293.428571428572,1249.9999999999995,1287.0600000000002,1098.6553686428226,1444.3643265092003,1884.183422618138,396.0,3422.0,0.0,8559.0,1161.6710522356575,1392.2918092757623,0,0,0,0,1.0,1.0,1.0,130.0,130.0,0.0,0.0,0.0,65.0,65.0,0.0,0.0,0.0,0.0,0,0,130.0,1.0,0.0,0.0,0.0
2023-10-28,2578.0,2023,10,28,5,4,43,1,0,0,-0.9749279121818236,-0.2225209339563146,-0.8660254037844386,0.5000000000000001,-0.5712682150947924,0.8207634412072763,3422.0,760.0,656.0,1172.8571428571433,1379.8571428571424,1351.1266666666668,842.595875567813,1478.2487485661636,1894.6332659298077,396.0,2578.0,0.0,8559.0,1515.7532891767432,1468.7891119031324,0,0,0,0,4.0,4.0,2.0,1289.0,322.25,124.44376239892459,0.0,0.0,257.8,429.6666666666667,0.0,0.0,0.9182958340544894,2.0,10,0,1289.0,8.0,3.673183336217958,0.0,0.0
2023-10-29,1172.0,2023,10,29,6,4,43,1,0,1,-0.7818314824680299,0.6234898018587334,-0.8660254037844386,0.5000000000000001,-0.3943558551133187,0.9189578116202306,396.0,1188.0,598.0,1283.7142857142862,1378.714285714285,1370.26,771.3921860908252,1478.4146617535887,1889.6571958043621,396.0,2578.0,0.0,8559.0,1429.8149668825574,1449.6414272642205,0,0,0,0,1.0,1.0,1.0,586.0,586.0,0.0,0.0,0.0,293.0,293.0,0.0,0.0,0.0,1.0,10,0,586.0,1.0,0.0,0.0,1172.0
2023-10-30,20372.0,2023,10,30,0,4,44,0,0,1,0.0,1.0,-0.8660254037844386,0.5000000000000001,-0.20129852008866114,0.9795299412524943,396.0,0.0,0.0,4137.428571428572,2833.857142857142,2049.326666666667,7189.565282573138,5244.881077439561,3934.4100448902573,520.0,20372.0,0.0,20372.0,6165.361225161918,2670.4387545374966,0,0,0,0,5.0,5.0,2.0,7386.0,1477.2,2532.6793519906937,0.0,0.0,1231.0,2462.0,0.0,0.0,1.5219280948873626,3.0,0,0,7386.0,10.0,7.609640474436813,0.0,20372.0
2023-10-31,2178.0,2023,10,31,1,4,44,0,0,1,0.7818314824680298,0.6234898018587336,-0.8660254037844386,0.5000000000000001,-2.4492935982947064e-16,1.0,1980.0,0.0,2016.8,4165.714285714286,2989.428571428571,2054.7,7180.045907798588,5186.333189840776,3934.474167644527,520.0,20372.0,0.0,20372.0,5168.520918871438,2638.668512309271,0,0,0,0,3.0,3.0,2.0,792.0,264.0,206.08493394714714,0.0,0.0,198.0,264.0,0.0,0.0,0.9182958340544894,2.0,0,0,792.0,6.0,2.7548875021634682,0.0,2178.0
2023-11-01,2376.0,2023,11,1,2,4,44,0,1,0,0.9749279121818236,-0.22252093395631434,-0.5000000000000004,0.8660254037844384,0.20129852008866006,0.9795299412524945,1188.0,1386.0,2362.0,4335.428571428572,3060.1428571428564,2055.1666666666665,7111.645727423503,5169.511059414289,3934.512703327275,520.0,20372.0,0.0,20372.0,4470.390689153579,2621.722156676415,0,0,0,0,1.0,1.0,1.0,1188.0,1188.0,0.0,0.0,0.0,594.0,594.0,0.0,0.0,0.0,1.0,0,0,1188.0,1.0,0.0,0.0,0.0
2023-11-02,5000.0,2023,11,2,3,4,44,0,1,0,0.43388373911755823,-0.900968867902419,-0.5000000000000004,0.8660254037844384,0.39435585511331855,0.9189578116202306,1152.0,0.0,0.0,4885.142857142857,3417.2857142857138,2221.8333333333335,6971.909911173825,5114.254866074321,3950.322187500343,520.0,20372.0,0.0,20372.0,4602.793016865184,2775.15943689084,0,0,0,0,1.0,1.0,1.0,2500.0,2500.0,0.0,0.0,0.0,1250.0,1250.0,0.0,0.0,0.0,1.0,0,0,2500.0,1.0,0.0,0.0,0.0
2023-11-03,1650.0,2023,11,3,4,4,44,0,1,0,-0.433883739117558,-0.9009688679024191,-0.5000000000000004,0.8660254037844384,0.5712682150947923,0.8207634412072763,520.0,5112.0,0.0,5046.571428571428,3169.9999999999995,2276.8333333333335,6866.275430370842,5109.704010696032,3929.753945823156,1172.0,20372.0,0.0,20372.0,3864.594762648888,2702.568505478528,0,0,0,0,2.0,2.0,1.0,526.0,263.0,91.92388155425118,0.0,0.0,175.33333333333334,263.0,0.0,0.0,1.0,2.0,0,0,526.0,2.0,2.0,0.0,0.0
2023-11-04,3792.0,2023,11,4,5,4,44,1,0,0,-0.9749279121818236,-0.2225209339563146,-0.5000000000000004,0.8660254037844384,0.7247927872291199,0.6889669190756866,2578.0,3422.0,360.0,5220.0,3196.428571428571,2391.233333333333,6808.621886990054,5112.063992531422,3921.9755550006944,1172.0,20372.0,0.0,20372.0,3846.4460719866656,2772.854408350881,0,0,0,0,4.0,4.0,2.0,1896.0,474.0,357.20395667834737,100.0,0.0,379.2,632.0,0.0500751126690035,0.0,1.0,2.0,11,0,1896.0,8.0,4.0,0.0500751126690035,0.0
2023-11-05,3412.0,2023,11,5,6,4,44,1,0,0,-0.7818314824680299,0.6234898018587334,-0.5000000000000004,0.8660254037844384,0.8486442574947509,0.5289640103269624,1172.0,396.0,756.0,5540.0,3411.857142857142,2479.766666666667,6637.139845847255,5048.121628687449,3913.75869856264,1650.0,20372.0,0.0,20372.0,3737.834553989999,2814.0896078121145,0,1,0,0,4.0,4.0,2.0,1706.0,426.5,281.2229246226796,0.0,0.0,341.2,568.6666666666666,0.0,0.0,0.9182958340544894,2.0,11,0,1706.0,8.0,3.673183336217958,0.0,0.0
2023-11-06,0.0,2023,11,6,0,4,45,0,0,0,0.0,1.0,-0.5000000000000004,0.8660254037844384,0.9377521321470804,0.3473052528448203,20372.0,396.0,360.0,2629.7142857142862,3383.571428571428,2467.766666666667,1618.8878604653146,5067.392664633603,3921.0273960060395,0.0,5000.0,0.0,20372.0,2803.375915492499,2632.535439566172,0,1,0,0,0.0,0.0,0.0,0.0,0.0,0.0,0.0,0.0,0.0,0.0,0.0,0.0,0.0,0.0,0,0,0.0,0.0,0.0,0.0,0.0
2023-11-07,945.0,2023,11,7,1,4,45,0,0,0,0.7818314824680298,0.6234898018587336,-0.5000000000000004,0.8660254037844384,0.9884683243281114,0.1514277775045767,2178.0,1980.0,4256.0,2453.571428571429,3309.6428571428564,2357.4,1738.8607244537104,5096.908499007293,3915.551818247248,0.0,5000.0,0.0,20372.0,2338.7819366193744,2523.6621854006125,0,1,0,0,1.0,1.0,1.0,203.4,203.4,0.0,22.6,0.0,101.7,101.7,0.09955947136563877,0.0,0.0,0.0,0,0,203.4,1.0,0.0,0.0,0.0
2023-11-09,1314.0,2023,11,9,3,4,45,0,0,0,0.43388373911755823,-0.900968867902419,-0.5000000000000004,0.8660254037844384,0.9680771188662043,-0.2506525322587204,2376.0,1188.0,8559.0,2301.8571428571436,3318.6428571428564,2115.9,1792.2660171387902,5092.983704714119,3739.3250760181245,0.0,5000.0,0.0,20372.0,2082.586452464531,2445.6194637618637,0,1,0,0,1.0,1.0,1.0,99.0,99.0,0.0,0.0,0.0,49.5,49.5,0.0,0.0,0.0,1.0,0,0,99.0,1.0,0.0,0.0,0.0
2023-11-10,5172.0,2023,11,10,4,4,45,0,0,0,-0.433883739117558,-0.9009688679024191,-0.5000000000000004,0.8660254037844384,0.8978045395707416,-0.4403941515576344,5000.0,1152.0,198.0,2326.428571428572,3605.7857142857138,2281.7,1836.0657084413813,5074.722852281941,3761.5602334211258,0.0,5172.0,0.0,20372.0,2854.939839348398,2621.5149822288404,0,1,0,0,4.0,4.0,2.0,594.0,148.5,57.15767664977295,0.0,0.0,118.8,198.0,0.0,0.0,1.5,3.0,0,0,594.0,8.0,6.0,0.0,0.0
2023-11-11,1010.0,2023,11,11,5,4,45,1,0,0,-0.9749279121818236,-0.2225209339563146,-0.5000000000000004,0.8660254037844384,0.7907757369376989,-0.6121059825476626,1650.0,520.0,0.0,2235.0000000000005,3640.7857142857138,2315.366666666667,1890.4910296886894,5053.448452120769,3744.9174244690594,0.0,5172.0,0.0,20372.0,2393.7048795112987,2517.5462736979475,0,1,0,0,3.0,3.0,2.0,505.0,168.33333333333334,51.3841739578767,0.0,0.0,126.25,168.33333333333334,0.0,0.0,1.584962500721156,3.0,11,0,505.0,6.0,4.754887502163468,0.0,0.0
2023-11-12,0.0,2023,11,12,6,4,45,1,0,0,-0.7818314824680299,0.6234898018587334,-0.5000000000000004,0.8660254037844384,0.6513724827222223,-0.7587581226927909,3792.0,2578.0,990.0,1693.285714285715,3456.6428571428564,2282.366666666667,1913.1358824615631,5141.359616754235,3761.325174432026,0.0,5172.0,0.0,20372.0,1795.278659633474,2355.1239334593706,1,0,0,1,0.0,0.0,0.0,0.0,0.0,0.0,0.0,0.0,0.0,0.0,0.0,0.0,0.0,0.0,11,1,0.0,0.0,0.0,0.0,0.0
2023-11-13,8450.0,2023,11,13,0,4,46,0,0,0,0.0,1.0,-0.5000000000000004,0.8660254037844384,0.48530196253108104,-0.8743466161445821,3412.0,1172.0,0.0,2413.0000000000005,3976.4999999999995,2564.0333333333333,3189.404907920399,5259.182632457109,3898.407565990853,0.0,8450.0,0.0,20372.0,3458.9589947251056,2748.341744203927,0,0,1,0,3.0,3.0,2.0,4075.0,1358.3333333333333,1090.6146584992032,0.0,0.0,1018.75,1358.3333333333333,0.0,0.0,0.9182958340544894,2.0,0,0,4075.0,6.0,2.7548875021634682,0.0,0.0
2023-11-15,1966.0,2023,11,15,2,4,46,0,0,0,0.9749279121818236,-0.22252093395631434,-0.5000000000000004,0.8660254037844384,0.10116832198743272,-0.994869323391895,0.0,20372.0,760.0,2693.8571428571436,2661.7857142857138,2604.233333333333,3023.7641237686735,2330.369471484388,3885.3593068953323,0.0,8450.0,0.0,20372.0,3085.719246043829,2697.8680832875452,0,0,1,0,3.0,3.0,1.0,983.0,327.6666666666667,285.51065362492756,50.0,0.0,245.75,491.5,0.048355899419729204,0.0,0.0,1.0,0,0,983.0,3.0,0.0,0.0,0.0
2023-11-16,4124.0,2023,11,16,3,4,46,0,0,0,0.43388373911755823,-0.900968867902419,-0.5000000000000004,0.8660254037844384,-0.10116832198743204,-0.9948693233918952,945.0,2178.0,1188.0,3148.0000000000005,2800.7857142857138,2702.1,2955.2773135528323,2357.1758257767756,3885.4331347775887,0.0,8450.0,0.0,20372.0,3345.289434532872,2789.8765940431877,0,0,1,0,2.0,2.0,2.0,298.0,149.0,69.29646455628166,0.0,0.0,99.33333333333333,99.33333333333333,0.0,0.0,1.0,2.0,0,0,298.0,4.0,2.0,0.0,0.0
2023-11-17,396.0,2023,11,17,4,4,46,0,0,0,-0.433883739117558,-0.9009688679024191,-0.5000000000000004,0.8660254037844384,-0.2993631229733582,-0.9541392564000488,1314.0,2376.0,0.0,3016.8571428571436,2659.357142857142,2715.3,3068.4291001841957,2442.4788041641755,3876.5993553717904,0.0,8450.0,0.0,20372.0,2607.967075899654,2635.432942814595,0,0,1,0,1.0,1.0,1.0,198.0,198.0,0.0,0.0,0.0,99.0,99.0,0.0,0.0,0.0,1.0,0,0,198.0,1.0,0.0,0.0,0.0
2023-11-18,1172.0,2023,11,18,5,4,46,1,0,0,-0.9749279121818236,-0.2225209339563146,-0.5000000000000004,0.8660254037844384,-0.4853019625310808,-0.8743466161445822,5172.0,5000.0,0.0,2445.428571428572,2385.928571428571,2754.366666666667,2971.1020882910907,2373.5898312078357,3854.132528932383,0.0,8450.0,0.0,20372.0,2248.9753069247404,2541.0179142459115,0,0,1,0,1.0,1.0,1.0,586.0,586.0,0.0,0.0,0.0,293.0,293.0,0.0,0.0,0.0,1.0,11,0,586.0,1.0,0.0,0.0,0.0
2023-11-19,1447.6,2023,11,19,6,4,46,1,0,0,-0.7818314824680299,0.6234898018587334,-0.5000000000000004,0.8660254037844384,-0.651372482722222,-0.7587581226927911,1010.0,1650.0,1386.0,2507.9428571428575,2371.471428571428,2756.4199999999996,2940.309964871709,2379.027216331081,3853.394715939129,0.0,8450.0,0.0,20372.0,2048.6314801935555,2470.47482300424,0,0,1,0,4.0,4.0,3.0,723.8,180.95,161.41006783964872,45.2,0.0,144.76,180.95,0.058701298701298706,0.0,0.0,1.0,11,0,723.8,12.0,0.0,0.058701298701298706,0.0
2023-11-21,2268.0,2023,11,21,1,4,47,0,0,0,0.7818314824680298,0.6234898018587336,-0.5000000000000004,0.8660254037844384,-0.8978045395707417,-0.44039415155763423,0.0,3792.0,0.0,2831.9428571428575,2262.614285714285,2832.0199999999995,2735.7357126600996,2343.6316834077375,3819.5509591104287,396.0,8450.0,0.0,20372.0,2103.4736101451667,2457.411931197515,0,0,0,0,3.0,3.0,3.0,1134.0,378.0,320.4684071792413,0.0,0.0,283.5,283.5,0.0,0.0,1.0,2.0,0,0,1134.0,9.0,3.0,0.0,0.0
2023-11-22,396.0,2023,11,22,2,4,47,0,0,0,0.9749279121818236,-0.22252093395631434,-0.5000000000000004,0.8660254037844384,-0.9680771188662041,-0.2506525322587213,8450.0,3412.0,5112.0,1681.371428571429,2047.1857142857136,2674.8199999999997,1291.6429198431867,2368.338461342168,3819.5262650283476,396.0,4124.0,0.0,20372.0,1676.605207608875,2324.41761305574,0,0,0,0,1.0,1.0,1.0,198.0,198.0,0.0,0.0,0.0,99.0,99.0,0.0,0.0,0.0,1.0,0,0,198.0,1.0,0.0,0.0,0.0
2023-11-23,396.0,2023,11,23,3,4,47,0,0,0,0.43388373911755823,-0.900968867902419,-0.5000000000000004,0.8660254037844384,-0.9987165071710528,-0.05064916883871355,1966.0,0.0,3422.0,1457.0857142857149,2075.471428571428,2573.953333333333,1368.0330349673545,2344.2498496496655,3839.020016361338,396.0,4124.0,0.0,20372.0,1356.4539057066563,2200.003573503757,0,0,0,0,1.0,1.0,1.0,198.0,198.0,0.0,0.0,0.0,99.0,99.0,0.0,0.0,0.0,1.0,0,0,198.0,1.0,0.0,0.0,0.0
2023-11-24,400.0,2023,11,24,4,4,47,0,0,0,-0.433883739117558,-0.9009688679024191,-0.5000000000000004,0.8660254037844384,-0.9884683243281114,0.15142777750457667,4124.0,945.0,396.0,925.0857142857149,2036.5428571428565,2574.0866666666666,736.3102503442436,2368.862408484235,3838.941833975047,396.0,2268.0,0.0,20372.0,1117.3404292799923,2083.8743106970633,0,0,0,0,1.0,1.0,1.0,200.0,200.0,0.0,0.0,0.0,100.0,100.0,0.0,0.0,0.0,0.0,0,0,200.0,1.0,0.0,0.0,0.0
2023-11-25,198.0,2023,11,25,5,4,47,1,0,0,-0.9749279121818236,-0.2225209339563146,-0.5000000000000004,0.8660254037844384,-0.9377521321470804,0.3473052528448203,396.0,1314.0,396.0,896.8000000000005,1956.8285714285707,2567.486666666666,763.3302125118801,2413.405333493801,3842.983652529531,198.0,2268.0,0.0,20372.0,887.5053219599943,1962.205000329511,0,0,0,0,1.0,1.0,1.0,99.0,99.0,0.0,0.0,0.0,49.5,49.5,0.0,0.0,0.0,1.0,11,0,99.0,1.0,0.0,0.0,0.0
2023-11-26,396.0,2023,11,26,6,4,47,1,0,0,-0.7818314824680299,0.6234898018587334,-0.5000000000000004,0.8660254037844384,-0.848644257494751,0.5289640103269624,1172.0,5172.0,1980.0,785.9428571428577,1615.6857142857136,2514.6866666666665,772.9897085498038,2256.4163073528734,3862.1673199645716,198.0,2268.0,0.0,20372.0,764.6289914699958,1861.1595164372845,0,0,0,0,1.0,1.0,1.0,198.0,198.0,0.0,0.0,0.0,99.0,99.0,0.0,0.0,0.0,1.0,11,0,198.0,1.0,0.0,0.0,0.0
2023-11-27,5998.0,2023,11,27,0,4,48,0,0,0,0.0,1.0,-0.5000000000000004,0.8660254037844384,-0.72479278722912,0.6889669190756865,1447.6,1010.0,1188.0,1436.0000000000005,1971.9714285714279,2675.0199999999995,2135.213026062447,2530.5678801494373,3904.7977860487285,198.0,5998.0,0.0,20372.0,2072.9717436024966,2128.0524508606854,0,0,0,0,2.0,2.0,2.0,2999.0,1499.5,1839.18473786621,0.0,0.0,999.6666666666666,999.6666666666666,0.0,0.0,1.0,2.0,0,0,2999.0,4.0,2.0,0.0,0.0
2023-11-28,2694.0,2023,11,28,1,4,48,0,0,1,0.7818314824680298,0.6234898018587336,-0.5000000000000004,0.8660254037844384,-0.5712682150947924,0.8207634412072763,2268.0,0.0,1152.0,1496.8571428571433,2164.399999999999,2726.4199999999996,2168.6871165578254,2470.8035242375454,3894.193016610849,198.0,5998.0,0.0,20372.0,2228.2288077018725,2164.565195966448,0,0,0,0,3.0,3.0,2.0,1347.0,449.0,327.7056606163525,0.0,0.0,336.75,449.0,0.0,0.0,1.584962500721156,3.0,0,0,1347.0,6.0,4.754887502163468,0.0,2694.0
2023-11-29,5396.0,2023,11,29,2,4,48,0,0,1,0.9749279121818236,-0.22252093395631434,-0.5000000000000004,0.8660254037844384,-0.3943558551133187,0.9189578116202306,396.0,8450.0,520.0,2211.142857142858,1946.2571428571423,2888.953333333333,2537.689988196065,1953.9225564191581,3900.6776329719723,198.0,5998.0,0.0,20372.0,3020.1716057764042,2373.044860742806,0,0,0,0,2.0,2.0,2.0,2698.0,1349.0,1627.7598102914324,0.0,0.0,899.3333333333334,899.3333333333334,0.0,0.0,0.0,1.0,0,0,2698.0,4.0,0.0,0.0,5396.0
2023-11-30,3992.0,2023,11,30,3,4,48,0,0,1,0.43388373911755823,-0.900968867902419,-0.5000000000000004,0.8660254037844384,-0.20129852008866114,0.9795299412524943,396.0,1966.0,2578.0,2724.8571428571436,2090.971428571428,2936.0866666666666,2472.131834980462,2029.0781641040878,3905.330871825945,198.0,5998.0,0.0,20372.0,3263.128704332303,2477.4935794045605,0,0,0,0,4.0,4.0,1.0,1996.0,499.0,582.1391586210294,0.0,0.0,399.2,998.0,0.0,0.0,0.9182958340544894,2.0,0,0,1996.0,4.0,3.673183336217958,0.0,3992.0
2023-12-01,1874.0,2023,12,1,4,4,48,0,1,0,-0.433883739117558,-0.9009688679024191,-2.4492935982947064e-16,1.0,0.20129852008866006,0.9795299412524945,400.0,4124.0,1172.0,2935.428571428572,1930.2571428571423,2959.486666666666,2297.724588743032,1942.9422738621188,3896.4894317244393,198.0,5998.0,0.0,20372.0,2915.8465282492275,2438.5585097655567,0,0,0,0,4.0,4.0,3.0,777.0,194.25,9.535023160258536,50.0,0.0,155.4,194.25,0.06038647342995169,0.0,1.584962500721156,3.0,0,0,777.0,12.0,6.339850002884624,0.0,0.0
2023-12-02,396.0,2023,12,2,5,4,48,1,1,0,-0.9749279121818236,-0.2225209339563146,-2.4492935982947064e-16,1.0,0.39435585511331855,0.9189578116202306,198.0,396.0,20372.0,2963.7142857142862,1930.2571428571423,2293.62,2259.3070998491157,1942.9422738621188,2120.2696447581325,396.0,5998.0,0.0,8450.0,2285.8848961869207,2306.7805413935853,0,0,0,0,1.0,1.0,1.0,198.0,198.0,0.0,0.0,0.0,99.0,99.0,0.0,0.0,0.0,1.0,12,0,198.0,1.0,0.0,0.0,0.0
2023-12-03,6384.0,2023,12,3,6,4,48,1,1,0,-0.7818314824680299,0.6234898018587334,-2.4492935982947064e-16,1.0,0.5712682150947923,0.8207634412072763,396.0,1172.0,2178.0,3819.142857142858,2302.5428571428565,2433.8199999999997,2258.6759711957743,2259.9496120027243,2247.595780537433,396.0,6384.0,0.0,8450.0,3310.4136721401906,2569.82695807787,0,0,0,0,6.0,6.0,3.0,1757.0,292.8333333333333,292.5142161787469,0.0,0.0,251.0,439.25,0.0,0.0,1.7924812503605778,4.0,12,0,1757.0,18.0,10.754887502163466,0.0,0.0
2023-12-04,12360.0,2023,12,4,0,4,49,0,0,0,0.0,1.0,-2.4492935982947064e-16,1.0,0.7247927872291199,0.6889669190756866,5998.0,1447.6,2376.0,4728.0,3081.9999999999995,2766.62,3937.5621899850685,3489.6727640281756,2886.962059328112,396.0,12360.0,0.0,12360.0,5572.810254105143,3201.451025298653,0,0,0,0,2.0,2.0,2.0,6180.0,3090.0,4115.361466505707,0.0,0.0,2060.0,2060.0,0.0,0.0,1.0,2.0,0,0,6180.0,4.0,2.0,0.0,0.0
2023-12-05,2174.0,2023,12,5,1,4,49,0,0,0,0.7818314824680298,0.6234898018587336,-2.4492935982947064e-16,1.0,0.8486442574947509,0.5289640103269624,2694.0,2268.0,5000.0,4653.714285714286,3075.2857142857138,2672.4199999999996,3986.9267075566595,3491.449388887784,2857.530589741842,396.0,12360.0,0.0,12360.0,4723.107690578858,3135.163862376159,0,0,0,0,2.0,2.0,1.0,947.0,473.5,388.2016228714146,0.0,0.0,315.6666666666667,473.5,0.0,0.0,0.0,1.0,0,0,947.0,2.0,0.0,0.0,0.0
2023-12-08,13294.0,2023,12,8,4,4,49,0,0,0,-0.433883739117558,-0.9009688679024191,-2.4492935982947064e-16,1.0,0.9987165071710528,-0.05064916883871264,5396.0,396.0,1650.0,5782.0,3996.571428571428,3060.553333333333,5173.1011975409865,4330.869973258809,3444.3964767113584,396.0,13294.0,0.0,13294.0,6865.830767934143,3790.572645448665,0,0,0,0,7.0,7.0,4.0,3085.0,440.7142857142857,553.4894501511039,100.0,0.0,385.625,617.0,0.031387319522912745,0.0,1.370950594454669,3.0,0,0,3085.0,28.0,9.596654161182682,0.0,0.0
2023-12-09,6356.0,2023,12,9,5,4,49,1,0,0,-0.9749279121818236,-0.2225209339563146,-2.4492935982947064e-16,1.0,0.9680771188662043,-0.2506525322587204,3992.0,396.0,3792.0,6119.714285714285,4422.285714285714,3146.0199999999995,5113.590966378573,4241.726633714727,3494.6163695920472,396.0,13294.0,0.0,13294.0,6738.373075950607,3956.0840876777834,0,0,0,0,3.0,3.0,2.0,2348.0,782.6666666666666,1043.8492866948434,0.0,0.0,587.0,782.6666666666666,0.0,0.0,1.0,2.0,12,0,2348.0,6.0,3.0,0.0,0.0
2023-12-10,396.0,2023,12,10,6,4,49,1,0,0,-0.7818314824680299,0.6234898018587334,-2.4492935982947064e-16,1.0,0.8978045395707416,-0.4403941515576344,1874.0,400.0,3412.0,5908.571428571428,4421.999999999999,3045.486666666666,5343.463635044932,4242.018532582014,3529.9048519689636,396.0,13294.0,0.0,13294.0,5152.779806962955,3726.401243311475,0,0,0,0,1.0,1.0,1.0,198.0,198.0,0.0,0.0,0.0,99.0,99.0,0.0,0.0,0.0,1.0,12,0,198.0,1.0,0.0,0.0,0.0
2023-12-12,1588.0,2023,12,12,1,4,50,0,0,0,0.7818314824680298,0.6234898018587336,-2.4492935982947064e-16,1.0,0.6513724827222223,-0.7587581226927909,396.0,198.0,0.0,6078.857142857143,4521.285714285714,3098.4199999999996,5154.1493778822305,4150.836327751342,3494.388801907504,396.0,13294.0,0.0,13294.0,4261.584855222216,3588.439872775251,0,0,0,0,4.0,3.0,4.0,794.0,198.5,0.5773502691896257,0.0,0.0,198.5,158.8,0.0,0.0,1.5,3.0,0,0,794.0,12.0,6.0,0.0,0.0
2023-12-13,398.0,2023,12,13,2,4,50,0,0,0,0.9749279121818236,-0.22252093395631434,-2.4492935982947064e-16,1.0,0.48530196253108104,-0.8743466161445821,6384.0,396.0,945.0,5223.714285714285,4521.428571428571,3080.1866666666665,5574.520538853117,4150.683460204261,3507.4153796397345,396.0,13294.0,0.0,13294.0,3295.688641416662,3382.605042273622,0,0,0,0,1.0,1.0,1.0,199.0,199.0,0.0,0.0,0.0,99.5,99.5,0.0,0.0,0.0,1.0,0,0,199.0,1.0,0.0,0.0,0.0
2023-12-14,796.0,2023,12,14,3,4,50,0,0,0,0.43388373911755823,-0.900968867902419,-2.4492935982947064e-16,1.0,0.29936312297335804,-0.9541392564000488,12360.0,5998.0,1314.0,3571.7142857142862,4149.857142857142,3062.9199999999996,4761.407835024072,4240.209462481107,3517.670006518325,396.0,13294.0,0.0,13294.0,2670.7664810624965,3215.727297610808,0,0,0,0,1.0,1.0,1.0,199.0,199.0,0.0,0.0,0.0,99.5,99.5,0.0,0.0,0.0,1.0,0,0,199.0,1.0,0.0,0.0,0.0
2023-12-15,1586.0,2023,12,15,4,4,50,0,0,0,-0.433883739117558,-0.9009688679024191,-2.4492935982947064e-16,1.0,0.10116832198743272,-0.994869323391895,2174.0,2694.0,5172.0,3487.7142857142862,4070.7142857142853,2943.3866666666663,4795.242284955852,4279.630149882143,3504.433121921861,396.0,13294.0,0.0,13294.0,2399.5748607968726,3110.583600990756,0,0,0,0,4.0,4.0,4.0,793.0,198.25,0.5000000000000023,0.0,0.0,158.6,158.6,0.0,0.0,1.5,3.0,0,0,793.0,16.0,6.0,0.0,0.0
2023-12-16,396.0,2023,12,16,5,4,50,1,0,0,-0.9749279121818236,-0.2225209339563146,-2.4492935982947064e-16,1.0,-0.10116832198743204,-0.9948693233918952,13294.0,5396.0,1010.0,1645.1428571428576,3713.571428571428,2922.9199999999996,2144.6080783033303,4368.237396942157,3517.881033294589,396.0,6356.0,0.0,13294.0,1898.6811455976544,2935.449175120385,0,0,0,0,1.0,1.0,1.0,198.0,198.0,0.0,0.0,0.0,99.0,99.0,0.0,0.0,0.0,1.0,12,0,198.0,1.0,0.0,0.0,0.0
2023-12-17,792.0,2023,12,17,6,4,50,1,0,0,-0.7818314824680299,0.6234898018587334,-2.4492935982947064e-16,1.0,-0.2993631229733582,-0.9541392564000488,6356.0,3992.0,0.0,850.2857142857148,3484.9999999999995,2949.3199999999997,533.722060716392,4435.747287661915,3498.1057528620986,396.0,1588.0,198.0,13294.0,1622.0108591982407,2797.162131564231,0,0,0,0,2.0,2.0,2.0,396.0,198.0,0.0,0.0,0.0,132.0,132.0,0.0,0.0,0.0,1.0,12,0,396.0,4.0,0.0,0.0,0.0
2023-12-18,956.0,2023,12,18,0,4,51,0,0,0,0.0,1.0,-2.4492935982947064e-16,1.0,-0.4853019625310808,-0.8743466161445822,396.0,1874.0,8450.0,930.2857142857148,3419.428571428571,2699.5199999999995,494.8325354050095,4468.061250773022,3356.4627051868697,396.0,1588.0,198.0,13294.0,1455.5081443986805,2678.3774779149257,0,1,0,0,3.0,3.0,3.0,478.0,159.33333333333334,53.10681061157159,0.0,0.0,119.5,119.5,0.0,0.0,1.584962500721156,3.0,0,0,478.0,9.0,4.754887502163468,0.0,0.0
2023-12-19,2096.0,2023,12,19,1,4,51,0,0,0,0.7818314824680298,0.6234898018587336,-2.4492935982947064e-16,1.0,-0.651372482722222,-0.7587581226927911,1588.0,396.0,1966.0,1002.8571428571433,3540.857142857142,2703.853333333333,626.9756583716678,4402.187757802374,3355.56684308878,396.0,2096.0,198.0,13294.0,1615.6311082990105,2640.8047374042853,0,1,0,0,2.0,2.0,2.0,1048.0,524.0,461.033621333629,0.0,0.0,349.3333333333333,349.3333333333333,0.0,0.0,0.0,1.0,0,0,1048.0,4.0,0.0,0.0,0.0
2023-12-20,796.0,2023,12,20,2,4,51,0,0,0,0.9749279121818236,-0.22252093395631434,-2.4492935982947064e-16,1.0,-0.7907757369376986,-0.6121059825476627,398.0,6384.0,4124.0,1059.7142857142862,3141.7142857142853,2592.9199999999996,579.2091488360201,4377.835001082537,3362.0033947756174,396.0,2096.0,198.0,13294.0,1410.723331224258,2521.7850769265897,0,1,0,0,1.0,1.0,1.0,199.0,199.0,0.0,0.0,0.0,99.5,99.5,0.0,0.0,0.0,1.0,0,0,199.0,1.0,0.0,0.0,0.0
2023-12-21,1194.0,2023,12,21,3,4,51,0,0,0,0.43388373911755823,-0.900968867902419,-2.4492935982947064e-16,1.0,-0.8978045395707417,-0.44039415155763423,796.0,12360.0,396.0,1116.5714285714291,2344.1428571428564,2619.5199999999995,568.4419809570657,3497.9315614790494,3347.146138222935,396.0,2096.0,198.0,13294.0,1356.5424984181934,2436.121523576487,0,1,0,0,2.0,2.0,1.0,398.0,199.0,0.0,0.0,0.0,132.66666666666666,199.0,0.0,0.0,0.0,1.0,0,0,398.0,2.0,0.0,0.0,0.0
2023-12-22,2328.0,2023,12,22,4,4,51,0,0,0,-0.433883739117558,-0.9009688679024191,-2.4492935982947064e-16,1.0,-0.9680771188662041,-0.2506525322587213,1586.0,2174.0,1172.0,1222.5714285714291,2355.1428571428564,2658.053333333333,719.6413127716638,3497.5974799665246,3336.544547854278,396.0,2328.0,198.0,13294.0,1599.406873813645,2429.145941410262,0,1,0,0,2.0,2.0,1.0,667.0,333.5,190.21172413918129,0.0,0.0,222.33333333333334,333.5,0.0,0.0,1.0,2.0,0,0,667.0,2.0,2.0,0.0,0.0
2023-12-23,2252.0,2023,12,23,5,4,51,1,0,0,-0.9749279121818236,-0.2225209339563146,-2.4492935982947064e-16,1.0,-0.9987165071710528,-0.05064916883871355,396.0,13294.0,1447.6,1487.7142857142862,1566.4285714285709,2684.866666666667,706.1278718678859,1536.0915795158185,3329.7067773286767,792.0,2328.0,198.0,13294.0,1762.5551553602338,2417.717170996697,0,1,0,0,3.0,3.0,1.0,927.0,309.0,191.39226734641085,0.0,0.0,231.75,463.5,0.0,0.0,1.0,2.0,12,0,927.0,3.0,3.0,0.0,0.0
2023-12-24,990.0,2023,12,24,6,4,51,1,0,0,-0.7818314824680299,0.6234898018587334,-2.4492935982947064e-16,1.0,-0.9884683243281114,0.15142777750457667,792.0,6356.0,2268.0,1516.0000000000005,1183.1428571428567,2642.266666666667,676.9785816405844,679.9360668071083,3343.3713207637834,796.0,2328.0,198.0,13294.0,1569.4163665201754,2325.6063857711038,0,1,0,0,1.0,1.0,1.0,495.0,495.0,0.0,0.0,0.0,247.5,247.5,0.0,0.0,0.0,1.0,12,0,495.0,1.0,0.0,0.0,0.0
2023-12-25,1052.0,2023,12,25,0,4,52,0,0,0,0.0,1.0,-2.4492935982947064e-16,1.0,-0.9377521321470804,0.3473052528448203,956.0,396.0,396.0,1529.7142857142862,1229.9999999999995,2664.133333333333,664.6025665227817,643.125541040415,3330.2930981432023,796.0,2328.0,198.0,13294.0,1440.0622748901314,2243.4382318503876,1,1,0,1,2.0,2.0,2.0,526.0,263.0,91.92388155425118,0.0,0.0,175.33333333333334,175.33333333333334,0.0,0.0,1.0,2.0,0,0,526.0,4.0,2.0,0.0,0.0
2023-12-26,1044.0,2023,12,26,1,4,52,0,0,0,0.7818314824680298,0.6234898018587336,-2.4492935982947064e-16,1.0,-0.848644257494751,0.5289640103269624,2096.0,1588.0,396.0,1379.428571428572,1191.1428571428567,2685.733333333333,633.4189917011644,636.2286547295449,3317.150407049479,796.0,2328.0,198.0,13294.0,1341.0467061675986,2166.0551201181047,0,1,1,0,1.0,1.0,1.0,162.0,162.0,0.0,18.0,0.0,81.0,81.0,0.09944751381215469,0.0,0.0,0.0,0,0,162.0,1.0,0.0,0.0,0.0
2023-12-27,2656.0,2023,12,27,2,4,52,0,0,0,0.9749279121818236,-0.22252093395631434,-2.4492935982947064e-16,1.0,-0.72479278722912,0.6889669190756865,796.0,398.0,400.0,1645.1428571428576,1352.4285714285709,2760.9333333333334,730.5631226598906,702.4559897833324,3288.9982431856324,990.0,2656.0,198.0,13294.0,1669.7850296256988,2197.6644672072593,0,1,1,0,3.0,3.0,3.0,706.0,235.33333333333334,80.7547728207648,0.0,0.0,176.5,176.5,0.0,0.0,1.584962500721156,3.0,0,0,706.0,9.0,4.754887502163468,0.0,0.0
2023-12-28,1090.0,2023,12,28,3,4,52,0,0,0,0.43388373911755823,-0.900968867902419,-2.4492935982947064e-16,1.0,-0.5712682150947924,0.8207634412072763,1194.0,796.0,198.0,1630.285714285715,1373.4285714285709,2790.6666666666665,742.2312564796316,688.803836570898,3269.000915953644,990.0,2656.0,396.0,13294.0,1524.8387722192742,2126.2022435164686,0,1,1,0,2.0,2.0,2.0,239.0,119.5,27.577164466275352,0.0,0.0,79.66666666666667,79.66666666666667,0.0,0.0,0.0,1.0,0,0,239.0,4.0,0.0,0.0,0.0
2023-12-29,792.0,2023,12,29,4,4,52,0,0,1,-0.433883739117558,-0.9009688679024191,-2.4492935982947064e-16,1.0,-0.3943558551133187,0.9189578116202306,2328.0,1586.0,396.0,1410.8571428571433,1316.714285714285,2803.866666666667,728.5051883987577,702.5065484032974,3259.7845045481104,792.0,2656.0,396.0,13294.0,1341.6290791644556,2040.124679418632,0,1,1,0,1.0,1.0,1.0,198.0,198.0,0.0,0.0,0.0,99.0,99.0,0.0,0.0,0.0,1.0,0,0,198.0,1.0,0.0,0.0,792.0
2023-12-30,11092.0,2023,12,30,5,4,52,1,0,1,-0.9749279121818236,-0.2225209339563146,-2.4492935982947064e-16,1.0,-0.20129852008866114,0.9795299412524943,2252.0,396.0,5998.0,2673.7142857142862,2080.7142857142853,2973.6666666666665,3764.697142059191,2673.9836725976347,3551.5191536651737,792.0,11092.0,396.0,13294.0,3779.221809373342,2624.116635585172,0,1,1,0,4.0,4.0,3.0,5038.0,1259.5,2200.563791395287,0.0,0.0,1007.6,1259.5,0.0,0.0,1.5,3.0,12,0,5038.0,12.0,6.0,0.0,11092.0
2023-12-31,2776.0,2023,12,31,6,4,52,1,0,1,-0.7818314824680299,0.6234898018587334,-2.4492935982947064e-16,1.0,-2.4492935982947064e-16,1.0,990.0,792.0,2694.0,2928.8571428571436,2222.428571428571,2976.4,3691.3762306476615,2652.9218932016497,3551.328042995399,792.0,11092.0,396.0,13294.0,3528.416357030006,2633.9155623216125,0,1,1,0,2.0,2.0,1.0,1189.0,594.5,559.3214639185591,0.0,0.0,396.3333333333333,594.5,0.0,0.0,1.0,2.0,12,0,1189.0,2.0,2.0,0.0,2776.0
2024-01-03,1078.0,2024,1,3,2,1,1,0,1,0,0.9749279121818236,-0.22252093395631434,0.49999999999999994,0.8660254037844387,0.5712682150947923,0.8207634412072763,1052.0,956.0,5396.0,2932.571428571429,2231.1428571428564,2832.4666666666667,3689.1854049886156,2648.638862543529,3537.3570372801523,792.0,11092.0,396.0,13294.0,2915.8122677725046,2533.533913139573,0,0,1,0,3.0,3.0,2.0,459.0,153.0,63.92964883369844,0.0,0.0,114.75,153.0,0.0,0.0,1.584962500721156,3.0,0,0,459.0,6.0,4.754887502163468,0.0,0.0
2024-01-04,2574.0,2024,1,4,3,1,1,0,0,0,0.43388373911755823,-0.900968867902419,0.49999999999999994,0.8660254037844387,0.7247927872291199,0.6889669190756866,1044.0,2096.0,3992.0,3151.142857142858,2265.2857142857138,2785.2,3602.961533172935,2649.8433750106747,3530.796592740845,792.0,11092.0,396.0,13294.0,2830.3592008293786,2536.144628420891,0,0,1,0,2.0,2.0,1.0,1089.0,544.5,630.0321420372138,0.0,0.0,363.0,544.5,0.0,0.0,0.0,1.0,0,0,1089.0,2.0,0.0,0.0,0.0
2024-01-05,7716.0,2024,1,5,4,1,1,0,0,0,-0.433883739117558,-0.9009688679024191,0.49999999999999994,0.8660254037844387,0.8486442574947509,0.5289640103269624,2656.0,796.0,1874.0,3874.0000000000005,2759.571428571428,2979.9333333333334,3975.405388133396,2979.580990528857,3638.273955423459,792.0,11092.0,396.0,13294.0,4051.769400622034,2870.328845942124,0,0,1,0,8.0,8.0,4.0,3435.0,429.375,408.22855555611073,0.0,0.0,381.6666666666667,687.0,0.0,0.0,2.1556390622295667,5.0,0,0,3435.0,32.0,17.245112497836534,0.0,0.0
2024-01-06,40820.0,2024,1,6,5,1,1,1,0,0,-0.9749279121818236,-0.2225209339563146,0.49999999999999994,0.8660254037844387,0.9377521321470804,0.3473052528448203,1090.0,1194.0,396.0,9549.714285714286,5590.0,4327.4,14297.920707971087,10558.989549558817,7778.391876172757,792.0,40820.0,396.0,40820.0,13243.827050466525,5318.694726849084,0,0,1,0,6.0,6.0,4.0,18776.0,3129.3333333333335,3370.7294561662266,0.0,0.0,2682.285714285714,3755.2,0.0,0.0,2.584962500721156,6.0,1,0,18776.0,24.0,15.509775004326936,0.0,0.0
2024-01-07,0.0,2024,1,7,6,1,1,1,0,0,-0.7818314824680299,0.6234898018587334,0.49999999999999994,0.8660254037844387,0.9884683243281114,0.1514277775045767,792.0,2328.0,6384.0,9436.57142857143,5423.714285714285,4114.6,14381.6613186973,10632.387845479647,7807.45951263145,0.0,40820.0,0.0,40820.0,9932.870287849893,4975.553131568498,0,0,1,0,0.0,0.0,0.0,0.0,0.0,0.0,0.0,0.0,0.0,0.0,0.0,0.0,0.0,0.0,1,0,0.0,0.0,0.0,0.0,0.0
2024-01-08,466.0,2024,1,8,0,1,2,0,0,0,0.0,1.0,0.49999999999999994,0.8660254037844387,0.9987165071710528,-0.05064916883871264,11092.0,2252.0,12360.0,7918.571428571428,5296.142857142857,3718.133333333333,14734.277121247389,10683.96009739073,7675.187032353622,0.0,40820.0,0.0,40820.0,7566.15271588742,4684.614219854402,0,0,1,0,1.0,1.0,1.0,198.0,198.0,0.0,0.0,0.0,99.0,99.0,0.0,0.0,0.0,1.0,0,0,198.0,1.0,0.0,0.0,0.0
2024-01-09,16728.4,2024,1,9,1,1,2,0,0,0,0.7818314824680298,0.6234898018587336,0.49999999999999994,0.8660254037844387,0.9680771188662043,-0.2506525322587204,2776.0,990.0,2174.0,9911.771428571428,6420.314285714286,4203.280000000001,14865.792100177985,11018.767281245291,8026.181416546125,0.0,40820.0,0.0,40820.0,9856.714536915566,5461.63265728315,0,0,0,0,4.0,4.0,3.0,7586.0,1896.5,2750.787705367319,0.0,0.0,1517.2,1896.5,0.0,0.0,2.0,4.0,0,0,7586.0,12.0,8.0,0.0,0.0
2024-01-10,13152.0,2024,1,10,2,1,2,0,0,0,0.9749279121818236,-0.22252093395631434,0.49999999999999994,0.8660254037844387,0.8978045395707416,-0.4403941515576344,1078.0,1052.0,13294.0,11636.628571428571,7284.599999999999,4198.546666666667,14361.91890030881,11039.826358444927,8020.67540193869,0.0,40820.0,0.0,40820.0,10680.535902686675,5957.785389071334,0,0,0,0,4.0,4.0,3.0,6576.0,1644.0,2904.012396667755,0.0,0.0,1315.2,1644.0,0.0,0.0,2.0,4.0,0,0,6576.0,12.0,8.0,0.0,0.0
2024-01-11,12398.0,2024,1,11,3,1,2,0,0,0,0.43388373911755823,-0.900968867902419,0.49999999999999994,0.8660254037844387,0.7907757369376989,-0.6121059825476626,2574.0,1044.0,6356.0,13040.057142857142,8095.599999999999,4399.946666666668,13797.641432126129,10962.89067550511,8151.507908895237,0.0,40820.0,0.0,40820.0,11109.901927015006,6373.283105905442,0,0,0,0,2.0,2.0,2.0,6199.0,3099.5,4101.926437663162,0.0,0.0,2066.3333333333335,2066.3333333333335,0.0,0.0,0.0,1.0,0,0,6199.0,4.0,0.0,0.0,0.0
2024-01-12,398.0,2024,1,12,4,1,2,0,0,0,-0.433883739117558,-0.9009688679024191,0.49999999999999994,0.8660254037844387,0.6513724827222223,-0.7587581226927909,7716.0,2656.0,396.0,11994.628571428571,7934.314285714286,4400.013333333334,14526.26949469067,11065.206209546219,8151.474041767488,0.0,40820.0,0.0,40820.0,8431.926445261255,5987.780970040576,0,0,0,0,2.0,2.0,1.0,-5049.0,-2524.5,3851.6106371231244,0.0,0.0,-1683.0,-2524.5,-0.0,-0.0,0.0,1.0,0,0,-5049.0,2.0,0.0,-0.0,0.0
2024-01-13,40768.0,2024,1,13,5,1,2,1,0,0,-0.9749279121818236,-0.2225209339563146,0.49999999999999994,0.8660254037844387,0.48530196253108104,-0.8743466161445821,40820.0,1090.0,1588.0,11987.199999999999,10768.457142857142,5706.013333333334,14509.074813600848,13896.478273384133,10488.915820759956,0.0,40768.0,0.0,40820.0,16515.94483394594,8231.666068747636,0,0,0,0,4.0,4.0,2.0,18000.0,4500.0,3000.0,0.0,0.0,3600.0,6000.0,0.0,0.0,0.0,0.0,1,0,18000.0,8.0,0.0,0.0,0.0
2024-01-14,70.0,2024,1,14,6,1,2,1,0,0,-0.7818314824680299,0.6234898018587334,0.49999999999999994,0.8660254037844387,0.29936312297335804,-0.9541392564000488,0.0,792.0,398.0,11997.199999999999,10716.885714285714,5695.080000000001,14499.456907530473,13937.628820452323,10494.808819155338,70.0,40768.0,0.0,40820.0,12404.458625459456,7705.106967538112,0,0,0,0,1.0,1.0,1.0,35.0,35.0,0.0,0.0,0.0,17.5,17.5,0.0,0.0,0.0,0.0,1,0,35.0,1.0,0.0,0.0,0.0
2024-01-15,3600.0,2024,1,15,0,1,3,0,0,0,0.0,1.0,0.49999999999999994,0.8660254037844387,0.10116832198743272,-0.994869323391895,466.0,11092.0,796.0,12444.914285714285,10181.742857142857,5788.546666666667,14127.672381468046,14065.362594889411,10462.108390388137,70.0,40768.0,0.0,40820.0,10203.343969094592,7440.261356729202,0,0,0,0,1.0,1.0,1.0,1800.0,1800.0,0.0,0.0,0.0,900.0,900.0,0.0,0.0,0.0,1.0,0,0,1800.0,1.0,0.0,0.0,0.0
2024-01-16,6982.8,2024,1,16,1,1,3,0,0,0,0.7818314824680298,0.6234898018587336,0.49999999999999994,0.8660254037844387,-0.10116832198743204,-0.9948693233918952,16728.4,2776.0,1586.0,11052.685714285715,10482.22857142857,5968.4400000000005,14115.388183046723,13939.351184736988,10433.714651422586,70.0,40768.0,0.0,40820.0,9398.207976820944,7410.747720811189,0,0,0,0,3.0,3.0,3.0,203.4,67.8,117.4330447531699,22.6,0.0,50.85,50.85,0.09955947136563877,0.0,0.0,0.0,0,0,203.39999999999998,9.0,0.0,0.0,0.0
2024-01-17,10368.0,2024,1,17,2,1,3,0,0,0,0.9749279121818236,-0.22252093395631434,0.49999999999999994,0.8660254037844387,-0.2993631229733582,-0.9541392564000488,13152.0,1078.0,396.0,10654.971428571429,11145.8,6300.84,14085.56908585453,13675.864769282132,10408.880474486095,70.0,40768.0,0.0,40820.0,9640.655982615708,7601.538190436274,0,0,0,0,4.0,4.0,2.0,978.0,244.5,369.0,0.0,0.0,195.6,326.0,0.0,0.0,0.0,1.0,0,0,978.0,8.0,0.0,0.0,0.0
2024-01-18,10026.0,2024,1,18,3,1,3,0,0,0,0.43388373911755823,-0.900968867902419,0.49999999999999994,0.8660254037844387,-0.4853019625310808,-0.8743466161445822,12398.0,2574.0,792.0,10316.114285714286,11678.085714285713,6608.64,14065.165161659559,13459.889721508298,10376.84136200115,70.0,40768.0,0.0,40820.0,9736.99198696178,7757.95508137587,0,0,0,0,2.0,2.0,2.0,0.0,0.0,0.0,0.0,0.0,0.0,0.0,0.0,0.0,0.0,0.0,0,0,0.0,4.0,0.0,0.0,0.0
2024-01-19,5852.8,2024,1,19,4,1,3,0,0,0,-0.433883739117558,-0.9009688679024191,0.49999999999999994,0.8660254037844387,-0.651372482722222,-0.7587581226927911,398.0,7716.0,956.0,11095.371428571429,11545.0,6771.866666666667,13566.347566154795,13511.192147594922,10323.234473259095,70.0,40768.0,0.0,40820.0,8765.943990221336,7635.041850319362,0,0,0,0,2.0,2.0,1.0,679.0,339.5,16.263455967290593,39.0,0.0,226.33333333333334,339.5,0.054242002781641166,0.0,0.0,1.0,0,0,679.0,2.0,0.0,0.0,0.0
2024-01-20,896.0,2024,1,20,5,1,3,1,0,0,-0.9749279121818236,-0.2225209339563146,0.49999999999999994,0.8660254037844387,-0.7907757369376986,-0.6121059825476627,40768.0,40820.0,2096.0,5399.371428571429,8693.285714285714,6731.866666666667,4097.277488656046,10797.805357846288,10344.280461479526,70.0,10368.0,0.0,40820.0,6798.457992666003,7200.264956750372,0,0,0,0,1.0,1.0,1.0,198.0,198.0,0.0,0.0,0.0,99.0,99.0,0.0,0.0,0.0,1.0,1,0,198.0,1.0,0.0,0.0,0.0
2024-01-21,10228.0,2024,1,21,6,1,3,1,0,0,-0.7818314824680299,0.6234898018587334,0.49999999999999994,0.8660254037844387,-0.8978045395707417,-0.44039415155763423,70.0,0.0,796.0,6850.5142857142855,9423.857142857143,7046.266666666666,3671.939583484707,10506.458284730927,10300.892201242043,896.0,10368.0,0.0,40820.0,7655.843494499502,7395.602701476155,0,0,0,0,3.0,3.0,2.0,4946.0,1648.6666666666667,2521.2935833284732,100.0,0.0,1236.5,1648.6666666666667,0.019813750743015654,0.0,1.0,2.0,1,0,4946.0,6.0,3.0,0.019813750743015654,0.0
2024-01-22,0.0,2024,1,22,0,1,4,0,0,0,0.0,1.0,0.49999999999999994,0.8660254037844387,-0.9680771188662041,-0.2506525322587213,3600.0,466.0,1194.0,6336.228571428571,9390.57142857143,7006.466666666666,4385.793658968416,10537.712573523617,10326.558247124949,0.0,10368.0,0.0,40820.0,5741.882620874627,6918.467043316404,0,0,0,0,0.0,0.0,0.0,0.0,0.0,0.0,0.0,0.0,0.0,0.0,0.0,0.0,0.0,0.0,0,0,0.0,0.0,0.0,0.0,0.0
2024-01-23,1696.0,2024,1,23,1,1,4,0,0,0,0.7818314824680298,0.6234898018587336,0.49999999999999994,0.8660254037844387,-0.9987165071710528,-0.05064916883871355,6982.8,16728.4,2328.0,5580.971428571428,8316.828571428572,6985.4,4699.856189897118,10498.299462545096,10337.070957514494,0.0,10368.0,0.0,40820.0,4730.411965655971,6581.533685683087,0,0,0,0,1.0,1.0,1.0,0.0,0.0,0.0,0.0,0.0,0.0,0.0,0.0,0.0,0.0,0.0,0,0,0.0,1.0,0.0,0.0,0.0
2024-01-24,17522.0,2024,1,24,2,1,4,0,0,0,0.9749279121818236,-0.22252093395631434,0.49999999999999994,0.8660254037844387,-0.9884683243281114,0.15142777750457667,10368.0,13152.0,2252.0,6602.971428571429,8628.971428571429,7494.4,6388.701250831885,10715.833091087407,10471.041310138196,0.0,17522.0,0.0,40820.0,7928.308974241978,7287.370222090631,0,0,0,0,6.0,6.0,5.0,2723.0,453.8333333333333,349.2291034073,0.0,0.0,389.0,453.8333333333333,0.0,0.0,1.9182958340544893,4.0,0,0,2723.0,30.0,11.509775004326936,0.0,0.0
2024-01-25,976.0,2024,1,25,3,1,4,0,0,0,0.43388373911755823,-0.900968867902419,0.49999999999999994,0.8660254037844387,-0.9377521321470804,0.3473052528448203,10026.0,12398.0,990.0,5310.114285714286,7813.114285714286,7493.933333333333,6495.36177781976,10840.883088841701,10471.341497740335,0.0,17522.0,0.0,40820.0,6190.231730681484,6880.185046471881,0,0,0,0,3.0,3.0,1.0,-11213.0,-3737.6666666666665,3764.438913481441,0.0,0.0,-2803.25,-5606.5,-0.0,-0.0,0.0,1.0,0,0,-11213.0,3.0,0.0,-0.0,0.0
2024-01-26,7408.0,2024,1,26,4,1,4,0,0,0,-0.433883739117558,-0.9009688679024191,0.49999999999999994,0.8660254037844387,-0.848644257494751,0.5289640103269624,5852.8,398.0,1052.0,5532.285714285715,8313.828571428572,7705.8,6543.43746854525,10631.925400808246,10400.568693072042,0.0,17522.0,0.0,40820.0,6494.673798011113,6914.237624118857,0,0,0,0,1.0,1.0,1.0,0.0,0.0,0.0,0.0,0.0,0.0,0.0,0.0,0.0,0.0,0.0,0,0,0.0,1.0,0.0,0.0,0.0
2024-01-27,4392.6,2024,1,27,5,1,4,1,0,0,-0.9749279121818236,-0.2225209339563146,0.49999999999999994,0.8660254037844387,-0.72479278722912,0.6889669190756865,896.0,40768.0,1044.0,6031.8,5715.585714285714,7817.42,6257.749596566908,5092.094609347845,10344.425434133342,0.0,17522.0,0.0,40820.0,5969.155348508335,6751.551325788608,0,0,0,0,5.0,5.0,4.0,1376.0,275.2,95.5703929049159,89.0,0.0,229.33333333333334,275.2,0.06070941336971351,0.0,1.0,2.0,1,0,1376.0,20.0,5.0,0.06070941336971351,0.0
2024-01-28,4272.0,2024,1,28,6,1,4,1,0,0,-0.7818314824680299,0.6234898018587334,0.49999999999999994,0.8660254037844387,-0.5712682150947924,0.8207634412072763,10228.0,70.0,2656.0,5180.942857142857,6015.72857142857,7871.286666666667,5991.3503839165605,4851.9041385717865,10320.802039360997,0.0,17522.0,0.0,40820.0,5544.866511381251,6591.580272511924,0,0,0,0,3.0,3.0,3.0,488.0,162.66666666666666,281.7469313645374,0.0,0.0,122.0,122.0,0.0,0.0,0.0,1.0,1,0,488.0,9.0,0.0,0.0,0.0
2024-01-31,21232.0,2024,1,31,2,1,5,0,0,1,0.9749279121818236,-0.22252093395631434,0.49999999999999994,0.8660254037844387,-2.4492935982947064e-16,1.0,0.0,3600.0,1090.0,8214.085714285715,7275.1571428571415,8542.686666666666,7976.76055706587,6260.533192421114,10517.717663222582,976.0,21232.0,0.0,40820.0,9466.649883535938,7536.123480736962,0,0,0,0,6.0,6.0,3.0,6260.0,1043.3333333333333,2429.3016829259113,0.0,0.0,894.2857142857143,1565.0,0.0,0.0,0.0,1.0,0,0,6260.0,18.0,0.0,0.0,21232.0
2024-02-01,3044.0,2024,2,1,3,1,5,0,1,0,0.43388373911755823,-0.900968867902419,0.8660254037844386,0.5000000000000001,0.20129852008866006,0.9795299412524945,1696.0,6982.8,792.0,8406.657142857142,6993.814285714286,8617.753333333334,7807.656632404099,6362.357152195075,10468.413115546551,976.0,21232.0,0.0,40820.0,7860.9874126519535,7246.3090626248995,0,0,0,0,4.0,4.0,3.0,1522.0,380.5,336.5754001706007,0.0,0.0,304.4,380.5,0.0,0.0,1.584962500721156,3.0,0,0,1522.0,12.0,6.339850002884624,0.0,0.0
2024-02-02,10598.0,2024,2,2,4,1,5,0,1,0,-0.433883739117558,-0.9009688679024191,0.8660254037844386,0.5000000000000001,0.39435585511331855,0.9189578116202306,17522.0,10368.0,11092.0,7417.5142857142855,7010.242857142856,8601.286666666667,6838.86802900123,6372.029611297538,10464.774850263744,976.0,21232.0,0.0,40820.0,8545.240559488964,7462.547187616842,0,0,0,0,6.0,6.0,4.0,1505.0,250.83333333333334,171.27103277164727,223.0,0.0,215.0,301.0,0.12897628687102372,0.0,0.0,1.0,0,0,1505.0,24.0,0.0,0.0,0.0
2024-02-03,3152.0,2024,2,3,5,1,5,1,1,0,-0.9749279121818236,-0.2225209339563146,0.8660254037844386,0.5000000000000001,0.5712682150947923,0.8207634412072763,976.0,10026.0,2776.0,7728.371428571429,6519.242857142856,8613.82,6540.206115435572,6386.596605236775,10457.780332872775,3044.0,21232.0,0.0,40820.0,7196.930419616723,7184.447369060917,0,1,0,0,4.0,4.0,2.0,1076.0,269.0,155.35336065456283,100.0,0.0,215.2,358.6666666666667,0.08496176720475786,0.0,1.0,2.0,2,0,1076.0,8.0,4.0,0.08496176720475786,0.0
2024-02-04,11822.0,2024,2,4,6,1,5,1,0,0,-0.7818314824680299,0.6234898018587334,0.8660254037844386,0.5000000000000001,0.7247927872291199,0.6889669190756866,7408.0,5852.8,1078.0,8358.942857142856,6945.614285714285,8971.953333333333,6714.630679061237,6536.1833221933575,10374.447997836609,3044.0,21232.0,0.0,40820.0,8353.197814712543,7483.644312992471,0,1,0,0,6.0,6.0,4.0,1264.0,210.66666666666666,156.63162728729682,0.0,0.0,180.57142857142858,252.8,0.0,0.0,1.5,3.0,2,0,1264.0,24.0,9.0,0.0,0.0
2024-02-05,10976.0,2024,2,5,0,1,6,0,0,0,0.0,1.0,0.8660254037844386,0.5000000000000001,0.8486442574947509,0.5289640103269624,4392.6,896.0,2574.0,9299.42857142857,7665.614285714285,9252.019999999999,6524.864107324189,6371.635326116121,10308.977076563095,3044.0,21232.0,0.0,40820.0,9008.898361034408,7708.957583121989,0,1,0,0,3.0,3.0,2.0,488.0,162.66666666666666,281.7469313645374,0.0,0.0,122.0,162.66666666666666,0.0,0.0,0.0,1.0,0,0,488.0,6.0,0.0,0.0,0.0
2024-02-06,14308.0,2024,2,6,1,1,6,0,0,0,0.7818314824680298,0.6234898018587336,0.8660254037844386,0.5000000000000001,0.9377521321470804,0.3473052528448203,4272.0,10228.0,7716.0,10733.142857142857,7957.0428571428565,9471.753333333332,6335.943797850769,6587.499912913645,10345.297677046927,3044.0,21232.0,0.0,40820.0,10333.673770775806,8134.702255178635,0,1,0,0,6.0,6.0,3.0,2618.0,436.3333333333333,660.4524711640246,0.0,0.0,374.0,654.5,0.0,0.0,2.0,4.0,0,0,2618.0,18.0,12.0,0.0,0.0
2024-02-07,12000.0,2024,2,7,2,1,6,0,0,0,0.9749279121818236,-0.22252093395631434,0.8660254037844386,0.5000000000000001,0.9884683243281114,0.1514277775045767,21232.0,0.0,40820.0,9414.285714285714,8814.185714285713,8511.086666666666,4473.409203813325,6244.272905120842,8509.068966402165,3044.0,14308.0,0.0,40768.0,10750.255328081854,8384.076303231626,0,1,0,0,2.0,1.0,1.0,1435.0,717.5,7470.583143235875,0.0,0.0,717.5,717.5,0.0,0.0,0.0,0.0,0,0,1435.0,1.0,0.0,0.0,0.0
2024-02-08,14830.2,2024,2,8,3,1,6,0,0,0,0.43388373911755823,-0.900968867902419,0.8660254037844386,0.5000000000000001,0.9987165071710528,-0.05064916883871264,3044.0,1696.0,0.0,11098.028571428571,9752.342857142856,9005.426666666666,3850.8656350290166,6076.969069643724,8427.960078745002,3152.0,14830.2,0.0,40768.0,11770.24149606139,8799.95525141023,0,1,0,0,6.0,6.0,5.0,6845.1,1140.8500000000001,2382.1834721532264,29.9,0.0,977.8714285714286,1140.8500000000001,0.004348458406050029,0.0,0.9182958340544894,2.0,0,0,6845.1,30.0,5.5097750043269365,0.0,0.0
2024-02-09,776.0,2024,2,9,4,1,6,0,0,0,-0.433883739117558,-0.9009688679024191,0.8660254037844386,0.5000000000000001,0.9680771188662043,-0.2506525322587204,10598.0,17522.0,466.0,9694.885714285714,8556.199999999999,9015.76,5499.811708118903,6078.0863678780115,8417.312360212089,776.0,14830.2,0.0,40768.0,9021.681122046042,8282.280719061184,0,1,0,0,1.0,1.0,1.0,0.0,0.0,0.0,0.0,0.0,0.0,0.0,0.0,0.0,0.0,0.0,0,0,0.0,1.0,0.0,0.0,0.0
2024-02-13,976.0,2024,2,13,1,1,7,0,0,0,0.7818314824680298,0.6234898018587336,0.8660254037844386,0.5000000000000001,0.48530196253108104,-0.8743466161445821,3152.0,976.0,16728.4,9384.028571428571,8556.199999999999,8490.68,5972.447326882074,6078.0863678780115,8410.92255509834,776.0,14830.2,0.0,40768.0,7010.260841534531,7810.907769444334,0,0,1,0,1.0,1.0,1.0,488.0,488.0,0.0,0.0,0.0,244.0,244.0,0.0,0.0,0.0,1.0,0,0,488.0,1.0,0.0,0.0,0.0
2024-02-14,160.0,2024,2,14,2,1,7,0,0,0,0.9749279121818236,-0.22252093395631434,0.8660254037844386,0.5000000000000001,0.29936312297335804,-0.9541392564000488,11822.0,7408.0,13152.0,7718.028571428571,8038.485714285714,8057.613333333334,6754.392013525783,6478.877862818421,8496.674504839839,160.0,14830.2,0.0,40768.0,5297.695631150898,7317.300816576958,0,0,1,0,1.0,1.0,1.0,80.0,80.0,0.0,0.0,0.0,40.0,40.0,0.0,0.0,0.0,1.0,0,0,80.0,1.0,0.0,0.0,0.0
2024-02-15,1116.0,2024,2,15,3,1,7,0,0,0,0.43388373911755823,-0.900968867902419,0.8660254037844386,0.5000000000000001,0.10116832198743272,-0.994869323391895,10976.0,4392.6,12398.0,6309.457142857143,7804.442857142856,7681.546666666667,6985.875726267762,6676.86948579419,8547.464045601508,160.0,14830.2,0.0,40768.0,4252.271723363174,6917.216892926832,0,0,1,0,3.0,2.0,2.0,558.0,186.0,22.538855339169288,0.0,0.0,186.0,186.0,0.0,0.0,1.0,2.0,0,0,558.0,4.0,3.0,0.0,0.0
2024-02-17,0.0,2024,2,17,5,1,7,1,0,0,-0.9749279121818236,-0.2225209339563146,0.8660254037844386,0.5000000000000001,-0.2993631229733582,-0.9541392564000488,14308.0,4272.0,398.0,4265.457142857143,7499.299999999998,7668.280000000001,6316.667997939303,6943.038711710284,8559.459243570516,0.0,14830.2,0.0,40768.0,3189.2037925223804,6470.94483531865,0,0,1,0,0.0,0.0,0.0,0.0,0.0,0.0,0.0,0.0,0.0,0.0,0.0,0.0,0.0,0.0,2,0,0.0,0.0,0.0,0.0,0.0
2024-02-18,396.0,2024,2,18,6,1,7,1,0,0,-0.7818314824680299,0.6234898018587334,0.8660254037844386,0.5000000000000001,-0.4853019625310808,-0.8743466161445822,12000.0,21232.0,40768.0,2607.7428571428572,6011.014285714285,6322.546666666667,5405.4786463541395,5932.5382143223915,5952.77559113702,0.0,14830.2,0.0,21232.0,2490.902844391785,6079.0129104593825,0,0,1,0,1.0,1.0,1.0,198.0,198.0,0.0,0.0,0.0,99.0,99.0,0.0,0.0,0.0,1.0,2,0,198.0,1.0,0.0,0.0,0.0
2024-02-19,994.0,2024,2,19,0,1,8,0,0,0,0.0,1.0,0.8660254037844386,0.5000000000000001,-0.651372482722222,-0.7587581226927911,14830.2,3044.0,70.0,631.1428571428571,5864.585714285713,6353.346666666667,443.8976716060937,6035.804742962179,5921.61787793081,0.0,1116.0,0.0,21232.0,2116.677133293839,5750.947561397487,0,0,0,0,1.0,1.0,1.0,199.0,199.0,0.0,0.0,0.0,99.5,99.5,0.0,0.0,0.0,1.0,0,0,199.0,1.0,0.0,0.0,0.0
2024-02-21,15788.0,2024,2,21,2,1,8,0,0,0,0.9749279121818236,-0.22252093395631434,0.8660254037844386,0.5000000000000001,-0.8978045395707417,-0.44039415155763423,776.0,10598.0,3600.0,2775.714285714286,6235.299999999998,6759.613333333334,5754.669110507455,6491.1012386781595,6140.261080585014,0.0,15788.0,0.0,21232.0,5534.5078499703795,6398.499331629908,0,0,0,0,2.0,2.0,1.0,7894.0,3947.0,2903.380443551964,0.0,0.0,2631.3333333333335,3947.0,0.0,0.0,1.0,2.0,0,0,7894.0,2.0,2.0,0.0,0.0
2024-02-22,450.0,2024,2,22,3,1,8,0,0,0,0.43388373911755823,-0.900968867902419,0.8660254037844386,0.5000000000000001,-0.9680771188662041,-0.2506525322587213,976.0,3152.0,6982.8,2700.5714285714284,6042.299999999998,6541.8533333333335,5785.43789345696,6628.543232345764,6246.986041821492,0.0,15788.0,0.0,21232.0,4263.380887477784,6014.725181202172,0,0,0,0,1.0,1.0,1.0,225.0,225.0,0.0,25.0,0.0,112.5,112.5,0.099601593625498,0.0,0.0,0.0,0,0,225.0,1.0,0.0,0.0,0.0
2024-02-24,2430.0,2024,2,24,5,1,8,1,0,0,-0.9749279121818236,-0.2225209339563146,0.8660254037844386,0.5000000000000001,-0.9884683243281114,0.15142777750457667,160.0,11822.0,10368.0,3024.8571428571427,5371.442857142856,6277.253333333333,5681.993882097248,6472.020840595216,6247.448440031378,0.0,15788.0,0.0,21232.0,3805.035665608338,5783.4525888665485,0,0,0,0,6.0,6.0,4.0,666.0,111.0,212.18671023417087,56.0,0.0,95.14285714285714,133.2,0.07745504840940526,0.0,1.584962500721156,3.0,2,0,666.0,24.0,9.509775004326936,0.07745504840940526,0.0
2024-02-25,468.0,2024,2,25,6,1,8,1,0,0,-0.7818314824680299,0.6234898018587334,0.8660254037844386,0.5000000000000001,-0.9377521321470804,0.3473052528448203,1116.0,10976.0,10026.0,2932.285714285714,4620.871428571429,5958.653333333334,5723.404048707552,6380.724491108238,6293.22813998388,0.0,15788.0,0.0,21232.0,2970.7767492062535,5440.520163778384,0,0,0,0,2.0,2.0,2.0,234.0,117.0,115.96551211459379,0.0,0.0,78.0,78.0,0.0,0.0,0.0,1.0,2,0,234.0,4.0,0.0,0.0,0.0
2024-02-26,3674.4,2024,2,26,0,1,9,0,0,0,0.0,1.0,0.8660254037844386,0.5000000000000001,-0.848644257494751,0.5289640103269624,0.0,14308.0,5852.8,3457.2000000000003,3861.3285714285707,5886.04,5576.256397739742,5739.579579139455,6307.044008725476,396.0,15788.0,0.0,21232.0,3146.68256190469,5326.576927405586,0,0,0,0,4.0,4.0,3.0,1837.2,459.3,87.66504434493831,36.8,0.0,367.44,459.3,0.019626666666666664,0.0,0.0,1.0,0,0,1837.2,12.0,0.0,0.0,0.0
2024-02-27,1694.0,2024,2,27,1,1,9,0,0,1,0.7818314824680298,0.6234898018587336,0.8660254037844386,0.5000000000000001,-0.72479278722912,0.6889669190756865,396.0,12000.0,896.0,3642.628571428572,3125.185714285714,5912.64,5478.215265855084,5255.976165772135,6286.923465229642,450.0,15788.0,0.0,21232.0,2783.5119214285173,5092.217125637483,0,0,0,0,1.0,1.0,1.0,648.0,648.0,0.0,100.0,0.0,324.0,324.0,0.13351134846461948,0.0,0.0,0.0,0,0,648.0,1.0,0.0,0.0,1694.0
2024-02-28,10122.0,2024,2,28,2,1,9,0,0,1,0.9749279121818236,-0.22252093395631434,0.8660254037844386,0.5000000000000001,-0.5712682150947924,0.8207634412072763,994.0,14830.2,10228.0,4946.628571428571,2788.8857142857137,5909.1066666666675,5818.492986365196,4553.0496455853345,6284.443843438593,450.0,15788.0,0.0,21232.0,4618.133941071388,5416.719246564097,0,0,0,0,8.0,8.0,3.0,1077.0,134.625,702.6437702400434,118.0,0.0,119.66666666666667,269.25,0.09866220735785954,0.0,1.9219280948873625,4.0,0,0,1077.0,24.0,15.3754247590989,0.0,10122.0
2024-03-01,1692.0,2024,3,1,4,1,9,0,1,0,-0.433883739117558,-0.9009688679024191,1.0,6.123233995736766e-17,0.20129852008866006,0.9795299412524945,15788.0,776.0,0.0,2932.914285714286,2854.3142857142852,5965.506666666667,3361.5750254053028,4528.413805985675,6236.997001925117,450.0,10122.0,0.0,21232.0,3886.600455803541,5176.414779043833,0,0,0,0,3.0,3.0,2.0,558.0,186.0,180.29975041580064,0.0,0.0,139.5,186.0,0.0,0.0,1.0,2.0,0,0,558.0,6.0,3.0,0.0,0.0
2024-03-02,10829.0,2024,3,2,5,1,9,1,1,0,-0.9749279121818236,-0.2225209339563146,1.0,6.123233995736766e-17,0.39435585511331855,0.9189578116202306,450.0,976.0,1696.0,4415.628571428571,3558.0999999999995,6269.9400000000005,4254.318092524464,4959.20323795915,6244.30307823279,468.0,10829.0,0.0,21232.0,5622.200341852656,5541.0976965248765,0,0,0,0,6.0,6.0,5.0,1516.0,252.66666666666666,199.28037200554064,0.0,0.0,216.57142857142858,252.66666666666666,0.0,0.0,1.0,2.0,3,0,1516.0,30.0,6.0,0.0,0.0
2024-03-03,5958.0,2024,3,3,6,1,9,1,1,0,-0.7818314824680299,0.6234898018587334,1.0,6.123233995736766e-17,0.5712682150947923,0.8207634412072763,2430.0,160.0,17522.0,4919.628571428571,3972.242857142857,5884.473333333333,4188.345166337294,4895.282610952998,5871.5539352991,468.0,10829.0,0.0,21232.0,5706.150256389492,5567.994619329723,0,0,0,0,2.0,2.0,2.0,1440.0,720.0,1018.2337649086285,0.0,0.0,480.0,480.0,0.0,0.0,0.0,1.0,3,0,1440.0,4.0,0.0,0.0,0.0
2024-03-04,13479.5,2024,3,4,0,1,10,0,0,0,0.0,1.0,1.0,6.123233995736766e-17,0.7247927872291199,0.6889669190756866,468.0,1116.0,976.0,6778.414285714286,4855.349999999999,6301.256666666667,4735.015364434263,5426.720314935933,5954.306734693469,1692.0,13479.5,0.0,21232.0,7649.487692292119,6078.414321308451,0,0,0,0,3.0,2.0,1.0,6385.0,2128.3333333333335,3083.1591482330805,0.0,0.0,2128.3333333333335,3192.5,0.0,0.0,1.0,2.0,0,0,6385.0,2.0,3.0,0.0,0.0
2024-03-05,1203.7,2024,3,5,1,1,10,0,0,0,0.7818314824680298,0.6234898018587336,1.0,6.123233995736766e-17,0.8486442574947509,0.5289640103269624,3674.4,0.0,7408.0,6425.457142857143,4941.328571428571,6094.446666666667,5084.169982687156,5352.9103916149425,6021.903651111024,1203.7,13479.5,0.0,21232.0,6038.04076921909,5763.916623159519,0,0,0,0,2.0,2.0,2.0,198.0,99.0,140.0071426749364,0.0,0.0,66.0,66.0,0.0,0.0,0.0,1.0,0,0,198.0,4.0,0.0,0.0,0.0
2024-03-06,17042.4,2024,3,6,2,1,10,0,0,0,0.9749279121818236,-0.22252093395631434,1.0,6.123233995736766e-17,0.9377521321470804,0.3473052528448203,1694.0,396.0,4392.6,8618.085714285715,6130.357142857143,6516.1066666666675,5940.989747067554,6066.809567539688,6333.446709277997,1203.7,17042.4,0.0,21232.0,8789.130576914318,6491.560711987937,0,0,0,0,1.0,1.0,1.0,6000.0,6000.0,0.0,0.0,0.0,3000.0,3000.0,0.0,0.0,0.0,0.0,0,0,6000.0,1.0,0.0,0.0,0.0
2024-03-07,1049.8,2024,3,7,3,1,10,0,0,0,0.43388373911755823,-0.900968867902419,1.0,6.123233995736766e-17,0.9884683243281114,0.1514277775045767,10122.0,994.0,4272.0,7322.057142857143,6134.342857142857,6408.7,6519.6052426142915,6063.192812462654,6399.79061467827,1049.8,17042.4,0.0,21232.0,6854.2979326857385,6140.479375730652,0,0,0,0,2.0,2.0,2.0,198.0,99.0,140.0071426749364,0.0,0.0,66.0,66.0,0.0,0.0,0.0,1.0,0,0,198.0,4.0,0.0,0.0,0.0
2024-03-08,823.7,2024,3,8,4,1,10,0,0,0,-0.433883739117558,-0.9009688679024191,1.0,6.123233995736766e-17,0.9987165071710528,-0.05064916883871264,1692.0,15788.0,21232.0,7198.0142857142855,5065.464285714285,5728.423333333334,6651.502472231006,5525.638172486654,5829.002958611847,823.7,17042.4,0.0,17042.4,5346.648449514304,5797.461351489965,0,0,0,0,2.0,2.0,1.0,396.0,198.0,0.0,0.0,0.0,132.0,198.0,0.0,0.0,1.0,2.0,0,0,396.0,2.0,2.0,0.0,0.0
2024-03-09,0.0,2024,3,9,5,1,10,1,0,0,-0.9749279121818236,-0.2225209339563146,1.0,6.123233995736766e-17,0.9680771188662043,-0.2506525322587204,10829.0,450.0,3044.0,5651.0142857142855,5033.321428571428,5626.956666666667,6920.137284627758,5555.778401071544,5903.362075308893,0.0,17042.4,0.0,17042.4,4009.986337135728,5423.431586877709,0,0,0,0,0.0,0.0,0.0,0.0,0.0,0.0,0.0,0.0,0.0,0.0,0.0,0.0,0.0,0.0,3,0,0.0,0.0,0.0,0.0,0.0
2024-03-10,6800.0,2024,3,10,6,1,10,1,0,0,-0.7818314824680299,0.6234898018587334,1.0,6.123233995736766e-17,0.8978045395707416,-0.4403941515576344,5958.0,2430.0,10598.0,5771.3,5345.464285714285,5500.3566666666675,6933.6672307420895,5520.915223543045,5833.390100913593,0.0,17042.4,0.0,17042.4,4707.489752851796,5512.242452240438,0,0,0,0,3.0,3.0,3.0,700.0,233.33333333333334,202.072594216369,0.0,0.0,175.0,175.0,0.0,0.0,1.0,2.0,3,0,700.0,9.0,3.0,0.0,0.0
2024-03-11,10324.8,2024,3,11,0,1,11,0,0,0,0.0,1.0,1.0,6.123233995736766e-17,0.7907757369376989,-0.6121059825476626,13479.5,468.0,3152.0,5320.6285714285705,6049.521428571427,5739.45,6433.645019923074,5479.408584197961,5880.623553012155,0.0,17042.4,0.0,17042.4,6111.817314638847,5822.730035966862,0,0,0,0,4.0,4.0,2.0,3153.0,788.25,753.4995576198658,0.0,0.0,630.6,1051.0,0.0,0.0,1.0,2.0,0,0,3153.0,8.0,4.0,0.0,0.0
2024-03-12,0.0,2024,3,12,1,1,11,0,0,0,0.7818314824680298,0.6234898018587336,1.0,6.123233995736766e-17,0.6513724827222223,-0.7587581226927909,1203.7,3674.4,11822.0,5148.671428571428,5787.064285714286,5345.383333333333,6576.520510805668,5686.029267573566,5855.016957075666,0.0,17042.4,0.0,17042.4,4583.862985979135,5447.070033646419,0,0,0,0,0.0,0.0,0.0,0.0,0.0,0.0,0.0,0.0,0.0,0.0,0.0,0.0,0.0,0.0,0,0,0.0,0.0,0.0,0.0,0.0
2024-03-13,736.0,2024,3,13,2,1,11,0,0,0,0.9749279121818236,-0.22252093395631434,1.0,6.123233995736766e-17,0.48530196253108104,-0.8743466161445821,17042.4,1694.0,10976.0,2819.1857142857143,5718.635714285714,5004.05,4072.8592767361047,5744.539851774576,5813.785047551883,0.0,10324.8,0.0,17042.4,3621.8972394843513,5143.130031475682,0,0,0,0,2.0,2.0,2.0,368.0,184.0,147.07821048680188,0.0,0.0,122.66666666666667,122.66666666666667,0.0,0.0,1.0,2.0,0,0,368.0,4.0,2.0,0.0,0.0
2024-03-14,160.0,2024,3,14,3,1,11,0,0,0,0.43388373911755823,-0.900968867902419,1.0,6.123233995736766e-17,0.29936312297335804,-0.9541392564000488,1049.8,10122.0,14308.0,2692.0714285714284,5007.064285714286,4532.45,4150.432360897002,5774.058263622146,5603.0531664472355,0.0,10324.8,0.0,17042.4,2756.4229296132635,4821.637771380477,0,0,0,0,1.0,1.0,1.0,80.0,80.0,0.0,0.0,0.0,40.0,40.0,0.0,0.0,0.0,1.0,0,0,80.0,1.0,0.0,0.0,0.0
2024-03-15,976.0,2024,3,15,4,1,11,0,0,0,-0.433883739117558,-0.9009688679024191,1.0,6.123233995736766e-17,0.10116832198743272,-0.994869323391895,823.7,1692.0,12000.0,2713.828571428571,4955.921428571428,4164.983333333334,4139.390221483643,5808.7463534515055,5455.983807305023,0.0,10324.8,0.0,17042.4,2311.3171972099476,4573.532108710769,0,0,0,0,1.0,1.0,1.0,488.0,488.0,0.0,0.0,0.0,244.0,244.0,0.0,0.0,0.0,1.0,0,0,488.0,1.0,0.0,0.0,0.0
2024-03-16,8518.0,2024,3,16,5,1,11,1,0,0,-0.9749279121818236,-0.2225209339563146,1.0,6.123233995736766e-17,-0.10116832198743204,-0.9948693233918952,0.0,10829.0,14830.2,3930.6857142857143,4790.849999999999,3954.576666666667,4449.075929309588,5659.9389528849615,5143.254029857322,0.0,10324.8,0.0,17042.4,3862.9878979074606,4828.013908148783,0,0,0,0,4.0,4.0,4.0,279.0,69.75,94.05804945174371,0.0,0.0,55.8,55.8,0.0,0.0,1.0,2.0,3,0,279.0,16.0,4.0,0.0,0.0
2024-03-17,1370.0,2024,3,17,6,1,11,1,0,0,-0.7818314824680299,0.6234898018587334,1.0,6.123233995736766e-17,-0.2993631229733582,-0.9541392564000488,6800.0,5958.0,776.0,3154.9714285714285,4463.135714285714,3974.3766666666666,4337.389346029212,5719.6707732858295,5131.72594537181,0.0,10324.8,0.0,17042.4,3239.7409234305956,4604.916236655314,0,0,0,0,3.0,3.0,2.0,297.0,99.0,99.0,0.0,0.0,74.25,99.0,0.0,0.0,0.0,1.0,3,0,297.0,6.0,0.0,0.0,0.0
2024-03-18,4232.0,2024,3,18,0,1,12,0,0,0,0.0,1.0,1.0,6.123233995736766e-17,-0.4853019625310808,-0.8743466161445822,10324.8,13479.5,976.0,2284.5714285714284,3802.5999999999995,4082.9100000000003,3091.063832897623,5098.570942921154,5100.461259692165,0.0,8518.0,0.0,17042.4,3487.8056925729466,4580.857124613036,0,0,0,0,3.0,3.0,3.0,547.0,182.33333333333334,161.07244746800532,0.0,0.0,136.75,136.75,0.0,0.0,0.0,1.0,0,0,547.0,9.0,0.0,0.0,0.0
2024-03-19,23066.0,2024,3,19,1,1,12,0,0,0,0.7818314824680298,0.6234898018587336,1.0,6.123233995736766e-17,-0.651372482722222,-0.7587581226927911,0.0,1203.7,160.0,5579.714285714285,5364.192857142857,4846.443333333333,8245.916114746049,7168.976004602075,6107.952519218113,160.0,23066.0,0.0,23066.0,8382.35426942971,5773.446987541227,0,0,0,0,2.0,2.0,1.0,10468.0,5234.0,6740.141838270171,0.0,0.0,3489.3333333333335,5234.0,0.0,0.0,0.0,0.0,0,0,10468.0,2.0,0.0,0.0,0.0
2024-03-20,2132.0,2024,3,20,2,1,12,0,0,0,0.9749279121818236,-0.22252093395631434,1.0,6.123233995736766e-17,-0.7907757369376986,-0.6121059825476627,736.0,17042.4,1116.0,5779.142857142857,4299.164285714285,4880.3099999999995,8125.24418973714,6362.8208971042295,6089.343495408095,160.0,23066.0,0.0,23066.0,6819.765702072283,5538.5149238288905,0,0,0,0,3.0,3.0,3.0,676.0,225.33333333333334,47.34272207354931,0.0,0.0,169.0,169.0,0.0,0.0,1.0,2.0,0,0,676.0,9.0,3.0,0.0,0.0
2024-03-21,4512.0,2024,3,21,3,1,12,0,0,0,0.43388373911755823,-0.900968867902419,1.0,6.123233995736766e-17,-0.8978045395707417,-0.44039415155763423,160.0,1049.8,0.0,6400.857142857143,4546.464285714284,5030.71,7782.91657903324,6293.721509520064,6019.974348974441,976.0,23066.0,0.0,23066.0,6242.824276554212,5472.2881545496075,0,0,0,0,2.0,2.0,1.0,-4784.0,-2392.0,3382.7988411964434,0.0,0.0,-1594.6666666666667,-2392.0,-0.0,-0.0,0.0,0.0,0,0,-4784.0,2.0,0.0,-0.0,0.0
2024-03-22,5466.0,2024,3,22,4,1,12,0,0,0,-0.433883739117558,-0.9009688679024191,1.0,6.123233995736766e-17,-0.9680771188662041,-0.2506525322587213,976.0,823.7,396.0,7042.285714285715,4878.057142857142,5199.71,7438.723136719223,6204.150683796506,5956.204398622693,1370.0,23066.0,0.0,23066.0,6048.618207415659,5471.882467159311,0,0,0,0,3.0,3.0,3.0,233.0,77.66666666666667,105.6708726818007,0.0,0.0,58.25,58.25,0.0,0.0,0.0,1.0,0,0,233.0,9.0,0.0,0.0,0.0
2024-03-23,3318.0,2024,3,23,5,1,12,1,0,0,-0.9749279121818236,-0.2225209339563146,1.0,6.123233995736766e-17,-0.9987165071710528,-0.05064916883871355,8518.0,0.0,994.0,6299.428571428572,5115.057142857142,5277.176666666666,7525.925477023691,6065.293987384824,5914.586171123351,1370.0,23066.0,0.0,23066.0,5365.9636555617435,5332.922307987743,0,0,0,0,6.0,6.0,4.0,1461.0,243.5,166.82775548451164,25.0,0.0,208.71428571428572,292.2,0.016812373907195696,0.0,1.584962500721156,3.0,3,0,1461.0,24.0,9.509775004326936,0.016812373907195696,0.0
2024-03-24,3976.0,2024,3,24,6,1,12,1,0,0,-0.7818314824680299,0.6234898018587334,1.0,6.123233995736766e-17,-0.9884683243281114,0.15142777750457667,1370.0,6800.0,15788.0,6671.714285714285,4913.342857142857,4883.443333333333,7302.581774374632,6051.891392806845,5574.116392427883,2132.0,23066.0,0.0,23066.0,5018.472741671308,5245.3789332788565,0,0,0,0,1.0,1.0,1.0,0.0,0.0,0.0,0.0,0.0,0.0,0.0,0.0,0.0,0.0,0.0,3,0,0.0,1.0,0.0,0.0,0.0
2024-03-26,2876.0,2024,3,26,1,1,13,0,0,0,0.7818314824680298,0.6234898018587336,1.0,6.123233995736766e-17,-0.848644257494751,0.5289640103269624,4232.0,10324.8,450.0,6478.0,4381.285714285713,4964.3099999999995,7395.480241336595,5864.061160723275,5524.961100025321,2132.0,23066.0,0.0,23066.0,4482.854556253481,5092.515776293125,0,0,0,0,4.0,4.0,3.0,486.0,121.5,145.02758358326184,0.0,0.0,97.2,121.5,0.0,0.0,0.0,1.0,0,0,486.0,12.0,0.0,0.0,0.0
2024-03-27,160.0,2024,3,27,2,1,13,0,0,0,0.9749279121818236,-0.22252093395631434,1.0,6.123233995736766e-17,-0.72479278722912,0.6889669190756865,23066.0,0.0,2430.0,3205.714285714286,4392.714285714284,4888.6433333333325,1730.0853268250478,5855.014503411989,5576.173337525147,160.0,5466.0,0.0,23066.0,3402.1409171901105,4774.288952016149,0,0,0,0,1.0,1.0,1.0,80.0,80.0,0.0,0.0,0.0,40.0,40.0,0.0,0.0,0.0,1.0,0,0,80.0,1.0,0.0,0.0,0.0
2024-03-28,0.0,2024,3,28,3,1,13,0,0,0,0.43388373911755823,-0.900968867902419,1.0,6.123233995736766e-17,-0.5712682150947924,0.8207634412072763,2132.0,736.0,468.0,2901.1428571428573,4340.142857142856,4873.043333333333,2098.9508036613393,5893.550710566753,5589.605528533217,0.0,5466.0,0.0,23066.0,2551.605687892583,4466.270309950592,0,0,0,0,0.0,0.0,0.0,0.0,0.0,0.0,0.0,0.0,0.0,0.0,0.0,0.0,0.0,0.0,0,0,0.0,0.0,0.0,0.0,0.0
2024-03-29,15730.0,2024,3,29,4,1,13,0,0,1,-0.433883739117558,-0.9009688679024191,1.0,6.123233995736766e-17,-0.3943558551133187,0.9189578116202306,4512.0,160.0,3674.4,4503.714285714285,5452.285714285713,5274.896666666667,5329.800425103046,6483.591163362036,5923.824452420232,0.0,15730.0,0.0,23066.0,5846.204265919438,5192.962548018296,0,0,0,0,4.0,4.0,2.0,649.0,162.25,213.54215040595616,0.0,0.0,129.8,216.33333333333334,0.0,0.0,0.0,1.0,0,0,649.0,8.0,0.0,0.0,15730.0
2024-03-30,396.0,2024,3,30,5,1,13,1,0,1,-0.9749279121818236,-0.2225209339563146,1.0,6.123233995736766e-17,-0.20129852008866114,0.9795299412524943,5466.0,976.0,1694.0,3779.4285714285716,5410.857142857142,5231.630000000001,5518.390914543329,6516.164927519658,5955.535934547751,0.0,15730.0,0.0,23066.0,4483.653199439578,4883.481093307439,0,0,0,0,1.0,1.0,1.0,198.0,198.0,0.0,0.0,0.0,99.0,99.0,0.0,0.0,0.0,1.0,3,0,198.0,1.0,0.0,0.0,396.0
2024-03-31,5080.0,2024,3,31,6,1,13,1,0,1,-0.7818314824680299,0.6234898018587334,1.0,6.123233995736766e-17,-2.4492935982947064e-16,1.0,3318.0,8518.0,10122.0,4031.1428571428573,5165.285714285713,5063.563333333334,5533.999139518413,6454.551911141956,5883.476923436438,0.0,15730.0,0.0,23066.0,4632.739899579684,4896.159732448895,0,0,0,0,3.0,3.0,2.0,596.0,198.66666666666666,174.6463092462401,0.0,0.0,149.0,198.66666666666666,0.0,0.0,0.0,1.0,3,0,596.0,6.0,0.0,0.0,5080.0
2024-04-01,8140.0,2024,4,1,0,2,14,0,1,0,0.0,1.0,0.8660254037844387,-0.4999999999999998,0.20129852008866006,0.9795299412524945,3976.0,1370.0,1692.0,4626.0,5648.857142857142,5278.496666666668,5746.789828533264,6401.72499417921,5873.831075699272,0.0,15730.0,0.0,23066.0,5509.554924684763,5105.439749710256,0,0,0,0,2.0,2.0,1.0,280.0,140.0,197.9898987322333,0.0,0.0,93.33333333333333,140.0,0.0,0.0,0.0,0.0,0,0,280.0,2.0,0.0,0.0,0.0
2024-04-02,5000.0,2024,4,2,1,2,14,0,1,0,0.7818314824680298,0.6234898018587336,0.8660254037844387,-0.4999999999999998,0.39435585511331855,0.9189578116202306,2876.0,4232.0,10829.0,4929.428571428572,5703.714285714284,5084.196666666668,5694.82884896883,6391.932889661309,5779.547029469565,0.0,15730.0,0.0,23066.0,5382.166193513573,5098.637185212821,0,0,0,0,1.0,1.0,1.0,0.0,0.0,0.0,0.0,0.0,0.0,0.0,0.0,0.0,0.0,0.0,0,0,0.0,1.0,0.0,0.0,0.0
2024-04-04,3225.1,2024,4,4,3,2,14,0,0,0,0.43388373911755823,-0.900968867902419,0.8660254037844387,-0.4999999999999998,0.7247927872291199,0.6889669190756866,160.0,23066.0,5958.0,5367.3,4286.507142857142,4993.1,5375.897149623805,3997.252683543886,5786.832562780356,0.0,15730.0,0.0,23066.0,4842.8996451351795,4977.763818424897,0,1,0,0,2.0,2.0,2.0,594.56,297.28,140.4031224724009,0.0,0.0,198.18666666666664,198.18666666666664,0.0,0.0,0.0,1.0,0,0,594.56,4.0,0.0,0.0,0.0
2024-04-05,598.0,2024,4,5,4,2,14,0,0,0,-0.433883739117558,-0.9009688679024191,0.8660254037844387,-0.4999999999999998,0.8486442574947509,0.5289640103269624,0.0,2132.0,13479.5,5452.728571428571,4176.935714285713,4563.716666666666,5280.291151920283,4081.001748742784,5610.6497251813935,396.0,15730.0,0.0,23066.0,3781.6747338513846,4695.198410784582,0,1,0,0,1.0,1.0,1.0,299.0,299.0,0.0,0.0,0.0,149.5,149.5,0.0,0.0,0.0,0.0,0,0,299.0,1.0,0.0,0.0,0.0
2024-04-06,932.0,2024,4,6,5,2,14,1,0,0,-0.9749279121818236,-0.2225209339563146,0.8660254037844387,-0.4999999999999998,0.9377521321470804,0.3473052528448203,15730.0,4512.0,1203.7,3338.7285714285713,3921.221428571428,4554.66,2910.3423250620713,4169.591025172337,5616.47672438746,396.0,8140.0,0.0,23066.0,3069.2560503885384,4452.411416540415,0,1,0,0,2.0,2.0,2.0,466.0,233.0,49.49747468305833,100.0,0.0,155.33333333333334,155.33333333333334,0.1763668430335097,0.0,0.0,1.0,4,0,466.0,4.0,0.0,0.1763668430335097,0.0
2024-04-07,8504.0,2024,4,7,6,2,14,1,0,0,-0.7818314824680299,0.6234898018587334,0.8660254037844387,-0.4999999999999998,0.9884683243281114,0.1514277775045767,396.0,5466.0,17042.4,4497.0142857142855,4138.221428571428,4270.046666666667,3147.7386488443753,4332.059678219962,5159.601049515437,598.0,8504.0,0.0,23066.0,4427.942037791404,4713.804228376518,0,1,0,0,5.0,5.0,4.0,1054.0,210.8,152.56867306232954,100.0,0.0,175.66666666666666,210.8,0.08658008658008658,0.0,0.0,1.0,4,0,1054.0,20.0,0.0,0.08658008658008658,0.0
2024-04-11,1360.0,2024,4,11,3,2,15,0,0,0,0.43388373911755823,-0.900968867902419,0.8660254037844387,-0.4999999999999998,0.7907757369376989,-0.6121059825476626,5080.0,3318.0,1049.8,3965.585714285714,3998.364285714285,4280.386666666667,3340.998443793207,4391.771541558333,5153.2319361825585,598.0,8504.0,0.0,23066.0,3660.956528343553,4497.429762029647,1,1,0,1,1.0,1.0,1.0,680.0,680.0,0.0,0.0,0.0,340.0,340.0,0.0,0.0,0.0,1.0,0,0,680.0,1.0,0.0,0.0,0.0
2024-04-12,3396.0,2024,4,12,4,2,15,0,0,0,-0.433883739117558,-0.9009688679024191,0.8660254037844387,-0.4999999999999998,0.6513724827222223,-0.7587581226927909,8140.0,3976.0,823.7,3287.871428571428,3956.935714285714,4366.13,2788.5850741396375,4394.733373833708,5114.991764388141,598.0,8504.0,0.0,23066.0,3594.717396257665,4426.3697773825725,1,0,1,1,2.0,2.0,1.0,1698.0,849.0,920.6530291048849,0.0,0.0,566.0,849.0,0.0,0.0,1.0,2.0,0,0,1698.0,2.0,2.0,0.0,0.0
2024-04-14,956.0,2024,4,14,6,2,15,1,0,0,-0.7818314824680299,0.6234898018587334,0.8660254037844387,-0.4999999999999998,0.29936312297335804,-0.9541392564000488,5000.0,2876.0,0.0,2710.157142857143,3819.7928571428565,4397.996666666667,2793.6596021808464,4460.525472746667,5089.768345956978,598.0,8504.0,0.0,23066.0,2935.0380471932485,4202.47495303531,0,0,1,0,2.0,2.0,1.0,478.0,239.0,57.982756057296896,0.0,0.0,159.33333333333334,239.0,0.0,0.0,0.0,1.0,4,0,478.0,2.0,0.0,0.0,0.0
2024-04-15,522.0,2024,4,15,0,2,16,0,0,0,0.0,1.0,0.8660254037844387,-0.4999999999999998,0.10116832198743272,-0.994869323391895,3225.1,160.0,6800.0,2324.0,3845.649999999999,4188.7300000000005,2895.5784684008795,4438.673841232993,5116.593919123031,522.0,8504.0,0.0,23066.0,2331.7785353949366,3965.02495606529,0,0,1,0,1.0,1.0,1.0,261.0,261.0,0.0,29.0,0.0,130.5,130.5,0.09965635738831616,0.0,0.0,0.0,0,0,261.0,1.0,0.0,0.0,0.0
2024-04-16,398.0,2024,4,16,1,2,16,0,0,0,0.7818314824680298,0.6234898018587336,0.8660254037844387,-0.4999999999999998,-0.10116832198743204,-0.9948693233918952,598.0,0.0,10324.8,2295.4285714285716,3874.0785714285707,3857.836666666667,2916.359994761918,4413.351100080563,5026.275901183298,398.0,8504.0,0.0,23066.0,1848.3339015462025,3734.894313738497,0,0,1,0,1.0,1.0,1.0,199.0,199.0,0.0,0.0,0.0,99.5,99.5,0.0,0.0,0.0,1.0,0,0,199.0,1.0,0.0,0.0,0.0
2024-04-17,560.0,2024,4,17,2,2,16,0,0,0,0.9749279121818236,-0.22252093395631434,0.8660254037844387,-0.4999999999999998,-0.2993631229733582,-0.9541392564000488,932.0,15730.0,0.0,2242.285714285714,2790.5071428571423,3876.5033333333336,2948.557258179333,2871.506551905683,5012.475481785984,398.0,8504.0,0.0,23066.0,1526.2504261596519,3530.062422529562,0,0,1,0,1.0,1.0,1.0,280.0,280.0,0.0,0.0,0.0,140.0,140.0,0.0,0.0,0.0,0.0,0,0,280.0,1.0,0.0,0.0,0.0
2024-04-18,9456.0,2024,4,18,3,2,16,0,0,0,0.43388373911755823,-0.900968867902419,0.8660254037844387,-0.4999999999999998,-0.4853019625310808,-0.8743466161445822,8504.0,396.0,736.0,2378.285714285714,3437.649999999999,4167.17,3287.9343928108856,3281.9338189431814,5076.503724031269,398.0,9456.0,0.0,23066.0,3508.687819619739,3912.3809759147516,0,0,1,0,4.0,3.0,3.0,180.0,45.0,52.59911279353167,0.0,0.0,45.0,45.0,0.0,0.0,0.0,1.0,0,0,180.0,9.0,0.0,0.0,0.0
2024-04-19,2196.0,2024,4,19,4,2,16,0,0,0,-0.433883739117558,-0.9009688679024191,0.8660254037844387,-0.4999999999999998,-0.651372482722222,-0.7587581226927911,1360.0,5080.0,160.0,2497.714285714286,3231.649999999999,4235.036666666667,3259.845482753544,3261.3640597738413,5034.521293442538,398.0,9456.0,0.0,23066.0,3180.515864714804,3801.6467194041225,0,0,1,0,2.0,2.0,2.0,198.0,99.0,140.0071426749364,0.0,0.0,66.0,66.0,0.0,0.0,0.0,1.0,0,0,198.0,4.0,0.0,0.0,0.0
2024-04-20,8856.0,2024,4,20,5,2,16,1,0,0,-0.9749279121818236,-0.2225209339563146,0.8660254037844387,-0.4999999999999998,-0.7907757369376986,-0.6121059825476627,3396.0,8140.0,976.0,3277.714285714286,3282.7928571428565,4497.703333333334,4064.513817349949,3348.6993664508063,5064.0991429856895,398.0,9456.0,0.0,23066.0,4599.386898536103,4127.734027829663,0,0,0,0,2.0,2.0,2.0,0.0,0.0,0.0,0.0,0.0,0.0,0.0,0.0,0.0,0.0,0.0,4,0,0.0,4.0,0.0,0.0,0.0
2024-04-21,796.0,2024,4,21,6,2,16,1,0,0,-0.7818314824680299,0.6234898018587334,0.8660254037844387,-0.4999999999999998,-0.8978045395707417,-0.44039415155763423,956.0,5000.0,8518.0,3254.8571428571427,2982.5071428571423,4240.303333333333,4080.16598635283,3371.283412421452,5048.9332545211055,398.0,9456.0,0.0,23066.0,3648.540173902077,3912.78344538904,0,0,0,0,1.0,1.0,1.0,199.0,199.0,0.0,0.0,0.0,99.5,99.5,0.0,0.0,0.0,1.0,4,0,199.0,1.0,0.0,0.0,0.0
2024-04-27,3990.0,2024,4,27,5,2,17,1,0,0,-0.9749279121818236,-0.2225209339563146,0.8660254037844387,-0.4999999999999998,-0.72479278722912,0.6889669190756865,522.0,3225.1,1370.0,3750.285714285714,3037.1428571428564,4327.636666666667,3899.5791958571594,3381.6993192349587,5020.150019909982,398.0,9456.0,0.0,23066.0,3733.9051304265577,3917.7651585897474,0,0,0,0,4.0,4.0,4.0,1286.0,321.5,149.50919704151983,0.0,0.0,257.2,257.2,0.0,0.0,1.584962500721156,3.0,4,0,1286.0,16.0,6.339850002884624,0.0,0.0
2024-04-28,558.0,2024,4,28,6,2,17,1,0,1,-0.7818314824680299,0.6234898018587334,0.8660254037844387,-0.4999999999999998,-0.5712682150947924,0.8207634412072763,398.0,598.0,4232.0,3773.1428571428573,3034.2857142857138,4205.17,3877.058998286013,3383.934792710784,5067.157103187072,558.0,9456.0,0.0,23066.0,2939.9288478199182,3701.0061161000867,0,0,0,0,2.0,2.0,1.0,279.0,139.5,57.27564927611035,0.0,0.0,93.0,139.5,0.0,0.0,0.0,0.0,4,0,279.0,2.0,0.0,0.0,558.0
2024-04-29,4160.0,2024,4,29,0,2,18,0,0,1,0.0,1.0,0.8660254037844387,-0.4999999999999998,-0.3943558551133187,0.9189578116202306,560.0,932.0,23066.0,4287.428571428572,3264.857142857142,3574.9700000000003,3609.3273083841627,3339.352006628789,3605.373972582081,558.0,9456.0,0.0,15730.0,3244.946635864939,3730.618624738791,0,0,0,0,2.0,2.0,2.0,2080.0,1040.0,1074.8023074035523,0.0,0.0,693.3333333333334,693.3333333333334,0.0,0.0,1.0,2.0,0,0,2080.0,4.0,2.0,0.0,4160.0
2024-05-01,2688.0,2024,5,1,2,2,18,0,1,0,0.9749279121818236,-0.22252093395631434,0.49999999999999994,-0.8660254037844387,0.20129852008866006,0.9795299412524945,9456.0,8504.0,2132.0,3320.5714285714284,2849.428571428571,3593.5033333333336,2812.585219872938,2979.8625088128592,3599.1242795496187,558.0,8856.0,0.0,15730.0,3105.709976898704,3663.352907013708,0,0,0,0,2.0,2.0,2.0,616.0,308.0,28.284271247461902,0.0,0.0,205.33333333333334,205.33333333333334,0.0,0.0,1.0,2.0,0,0,616.0,4.0,2.0,0.0,0.0
2024-05-02,2428.8,2024,5,2,3,2,18,0,1,0,0.43388373911755823,-0.900968867902419,0.49999999999999994,-0.8660254037844387,0.39435585511331855,0.9189578116202306,2196.0,1360.0,4512.0,3353.828571428571,2925.771428571428,3524.063333333333,2798.412253233555,2952.332625472351,3600.8878796364274,558.0,8856.0,0.0,15730.0,2936.482482674028,3583.704332367662,0,0,0,0,2.0,2.0,1.0,518.4,259.2,40.72935059634512,25.6,0.0,172.79999999999998,259.2,0.04697247706422018,0.0,0.0,1.0,0,0,518.4,2.0,0.0,0.0,0.0
2024-05-03,10254.0,2024,5,3,4,2,18,0,1,0,-0.433883739117558,-0.9009688679024191,0.49999999999999994,-0.8660254037844387,0.5712682150947923,0.8207634412072763,8856.0,3396.0,5466.0,3553.542857142857,3415.6285714285705,3683.663333333333,3267.1583365656693,3545.6784303470704,3791.01558974802,558.0,10254.0,0.0,15730.0,4765.86186200552,4014.045988343942,0,0,0,0,1.0,1.0,1.0,0.0,0.0,0.0,0.0,0.0,0.0,0.0,0.0,0.0,0.0,0.0,0,0,0.0,1.0,0.0,0.0,0.0
2024-05-05,6328.0,2024,5,5,6,2,18,1,0,0,-0.7818314824680299,0.6234898018587334,0.49999999999999994,-0.8660254037844387,0.8486442574947509,0.5289640103269624,796.0,956.0,3318.0,4343.828571428571,3799.3428571428562,3783.9966666666664,3156.1487827806322,3549.6986155304503,3820.7192870816934,558.0,10254.0,0.0,15730.0,5156.39639650414,4163.333343934656,0,0,0,0,3.0,3.0,2.0,866.0,288.6666666666667,91.00183148340112,0.0,0.0,216.5,288.6666666666667,0.0,0.0,0.9182958340544894,2.0,5,0,866.0,6.0,2.7548875021634682,0.0,0.0
2024-05-06,70.0,2024,5,6,0,2,19,0,0,0,0.0,1.0,0.49999999999999994,-0.8660254037844387,0.9377521321470804,0.3473052528448203,3990.0,522.0,3976.0,3783.828571428571,3767.057142857142,3653.7966666666666,3552.2966006581837,3583.692897581449,3880.043214341923,70.0,10254.0,0.0,15730.0,3884.797297378105,3899.2473217453235,0,0,0,0,1.0,1.0,1.0,35.0,35.0,0.0,0.0,0.0,17.5,17.5,0.0,0.0,0.0,0.0,0,0,35.0,1.0,0.0,0.0,0.0
2024-05-07,398.0,2024,5,7,1,2,19,0,0,0,0.7818314824680298,0.6234898018587336,0.49999999999999994,-0.8660254037844387,0.9884683243281114,0.1514277775045767,558.0,398.0,2876.0,3760.9714285714285,3767.057142857142,3571.1966666666663,3576.9417764874256,3583.692897581449,3923.3073947164353,70.0,10254.0,0.0,15730.0,3013.097973033579,3673.3603977617545,0,0,0,0,2.0,2.0,2.0,199.0,99.5,140.71424945612296,380.0,0.0,66.33333333333333,66.33333333333333,0.6551724137931034,0.0,0.0,1.0,0,0,199.0,4.0,0.0,0.0,0.0
2024-05-08,1096.0,2024,5,8,2,2,19,0,0,0,0.9749279121818236,-0.22252093395631434,0.49999999999999994,-0.8660254037844387,0.9987165071710528,-0.05064916883871264,4160.0,560.0,160.0,3323.2571428571428,3805.3428571428562,3602.3966666666665,3705.148831404378,3549.4953248453216,3898.890289201501,70.0,10254.0,0.0,15730.0,2533.8234797751843,3507.0790817771253,0,0,0,0,1.0,1.0,1.0,288.0,288.0,0.0,0.0,0.0,144.0,144.0,0.0,0.0,0.0,1.0,0,0,288.0,1.0,0.0,0.0,0.0
2024-05-11,1766.0,2024,5,11,5,2,19,1,0,0,-0.9749279121818236,-0.2225209339563146,0.49999999999999994,-0.8660254037844387,0.7907757369376989,-0.6121059825476626,2688.0,9456.0,0.0,3191.542857142857,3256.057142857142,3661.2633333333333,3747.6398078689335,3183.9852603336394,3855.717436571052,70.0,10254.0,70.0,15730.0,2341.867609831388,3394.751399081827,0,0,0,0,3.0,3.0,2.0,685.0,228.33333333333334,51.675268101223566,0.0,0.0,171.25,228.33333333333334,0.0,0.0,1.584962500721156,3.0,5,0,685.0,6.0,4.754887502163468,0.0,0.0
2024-05-12,1588.0,2024,5,12,6,2,19,1,0,0,-0.7818314824680299,0.6234898018587334,0.49999999999999994,-0.8660254037844387,0.6513724827222223,-0.7587581226927909,2428.8,2196.0,15730.0,3071.4285714285716,3212.6285714285705,3189.8633333333332,3789.4020133851873,3203.642118548225,3124.4730804854184,70.0,10254.0,70.0,10254.0,2153.400707373541,3278.1867926894515,0,0,0,0,3.0,3.0,2.0,596.0,198.66666666666666,0.5773502691896278,0.0,0.0,149.0,198.66666666666666,0.0,0.0,0.9182958340544894,2.0,5,0,596.0,6.0,2.7548875021634682,0.0,0.0
2024-05-14,396.0,2024,5,14,1,2,20,0,0,0,0.7818314824680298,0.6234898018587336,0.49999999999999994,-0.8660254037844387,0.29936312297335804,-0.9541392564000488,10254.0,8856.0,396.0,1663.142857142857,2608.3428571428562,3189.8633333333332,2154.186267756487,2833.816331303131,3124.4730804854184,70.0,6328.0,70.0,10254.0,1714.0505305301558,3092.239257677229,0,0,0,0,1.0,1.0,1.0,198.0,198.0,0.0,0.0,0.0,99.0,99.0,0.0,0.0,0.0,1.0,0,0,198.0,1.0,0.0,0.0,0.0
2024-05-15,0.0,2024,5,15,2,2,20,0,0,0,0.9749279121818236,-0.22252093395631434,0.49999999999999994,-0.8660254037844387,0.10116832198743272,-0.994869323391895,6328.0,796.0,5080.0,759.1428571428571,2551.4857142857136,3020.5299999999997,722.0054082373556,2880.5755639767754,3156.00154616782,0.0,1766.0,0.0,10254.0,1285.5378978976169,2892.739950730311,0,0,0,0,0.0,0.0,0.0,0.0,0.0,0.0,0.0,0.0,0.0,0.0,0.0,0.0,0.0,0.0,0,0,0.0,0.0,0.0,0.0,0.0
2024-05-18,2058.0,2024,5,18,5,2,20,1,0,0,-0.9749279121818236,-0.2225209339563146,0.49999999999999994,-0.8660254037844387,-0.4853019625310808,-0.8743466161445822,70.0,3990.0,8140.0,1043.142857142857,2413.4857142857136,2817.7966666666666,793.228724595863,2852.5008101817975,3007.6597260859508,0.0,2058.0,0.0,10254.0,1478.6534234232126,2838.885760360614,0,0,0,0,2.0,2.0,2.0,759.0,379.5,255.26554800834364,0.0,0.0,253.0,253.0,0.0,0.0,0.0,1.0,5,0,759.0,4.0,0.0,0.0,0.0
2024-05-19,5892.0,2024,5,19,6,2,20,1,0,0,-0.7818314824680299,0.6234898018587334,0.49999999999999994,-0.8660254037844387,-0.651372482722222,-0.7587581226927911,398.0,558.0,5000.0,1828.0,2794.4857142857136,2847.5299999999997,1939.0062747019342,2940.471858224609,3034.267999114144,0.0,5892.0,0.0,10254.0,2581.9900675674094,3035.860872595413,0,0,0,0,4.0,4.0,2.0,626.0,156.5,125.53485571744606,0.0,0.0,125.2,208.66666666666666,0.0,0.0,1.0,2.0,5,0,626.0,8.0,4.0,0.0,0.0
2024-05-20,576.0,2024,5,20,0,2,21,0,0,0,0.0,1.0,0.49999999999999994,-0.8660254037844387,-0.7907757369376986,-0.6121059825476627,1096.0,4160.0,3225.1,1753.7142857142858,2538.4857142857136,2759.2266666666665,1981.2253543607922,2968.3253156923547,3061.327475744305,0.0,5892.0,0.0,10254.0,2080.492550675557,2877.1601711376447,0,0,0,0,1.0,1.0,1.0,288.0,288.0,0.0,0.0,0.0,144.0,144.0,0.0,0.0,0.0,1.0,0,0,288.0,1.0,0.0,0.0,0.0
2024-05-21,3314.0,2024,5,21,1,2,21,0,0,0,0.7818314824680298,0.6234898018587336,0.49999999999999994,-0.8660254037844387,-0.8978045395707417,-0.44039415155763423,1766.0,2688.0,598.0,1974.857142857143,2583.1999999999994,2849.7599999999998,2067.346723747763,2975.4572251103586,3035.2585285106156,0.0,5892.0,0.0,10254.0,2388.869413006668,2905.3433859029583,0,0,0,0,2.0,2.0,2.0,250.0,125.0,63.63961030678928,0.0,0.0,83.33333333333333,83.33333333333333,0.0,0.0,0.0,1.0,0,0,250.0,4.0,0.0,0.0,0.0
2024-05-22,13568.0,2024,5,22,2,2,21,0,0,0,0.9749279121818236,-0.22252093395631434,0.49999999999999994,-0.8660254037844387,-0.9680771188662041,-0.2506525322587213,1588.0,2428.8,932.0,3686.285714285714,3378.8571428571427,3270.9599999999996,4819.9571821848485,4177.526888135945,3586.620817619168,0.0,13568.0,0.0,13568.0,5183.652059755001,3593.256715844703,0,0,0,0,5.0,5.0,3.0,380.0,76.0,169.941166289984,0.0,0.0,63.333333333333336,95.0,0.0,0.0,1.0,2.0,0,0,380.0,15.0,5.0,0.0,0.0
2024-05-23,3836.0,2024,5,23,3,2,21,0,0,0,0.43388373911755823,-0.900968867902419,0.49999999999999994,-0.8660254037844387,-0.9987165071710528,-0.05064916883871355,396.0,10254.0,8504.0,4177.714285714285,2920.4285714285716,3115.3599999999997,4598.873837302847,3688.5654646234875,3450.4364519129363,0.0,13568.0,0.0,13568.0,4846.7390448162505,3608.9175728869805,0,0,0,0,2.0,2.0,2.0,448.0,224.0,203.64675298172568,0.0,0.0,149.33333333333334,149.33333333333334,0.0,0.0,0.0,1.0,0,0,448.0,4.0,0.0,0.0,0.0
2024-05-24,576.0,2024,5,24,4,2,21,0,0,0,-0.433883739117558,-0.9009688679024191,0.49999999999999994,-0.8660254037844387,-0.9884683243281114,0.15142777750457667,0.0,6328.0,1360.0,4260.0,2509.5714285714284,3089.2266666666665,4516.073072925198,3599.07305831943,3467.1185069641347,576.0,13568.0,0.0,13568.0,3779.0542836121876,3413.245471410401,0,0,0,0,1.0,1.0,1.0,0.0,0.0,0.0,0.0,0.0,0.0,0.0,0.0,0.0,0.0,0.0,0,0,0.0,1.0,0.0,0.0,0.0
2024-05-25,2248.0,2024,5,25,5,2,21,1,0,0,-0.9749279121818236,-0.2225209339563146,0.49999999999999994,-0.8660254037844387,-0.9377521321470804,0.3473052528448203,2058.0,70.0,3396.0,4287.142857142857,2665.1428571428573,3050.9599999999996,4501.179083624332,3531.956591273067,3469.9499836999357,576.0,13568.0,0.0,13568.0,3396.2907127091407,3338.068344222633,0,0,0,0,4.0,4.0,3.0,130.0,32.5,65.0,50.0,0.0,26.0,32.5,0.27624309392265195,0.0,0.0,0.0,5,0,130.0,12.0,0.0,0.27624309392265195,0.0
2024-05-26,1188.0,2024,5,26,6,2,21,1,0,0,-0.7818314824680299,0.6234898018587334,0.49999999999999994,-0.8660254037844387,-0.848644257494751,0.5289640103269624,5892.0,398.0,956.0,3615.1428571428573,2721.5714285714284,3058.693333333333,4572.229778002984,3499.107154563972,3465.3755442538286,576.0,13568.0,0.0,13568.0,2844.2180345318557,3199.3542574985922,0,0,0,0,2.0,2.0,2.0,130.0,65.0,91.92388155425118,50.0,0.0,43.333333333333336,43.333333333333336,0.27624309392265195,0.0,0.0,0.0,5,0,130.0,4.0,0.0,0.27624309392265195,0.0
2024-05-27,2012.0,2024,5,27,0,2,22,0,0,0,0.0,1.0,0.49999999999999994,-0.8660254037844387,-0.72479278722912,0.6889669190756865,576.0,1096.0,522.0,3820.285714285714,2787.0,3108.3599999999997,4443.5496964433705,3474.8529354602647,3438.3373726264667,576.0,13568.0,0.0,13568.0,2636.1635258988917,3122.7507570148123,0,0,0,0,1.0,1.0,1.0,736.0,736.0,0.0,0.0,0.0,368.0,368.0,0.0,0.0,0.0,0.0,0,0,736.0,1.0,0.0,0.0,0.0
2024-05-28,576.0,2024,5,28,1,2,22,0,0,0,0.7818314824680298,0.6234898018587336,0.49999999999999994,-0.8660254037844387,-0.5712682150947924,0.8207634412072763,3314.0,1766.0,398.0,3429.1428571428573,2702.0,3114.293333333333,4612.8248549947375,3516.0595076787818,3433.6493728707896,576.0,13568.0,0.0,13568.0,2121.122644424169,2958.444256562244,0,0,0,0,1.0,1.0,1.0,0.0,0.0,0.0,0.0,0.0,0.0,0.0,0.0,0.0,0.0,0.0,0,0,0.0,1.0,0.0,0.0,0.0
2024-05-29,598.0,2024,5,29,2,2,22,0,0,1,0.9749279121818236,-0.22252093395631434,0.49999999999999994,-0.8660254037844387,-0.3943558551133187,0.9189578116202306,13568.0,1588.0,560.0,1576.2857142857142,2631.285714285714,3115.5599999999995,1214.9284909390274,3549.9792074921047,3432.681479402707,576.0,3836.0,0.0,13568.0,1740.3419833181265,2806.1575303324216,0,0,0,0,1.0,1.0,1.0,299.0,299.0,0.0,0.0,0.0,149.5,149.5,0.0,0.0,0.0,0.0,0,0,299.0,1.0,0.0,0.0,598.0
2024-05-30,15115.4,2024,5,30,3,2,22,0,0,1,0.43388373911755823,-0.900968867902419,0.49999999999999994,-0.8660254037844387,-0.20129852008866114,0.9795299412524943,3836.0,396.0,9456.0,3187.628571428572,3682.6714285714284,3304.2066666666665,5305.384588545965,4797.526776680556,3914.795611517145,576.0,15115.4,0.0,15115.4,5084.106487488594,3600.302205794846,0,0,0,0,4.0,4.0,2.0,1013.0,253.25,116.60581746493897,0.0,0.0,202.6,337.6666666666667,0.0,0.0,0.8112781244591328,2.0,0,0,1013.0,8.0,3.2451124978365313,0.0,15115.4
2024-05-31,796.0,2024,5,31,4,2,22,0,0,1,-0.433883739117558,-0.9009688679024191,0.49999999999999994,-0.8660254037844387,-2.4492935982947064e-16,1.0,576.0,0.0,2196.0,3219.057142857143,3739.528571428571,3257.54,5287.958064274328,4755.053716824869,3936.744502460764,576.0,15115.4,0.0,15115.4,4012.0798656164457,3419.37948284034,0,0,0,0,1.0,1.0,1.0,398.0,398.0,0.0,0.0,0.0,199.0,199.0,0.0,0.0,0.0,1.0,0,0,398.0,1.0,0.0,0.0,796.0
2024-06-01,2016.0,2024,6,1,5,2,22,1,1,0,-0.9749279121818236,-0.2225209339563146,1.2246467991473532e-16,-1.0,0.20129852008866006,0.9795299412524945,2248.0,2058.0,8856.0,3185.914285714286,3736.528571428571,3029.54,5295.779897059103,4756.209321658212,3796.913030398993,576.0,15115.4,0.0,15115.4,3513.059899212334,3328.8388710441895,0,0,0,0,1.0,1.0,1.0,180.0,180.0,0.0,0.0,0.0,90.0,90.0,0.0,0.0,0.0,0.0,6,0,180.0,1.0,0.0,0.0,0.0
2024-06-02,1628.0,2024,6,2,6,2,22,1,1,0,-0.7818314824680299,0.6234898018587334,1.2246467991473532e-16,-1.0,0.39435585511331855,0.9189578116202306,1188.0,5892.0,796.0,3248.7714285714287,3431.9571428571426,3057.273333333333,5270.665463903115,4744.073189329416,3783.049525041856,576.0,15115.4,0.0,15115.4,3041.7949244092506,3219.1073309768226,0,0,0,0,2.0,2.0,2.0,396.0,198.0,0.0,0.0,0.0,132.0,132.0,0.0,0.0,1.0,2.0,6,0,396.0,4.0,2.0,0.0,0.0
2024-06-03,3910.0,2024,6,3,0,2,23,0,1,0,0.0,1.0,1.2246467991473532e-16,-1.0,0.5712682150947923,0.8207634412072763,2012.0,576.0,3990.0,3519.914285714286,3670.0999999999995,3054.6066666666666,5245.195851261925,4672.827022922392,3782.3975153455017,576.0,15115.4,0.0,15115.4,3258.846193306938,3263.681051558963,0,0,0,0,5.0,5.0,3.0,1013.0,202.6,21.32604042010612,0.0,0.0,168.83333333333334,253.25,0.0,0.0,0.9182958340544894,2.0,0,0,1013.0,15.0,4.591479170272447,0.0,0.0
2024-06-04,1154.0,2024,6,4,1,2,23,0,0,0,0.7818314824680298,0.6234898018587336,1.2246467991473532e-16,-1.0,0.7247927872291199,0.6889669190756866,576.0,3314.0,558.0,3602.4857142857145,3515.8142857142852,3074.4733333333334,5195.441429891077,4720.900793094645,3770.3782773664307,598.0,15115.4,0.0,15115.4,2732.6346449802036,3127.5725966196756,0,0,0,0,2.0,2.0,2.0,327.0,163.5,48.79036790187178,0.0,0.0,109.0,109.0,0.0,0.0,1.0,2.0,0,0,327.0,4.0,2.0,0.0,0.0
2024-06-05,0.0,2024,6,5,2,2,23,0,0,0,0.9749279121818236,-0.22252093395631434,1.2246467991473532e-16,-1.0,0.8486442574947509,0.5289640103269624,598.0,13568.0,4160.0,3517.057142857143,2546.6714285714284,2935.8066666666664,5257.622284790329,3801.770215697804,3805.4134900558074,0.0,15115.4,0.0,15115.4,2049.4759837351526,2925.7937194184065,0,0,0,0,1.0,1.0,1.0,0.0,0.0,0.0,3800.0,0.0,0.0,0.0,0.9997369113391212,0.0,0.0,1.0,0,0,0.0,1.0,0.0,0.0,0.0
2024-06-06,5736.0,2024,6,6,3,2,23,0,0,0,0.43388373911755823,-0.900968867902419,1.2246467991473532e-16,-1.0,0.9377521321470804,0.3473052528448203,15115.4,3836.0,2688.0,2177.1428571428573,2682.3857142857137,3037.4066666666668,1987.0460008575374,3884.3525297229044,3839.109006000467,0.0,5736.0,0.0,15115.4,2971.1069878013645,3107.097350423671,0,0,0,0,5.0,5.0,2.0,1660.0,332.0,159.66214329013624,360.0,0.0,276.6666666666667,553.3333333333334,0.1781296387926769,0.0,0.0,1.0,0,0,1660.0,10.0,0.0,0.0,0.0
2024-06-07,576.0,2024,6,7,4,2,23,0,0,0,-0.433883739117558,-0.9009688679024191,1.2246467991473532e-16,-1.0,0.9884683243281114,0.1514277775045767,796.0,576.0,2428.8,2145.714285714286,2682.3857142857137,2975.646666666667,2014.0878592459735,3884.3525297229044,3864.059294070398,0.0,5736.0,0.0,15115.4,2372.3302408510235,2943.800747170531,0,0,0,0,1.0,1.0,1.0,0.0,0.0,0.0,0.0,0.0,0.0,0.0,0.0,0.0,0.0,0.0,0,0,0.0,1.0,0.0,0.0,0.0
2024-06-08,4376.0,2024,6,8,5,2,23,1,0,0,-0.9749279121818236,-0.2225209339563146,1.2246467991473532e-16,-1.0,0.9987165071710528,-0.05064916883871264,2016.0,2248.0,10254.0,2482.8571428571427,2834.3857142857137,2779.713333333333,2179.487357810835,3907.6130022258767,3623.8317437089313,0.0,5736.0,0.0,15115.4,2873.2476806382674,3036.200698965981,0,0,0,0,6.0,6.0,3.0,426.0,71.0,91.24691775616314,0.0,0.0,60.857142857142854,106.5,0.0,0.0,0.0,1.0,6,0,426.0,18.0,0.0,0.0,0.0
2024-06-09,560.0,2024,6,9,6,2,23,1,0,0,-0.7818314824680299,0.6234898018587334,1.2246467991473532e-16,-1.0,0.9680771188662043,-0.2506525322587204,1628.0,1188.0,6328.0,2330.285714285714,2789.528571428571,2587.4466666666663,2284.171747358041,3931.4979142675384,3581.8524083200823,0.0,5736.0,0.0,15115.4,2294.9357604787006,2876.445815161724,0,0,0,0,1.0,1.0,1.0,280.0,280.0,0.0,0.0,0.0,140.0,140.0,0.0,0.0,0.0,0.0,6,0,280.0,1.0,0.0,0.0,0.0
2024-06-10,3308.0,2024,6,10,0,2,24,0,0,0,0.0,1.0,1.2246467991473532e-16,-1.0,0.8978045395707416,-0.4403941515576344,3910.0,2012.0,70.0,2244.285714285714,2882.0999999999995,2695.3799999999997,2225.3576277597926,3927.037202033327,3552.039262888759,0.0,5736.0,0.0,15115.4,2548.2018203590255,2904.2880206351615,0,1,0,0,3.0,3.0,2.0,890.5,296.8333333333333,369.37796812118256,37.5,0.0,222.625,296.8333333333333,0.040365984930032295,0.0,0.0,0.0,0,0,890.5,6.0,0.0,0.0,0.0
2024-06-11,4610.0,2024,6,11,1,2,24,0,0,0,0.7818314824680298,0.6234898018587336,1.2246467991473532e-16,-1.0,0.7907757369376989,-0.6121059825476626,1154.0,576.0,398.0,2738.0,3170.242857142857,2835.7799999999997,2324.3244179761355,3892.6582605472177,3541.3272151981832,0.0,5736.0,0.0,15115.4,3063.6513652692693,3014.333954787732,0,1,0,0,5.0,5.0,3.0,881.0,176.2,106.41992294678661,195.0,0.0,146.83333333333334,220.25,0.181058495821727,0.0,0.0,1.0,0,0,881.0,15.0,0.0,0.0,0.0
2024-06-12,1728.0,2024,6,12,2,2,24,0,0,0,0.9749279121818236,-0.22252093395631434,1.2246467991473532e-16,-1.0,0.6513724827222223,-0.7587581226927909,0.0,598.0,1096.0,2984.8571428571427,3250.9571428571426,2856.8466666666664,2062.0293748773893,3846.6636126377243,3532.489514124871,560.0,5736.0,0.0,15115.4,2729.7385239519517,2931.344667382072,0,1,0,0,3.0,3.0,1.0,0.0,0.0,0.0,0.0,0.0,0.0,0.0,0.0,0.0,0.0,0.0,0,0,0.0,3.0,0.0,0.0,0.0
2024-06-13,360.0,2024,6,13,3,2,24,0,0,0,0.43388373911755823,-0.900968867902419,1.2246467991473532e-16,-1.0,0.48530196253108104,-0.8743466161445821,5736.0,15115.4,1766.0,2216.8571428571427,2196.9999999999995,2809.98,1857.6019872021193,1848.070553098735,3556.705106134028,360.0,4610.0,0.0,15115.4,2137.303892963964,2765.4514630348417,0,1,0,0,1.0,1.0,1.0,180.0,180.0,0.0,0.0,0.0,90.0,90.0,0.0,0.0,0.0,0.0,0,0,180.0,1.0,0.0,0.0,0.0
2024-06-14,1928.0,2024,6,14,4,2,24,0,0,0,-0.433883739117558,-0.9009688679024191,1.2246467991473532e-16,-1.0,0.29936312297335804,-0.9541392564000488,576.0,796.0,1588.0,2410.0,2277.857142857142,2821.313333333333,1724.0460164006006,1806.351437700707,3553.2170242183734,360.0,4610.0,0.0,15115.4,2084.9779197229727,2711.422336387433,0,1,0,0,3.0,3.0,3.0,0.0,0.0,0.0,0.0,0.0,0.0,0.0,0.0,0.0,0.0,0.0,0,0,0.0,9.0,0.0,0.0,0.0
2024-06-15,1586.0,2024,6,15,5,2,24,1,0,0,-0.9749279121818236,-0.2225209339563146,1.2246467991473532e-16,-1.0,0.10116832198743272,-0.994869323391895,4376.0,2016.0,396.0,2011.4285714285713,2247.1428571428564,2860.98,1501.9883329710253,1814.7824983957198,3531.785893596435,360.0,4610.0,0.0,15115.4,1960.2334397922295,2638.8144437172764,0,1,0,0,4.0,4.0,3.0,793.0,198.25,0.5,0.0,0.0,158.6,198.25,0.0,0.0,1.5,3.0,6,0,793.0,12.0,6.0,0.0,0.0
2024-06-16,5516.0,2024,6,16,6,2,24,1,0,0,-0.7818314824680299,0.6234898018587334,1.2246467991473532e-16,-1.0,-0.10116832198743204,-0.9948693233918952,560.0,1628.0,0.0,2719.4285714285716,2524.857142857142,3044.8466666666664,1834.9542098867357,2000.7113679943627,3521.273047882967,360.0,5516.0,0.0,15115.4,2849.175079844172,2824.439318316162,0,1,0,0,3.0,3.0,3.0,507.0,169.0,35.79106033634656,0.0,0.0,126.75,126.75,0.0,0.0,1.0,2.0,6,0,507.0,9.0,3.0,0.0,0.0
2024-06-18,1152.0,2024,6,18,1,2,25,0,0,0,0.7818314824680298,0.6234898018587336,1.2246467991473532e-16,-1.0,-0.4853019625310808,-0.8743466161445822,3308.0,3910.0,2058.0,2411.4285714285716,2327.857142857142,3014.6466666666665,1899.504747484038,1989.5841798705337,3533.8910537558972,360.0,5516.0,0.0,15115.4,2424.8813098831292,2716.540007457055,0,0,1,0,2.0,2.0,1.0,0.0,0.0,0.0,0.0,0.0,0.0,0.0,0.0,0.0,0.0,0.0,0,0,0.0,2.0,0.0,0.0,0.0
2024-06-21,1474.0,2024,6,21,4,2,25,0,0,0,-0.433883739117558,-0.9009688679024191,1.2246467991473532e-16,-1.0,-0.8978045395707417,-0.44039415155763423,4610.0,1154.0,5892.0,1963.4285714285713,2350.7142857142853,2867.3799999999997,1647.666921957959,1976.858519063896,3501.7581752894885,360.0,5516.0,0.0,15115.4,2187.160982412347,2636.3761360082126,0,0,1,0,2.0,2.0,2.0,527.0,263.5,50.204581464244875,0.0,0.0,175.66666666666666,175.66666666666666,0.0,0.0,0.0,0.0,0,0,527.0,4.0,0.0,0.0,0.0
2024-06-22,3892.0,2024,6,22,5,2,25,1,0,0,-0.9749279121818236,-0.2225209339563146,1.2246467991473532e-16,-1.0,-0.9680771188662041,-0.2506525322587213,1728.0,0.0,576.0,2272.5714285714284,2628.7142857142853,2977.913333333333,1792.754571150516,1892.7256060454504,3479.1987510734616,360.0,5516.0,0.0,15115.4,2613.37073680926,2717.3841272334894,0,0,1,0,2.0,2.0,2.0,580.0,290.0,410.1219330881976,0.0,0.0,193.33333333333334,193.33333333333334,0.0,0.0,0.0,0.0,6,0,580.0,4.0,0.0,0.0,0.0
2024-06-23,534.0,2024,6,23,6,2,25,1,0,0,-0.7818314824680299,0.6234898018587334,1.2246467991473532e-16,-1.0,-0.9987165071710528,-0.05064916883871355,360.0,5736.0,3314.0,2297.4285714285716,2257.1428571428564,2885.2466666666664,1762.771951325829,1740.2701318668971,3506.8506321723607,534.0,5516.0,0.0,15115.4,2093.528052606945,2576.5206351539096,0,0,1,0,2.0,2.0,2.0,267.0,133.5,6.363961030678928,0.0,0.0,89.0,89.0,0.0,0.0,1.0,2.0,6,0,267.0,4.0,2.0,0.0,0.0
2024-06-25,5268.0,2024,6,25,1,2,26,0,0,0,0.7818314824680298,0.6234898018587336,1.2246467991473532e-16,-1.0,-0.9377521321470804,0.3473052528448203,1928.0,576.0,13568.0,2774.5714285714284,2592.2857142857138,2608.58,2071.165119535633,1840.5172946994576,2911.937384865818,534.0,5516.0,0.0,15115.4,2887.1460394552087,2750.16446514398,0,0,0,0,2.0,2.0,2.0,198.0,99.0,140.0071426749364,0.0,0.0,66.0,66.0,0.0,0.0,0.0,1.0,0,0,198.0,4.0,0.0,0.0,0.0
2024-06-26,2138.0,2024,6,26,2,2,26,0,0,0,0.9749279121818236,-0.22252093395631434,1.2246467991473532e-16,-1.0,-0.848644257494751,0.5289640103269624,1586.0,4376.0,3836.0,2853.4285714285716,2432.428571428571,2551.98,2028.4370713386822,1769.4964392028444,2903.747754006263,534.0,5516.0,0.0,15115.4,2699.8595295914065,2710.6699835217883,0,0,0,0,2.0,2.0,1.0,1069.0,534.5,474.4686501761734,0.0,0.0,356.3333333333333,534.5,0.0,0.0,0.0,1.0,0,0,1069.0,2.0,0.0,0.0,0.0
2024-06-28,3102.0,2024,6,28,4,2,26,0,0,1,-0.433883739117558,-0.9009688679024191,1.2246467991473532e-16,-1.0,-0.5712682150947924,0.8207634412072763,5516.0,560.0,576.0,2508.5714285714284,2613.9999999999995,2636.18,1674.6819456385529,1691.2742578850164,2881.008655913436,534.0,5268.0,0.0,15115.4,2800.394647193555,2735.917081359092,0,0,0,0,3.0,3.0,2.0,180.0,60.0,103.92304845413264,0.0,0.0,45.0,60.0,0.0,0.0,0.0,0.0,0,0,180.0,6.0,0.0,0.0,3102.0
2024-06-29,4812.0,2024,6,29,5,2,26,1,0,1,-0.9749279121818236,-0.2225209339563146,1.2246467991473532e-16,-1.0,-0.3943558551133187,0.9189578116202306,1152.0,3308.0,2248.0,3031.4285714285716,2721.428571428571,2721.6466666666665,1750.199879741657,1783.973685313213,2907.0098858393453,534.0,5268.0,0.0,15115.4,3303.295985395166,2869.857914819796,0,0,0,0,2.0,2.0,2.0,358.0,179.0,26.870057685088806,50.0,0.0,119.33333333333333,119.33333333333333,0.12224938875305623,0.0,0.0,1.0,6,0,358.0,4.0,0.0,0.12224938875305623,4812.0
2024-06-30,3138.0,2024,6,30,6,2,26,1,0,1,-0.7818314824680299,0.6234898018587334,1.2246467991473532e-16,-1.0,-0.20129852008866114,0.9795299412524943,1474.0,4610.0,1188.0,3269.1428571428573,2616.2857142857138,2786.6466666666665,1610.870099105002,1705.767746322899,2893.3038972574113,534.0,5268.0,0.0,15115.4,3261.971989046375,2887.157404186261,0,1,0,0,4.0,4.0,3.0,180.0,45.0,90.0,0.0,0.0,36.0,45.0,0.0,0.0,0.0,0.0,6,0,180.0,12.0,0.0,0.0,3138.0
2024-07-01,396.0,2024,7,1,0,3,27,0,1,0,0.0,1.0,-0.4999999999999997,-0.8660254037844388,0.20129852008866006,0.9795299412524945,3892.0,1728.0,2012.0,2769.714285714286,2521.1428571428564,2732.7799999999997,1901.3333667268012,1793.9911181129155,2923.1128973442947,396.0,5268.0,0.0,15115.4,2545.478991784781,2726.4375716581153,0,1,0,0,1.0,1.0,1.0,198.0,198.0,0.0,0.0,0.0,99.0,99.0,0.0,0.0,0.0,1.0,0,0,198.0,1.0,0.0,0.0,0.0
2024-07-02,258.0,2024,7,2,1,3,27,0,1,0,0.7818314824680298,0.6234898018587336,-0.4999999999999997,-0.8660254037844388,0.39435585511331855,0.9189578116202306,534.0,360.0,576.0,2730.285714285714,2513.857142857142,2722.18,1957.4566588889456,1803.6242938612495,2931.7674237859114,258.0,5268.0,0.0,15115.4,1973.6092438385858,2567.1835347769465,0,1,0,0,1.0,1.0,1.0,129.0,129.0,0.0,0.0,0.0,64.5,64.5,0.0,0.0,0.0,1.0,0,0,129.0,1.0,0.0,0.0,0.0
2024-07-04,6714.0,2024,7,4,3,3,27,0,0,0,0.43388373911755823,-0.900968867902419,-0.4999999999999997,-0.8660254037844388,0.7247927872291199,0.6889669190756866,5268.0,1928.0,598.0,2936.8571428571427,2855.7142857142853,2926.0466666666666,2313.7668730572746,2111.3544842687256,2991.010579389992,258.0,6714.0,0.0,15115.4,3158.7069328789394,2834.720080920369,0,1,0,0,1.0,1.0,1.0,390.0,390.0,0.0,0.0,0.0,195.0,195.0,0.0,0.0,0.0,0.0,0,0,390.0,1.0,0.0,0.0,0.0
2024-07-05,6054.0,2024,7,5,4,3,27,0,0,0,-0.433883739117558,-0.9009688679024191,-0.4999999999999997,-0.8660254037844388,0.8486442574947509,0.5289640103269624,2138.0,1586.0,15115.4,3496.285714285714,3174.857142857142,2624.0,2549.796966707084,2238.5187017360117,2016.355332669833,258.0,6714.0,0.0,6714.0,3882.5301996592043,3042.415559570668,0,1,0,0,3.0,3.0,2.0,327.0,109.0,100.50373127401788,0.0,0.0,81.75,109.0,0.0,0.0,1.0,2.0,0,0,327.0,6.0,3.0,0.0,0.0
2024-07-06,6362.0,2024,7,6,5,3,27,1,0,0,-0.9749279121818236,-0.2225209339563146,-0.4999999999999997,-0.8660254037844388,0.9377521321470804,0.3473052528448203,3102.0,5516.0,796.0,3962.0,3235.2857142857138,2809.5333333333333,2755.2197734482197,2316.6349079436745,2096.823192081403,258.0,6714.0,0.0,6714.0,4502.397649744404,3256.5822976628833,0,1,0,0,3.0,3.0,3.0,469.0,156.33333333333334,171.64012739838353,50.0,0.0,117.25,117.25,0.09615384615384616,0.0,0.0,1.0,7,0,469.0,9.0,0.0,0.09615384615384616,0.0
2024-07-07,1446.0,2024,7,7,6,3,27,1,0,0,-0.7818314824680299,0.6234898018587334,-0.4999999999999997,-0.8660254037844388,0.9884683243281114,0.1514277775045767,4812.0,1152.0,2016.0,3481.1428571428573,3256.2857142857138,2790.5333333333333,2873.343199629522,2297.55145346488,2106.820250476049,258.0,6714.0,0.0,6714.0,3738.2982373083028,3139.770536523343,1,0,0,0,3.0,3.0,3.0,594.0,198.0,0.0,0.0,0.0,148.5,148.5,0.0,0.0,0.9182958340544894,2.0,7,1,594.0,9.0,2.7548875021634682,0.0,0.0
2024-07-10,654.0,2024,7,10,2,3,28,0,0,0,0.9749279121818236,-0.22252093395631434,-0.4999999999999997,-0.8660254037844388,0.8978045395707416,-0.4403941515576344,3138.0,1474.0,1628.0,3126.285714285714,3197.7142857142853,2758.0666666666666,3069.47692146865,2356.1862088021294,2132.698823384173,258.0,6714.0,0.0,6714.0,2967.223677981227,2979.3982438444173,0,0,1,0,1.0,1.0,1.0,198.0,198.0,0.0,0.0,0.0,99.0,99.0,0.0,0.0,0.0,1.0,0,0,198.0,1.0,0.0,0.0,0.0
2024-07-11,5152.0,2024,7,11,3,3,28,0,0,0,0.43388373911755823,-0.900968867902419,-0.4999999999999997,-0.8660254037844388,0.7907757369376989,-0.6121059825476626,396.0,3892.0,3910.0,3805.714285714286,3287.7142857142853,2799.4666666666667,2885.2448604515303,2408.2354672942524,2167.6005442747282,258.0,6714.0,0.0,6714.0,3513.4177584859203,3119.5660990802617,0,0,1,0,1.0,1.0,1.0,0.0,0.0,0.0,0.0,0.0,0.0,0.0,0.0,0.0,0.0,0.0,0,0,0.0,1.0,0.0,0.0,0.0
2024-07-12,792.0,2024,7,12,4,3,28,0,0,0,-0.433883739117558,-0.9009688679024191,-0.4999999999999997,-0.8660254037844388,0.6513724827222223,-0.7587581226927909,258.0,534.0,1154.0,3882.0,3306.1428571428564,2787.4,2780.9856765782515,2386.4306741737255,2178.05880988329,654.0,6714.0,0.0,6714.0,2833.06331886444,2969.40054430089,0,0,1,0,1.0,1.0,1.0,198.0,198.0,0.0,0.0,0.0,99.0,99.0,0.0,0.0,0.0,1.0,0,0,198.0,1.0,0.0,0.0,0.0
2024-07-13,13000.0,2024,7,13,5,3,28,1,0,0,-0.9749279121818236,-0.2225209339563146,-0.4999999999999997,-0.8660254037844388,0.48530196253108104,-0.8743466161445821,6714.0,5268.0,0.0,4780.0,3858.428571428571,3220.733333333333,4394.6209544548165,3506.99715325903,2806.8176351130264,654.0,13000.0,258.0,13000.0,5374.79748914833,3616.5359930556715,0,0,1,0,1.0,1.0,1.0,6000.0,6000.0,0.0,0.0,0.0,3000.0,3000.0,0.0,0.0,0.0,0.0,7,0,6000.0,1.0,0.0,0.0,0.0
2024-07-15,656.0,2024,7,15,0,3,29,0,0,0,0.0,1.0,-0.4999999999999997,-0.8660254037844388,0.10116832198743272,-0.994869323391895,6054.0,2138.0,5736.0,4008.8571428571427,3752.571428571428,3051.4,4602.496258501887,3584.4339905997626,2803.074723129611,654.0,13000.0,258.0,13000.0,4195.098116861247,3425.533670923048,0,0,0,0,2.0,2.0,2.0,328.0,164.0,49.49747468305833,0.0,0.0,109.33333333333333,109.33333333333333,0.0,0.0,1.0,2.0,0,0,328.0,4.0,2.0,0.0,0.0
2024-07-16,456.0,2024,7,16,1,3,29,0,0,0,0.7818314824680298,0.6234898018587336,-0.4999999999999997,-0.8660254037844388,-0.10116832198743204,-0.9948693233918952,6362.0,3102.0,576.0,3165.1428571428573,3563.571428571428,3047.4,4640.4088695060655,3689.592612789595,2806.812065745347,456.0,13000.0,258.0,13000.0,3260.3235876459353,3233.9508534441416,0,0,0,0,1.0,1.0,1.0,228.0,228.0,0.0,0.0,0.0,114.0,114.0,0.0,0.0,0.0,0.0,0,0,228.0,1.0,0.0,0.0,0.0
2024-07-18,1172.0,2024,7,18,3,3,29,0,0,0,0.43388373911755823,-0.900968867902419,-0.4999999999999997,-0.8660254037844388,-0.4853019625310808,-0.8743466161445822,1446.0,4812.0,4376.0,3126.0,3303.571428571428,2940.6,4658.447667052486,3722.952275862739,2815.4584682084665,456.0,13000.0,258.0,13000.0,2738.2426907344516,3100.9217661251646,0,0,0,0,2.0,2.0,2.0,198.0,99.0,140.0071426749364,0.0,0.0,66.0,66.0,0.0,0.0,0.0,1.0,0,0,198.0,4.0,0.0,0.0,0.0
2024-07-20,1828.0,2024,7,20,5,3,29,1,0,0,-0.9749279121818236,-0.2225209339563146,-0.4999999999999997,-0.8660254037844388,-0.7907757369376986,-0.6121059825476627,654.0,3138.0,560.0,3293.714285714286,3209.9999999999995,2982.866666666667,4575.003304708677,3743.8377676882756,2787.870361767716,456.0,13000.0,258.0,13000.0,2510.6820180508385,3018.797781213864,0,0,0,0,2.0,2.0,2.0,397.0,198.5,98.2878425849301,100.0,0.0,132.33333333333334,132.33333333333334,0.20080321285140562,0.0,0.0,1.0,7,0,397.0,4.0,0.0,0.20080321285140562,0.0
2024-07-21,2366.0,2024,7,21,6,3,29,1,0,0,-0.7818314824680299,0.6234898018587334,-0.4999999999999997,-0.8660254037844388,-0.8978045395707417,-0.44039415155763423,5152.0,396.0,3308.0,2895.714285714286,3350.7142857142853,2951.4666666666667,4507.078348342231,3666.151921577693,2789.3865811053233,456.0,13000.0,258.0,13000.0,2474.511513538129,2976.6817953290983,0,0,0,0,3.0,3.0,3.0,607.0,202.33333333333334,116.12206221615827,0.0,0.0,151.75,151.75,0.0,0.0,0.0,1.0,7,0,607.0,9.0,0.0,0.0,0.0
2024-07-22,2316.0,2024,7,22,0,3,30,0,0,0,0.0,1.0,-0.4999999999999997,-0.8660254037844388,-0.9680771188662041,-0.2506525322587213,792.0,258.0,4610.0,3113.4285714285716,3497.7142857142853,2875.0,4424.575115463747,3572.6733672434834,2773.7520834943994,456.0,13000.0,258.0,13000.0,2434.8836351535965,2934.0571633723825,0,0,0,0,2.0,2.0,1.0,180.0,90.0,127.27922061357856,0.0,0.0,60.0,90.0,0.0,0.0,0.0,0.0,0,0,180.0,2.0,0.0,0.0,0.0
2024-07-23,6380.0,2024,7,23,1,3,30,0,0,0,0.7818314824680298,0.6234898018587336,-0.4999999999999997,-0.8660254037844388,-0.9987165071710528,-0.05064916883871355,13000.0,6714.0,1728.0,2167.714285714286,3473.857142857142,3030.0666666666666,2005.2745210474359,3550.5908903067907,2836.737829381409,456.0,6380.0,258.0,13000.0,3421.162726365197,3156.3760560580354,0,0,0,0,2.0,2.0,2.0,378.0,189.0,12.727922061357855,0.0,0.0,126.0,126.0,0.0,0.0,0.0,1.0,0,0,378.0,4.0,0.0,0.0,0.0
2024-07-24,1360.0,2024,7,24,2,3,30,0,0,0,0.9749279121818236,-0.22252093395631434,-0.4999999999999997,-0.8660254037844388,-0.9884683243281114,0.15142777750457667,656.0,6054.0,360.0,2268.285714285714,3138.571428571428,3063.4,1933.1785323904653,3509.5963764049307,2810.0306612635472,456.0,6380.0,258.0,13000.0,2905.872044773898,3040.4808266349364,0,0,0,0,1.0,1.0,1.0,680.0,680.0,0.0,0.0,0.0,340.0,340.0,0.0,0.0,0.0,1.0,0,0,680.0,1.0,0.0,0.0,0.0
2024-07-25,258.0,2024,7,25,3,3,30,0,0,0,0.43388373911755823,-0.900968867902419,-0.4999999999999997,-0.8660254037844388,-0.9377521321470804,0.3473052528448203,456.0,6362.0,1928.0,2240.0,2702.571428571428,3007.733333333333,1965.2965849120033,3457.10331645718,2849.5617924858675,258.0,6380.0,258.0,13000.0,2243.9040335804234,2860.9659345939726,0,0,0,0,1.0,1.0,1.0,129.0,129.0,0.0,0.0,0.0,64.5,64.5,0.0,0.0,0.0,1.0,0,0,129.0,1.0,0.0,0.0,0.0
2024-07-26,4320.0,2024,7,26,4,3,30,0,0,0,-0.433883739117558,-0.9009688679024191,-0.4999999999999997,-0.8660254037844388,-0.848644257494751,0.5289640103269624,1172.0,1446.0,1586.0,2689.714285714286,2907.857142857142,3098.866666666667,2038.97112242801,3462.074030607446,2846.2414991114574,258.0,6380.0,258.0,13000.0,2762.9280251853174,2955.097164620168,0,0,0,0,3.0,3.0,2.0,396.0,132.0,114.3153532995459,0.0,0.0,99.0,132.0,0.0,0.0,0.0,1.0,0,0,396.0,6.0,0.0,0.0,0.0
2024-07-27,5454.0,2024,7,27,5,3,30,1,0,0,-0.9749279121818236,-0.2225209339563146,-0.4999999999999997,-0.8660254037844388,-0.72479278722912,0.6889669190756865,1828.0,654.0,5516.0,3207.714285714286,3250.7142857142853,3096.8,2234.7585786303603,3459.376253883633,2844.44783321156,258.0,6380.0,258.0,13000.0,3435.696018888988,3116.316702386609,0,0,0,0,3.0,3.0,1.0,727.0,242.33333333333334,314.69720896972274,0.0,0.0,181.75,363.5,0.0,0.0,0.0,1.0,7,0,727.0,3.0,0.0,0.0,0.0
2024-07-28,0.0,2024,7,28,6,3,30,1,0,0,-0.7818314824680299,0.6234898018587334,-0.4999999999999997,-0.8660254037844388,-0.5712682150947924,0.8207634412072763,2366.0,5152.0,1152.0,2869.714285714286,2882.7142857142853,3058.4,2541.1977303551175,3515.1432059365166,2879.171978669994,0.0,6380.0,0.0,13000.0,2576.772014166741,2915.264011910054,0,0,0,0,0.0,0.0,0.0,0.0,0.0,0.0,0.0,0.0,0.0,0.0,0.0,0.0,0.0,0.0,7,0,0.0,0.0,0.0,0.0,0.0
2024-07-29,4084.0,2024,7,29,0,3,31,0,0,1,0.0,1.0,-0.4999999999999997,-0.8660254037844388,-0.3943558551133187,0.9189578116202306,2316.0,792.0,1474.0,3122.285714285714,3117.857142857142,3145.4,2564.7436333407654,3474.4000446594464,2869.0606969456903,0.0,6380.0,0.0,13000.0,2953.5790106250556,2990.6663337223085,0,0,0,0,3.0,3.0,3.0,278.0,92.66666666666667,99.60589005341669,0.0,0.0,69.5,69.5,0.0,0.0,1.0,2.0,0,0,278.0,9.0,3.0,0.0,4084.0
2024-07-30,1192.0,2024,7,30,1,3,31,0,0,1,0.7818314824680298,0.6234898018587336,-0.4999999999999997,-0.8660254037844388,-0.20129852008866114,0.9795299412524943,6380.0,13000.0,3892.0,2381.1428571428573,2274.428571428571,3055.4,2188.4435434475467,2019.5562617826183,2887.1243848842005,0.0,5454.0,0.0,13000.0,2513.184257968792,2874.6233444499017,0,0,0,0,2.0,2.0,2.0,200.0,100.0,0.0,0.0,0.0,66.66666666666667,66.66666666666667,0.0,0.0,1.0,2.0,0,0,200.0,4.0,2.0,0.0,1192.0
2024-07-31,0.0,2024,7,31,2,3,31,0,0,1,0.9749279121818236,-0.22252093395631434,-0.4999999999999997,-0.8660254037844388,-2.4492935982947064e-16,1.0,1360.0,656.0,534.0,2186.8571428571427,2227.571428571428,3037.6,2348.7085407780864,2067.0468237145624,2904.7976675932255,0.0,5454.0,0.0,13000.0,1884.8881934765939,2689.1637738402305,0,0,0,0,0.0,0.0,0.0,0.0,0.0,0.0,0.0,0.0,0.0,0.0,0.0,0.0,0.0,0.0,0,0,0.0,0.0,0.0,0.0,0.0
2024-08-01,22254.0,2024,8,1,3,3,31,0,1,0,0.43388373911755823,-0.900968867902419,-0.8660254037844384,-0.5000000000000004,0.20129852008866006,0.9795299412524945,258.0,456.0,5268.0,5329.142857142857,3784.571428571428,3603.8,7777.645389802998,5680.768931082442,4546.220509845272,0.0,22254.0,0.0,22254.0,6977.166145107445,3951.4112723021517,0,0,0,0,2.0,2.0,2.0,10929.0,5464.5,7545.5364620416485,0.0,0.0,3643.0,3643.0,0.0,0.0,0.0,1.0,0,0,10929.0,4.0,0.0,0.0,0.0
2024-08-02,5526.0,2024,8,2,4,3,31,0,1,0,-0.433883739117558,-0.9009688679024191,-0.8660254037844384,-0.5000000000000004,0.39435585511331855,0.9189578116202306,4320.0,1172.0,2138.0,5501.428571428572,4095.571428571428,3716.733333333333,7764.9126815683485,5645.813380308866,4550.631528232868,0.0,22254.0,0.0,22254.0,6614.374608830583,4052.9976418310453,0,0,0,0,1.0,1.0,1.0,0.0,0.0,0.0,0.0,0.0,0.0,0.0,0.0,0.0,0.0,0.0,0,0,0.0,1.0,0.0,0.0,0.0
2024-08-04,398.0,2024,8,4,6,3,31,1,0,0,-0.7818314824680299,0.6234898018587334,-0.8660254037844384,-0.5000000000000004,0.7247927872291199,0.6889669190756866,5454.0,1828.0,3102.0,4779.142857142857,3993.428571428571,3626.6,8001.604743811738,5702.643135009819,4589.837143831623,0.0,22254.0,0.0,22254.0,5060.280956622937,3817.1913423580745,0,0,0,0,1.0,1.0,1.0,199.0,199.0,0.0,0.0,0.0,99.5,99.5,0.0,0.0,0.0,1.0,8,0,199.0,1.0,0.0,0.0,0.0
2024-08-05,2950.0,2024,8,5,0,3,32,0,0,0,0.0,1.0,-0.8660254037844384,-0.5000000000000004,0.8486442574947509,0.5289640103269624,0.0,2366.0,4812.0,5200.571428571428,4035.1428571428564,3564.5333333333333,7782.634662228102,5691.948846425938,4585.842499463423,0.0,22254.0,0.0,22254.0,4532.710717467203,3761.2435138188443,0,0,0,0,2.0,2.0,2.0,588.0,294.0,135.7645019878171,0.0,0.0,196.0,196.0,0.0,0.0,0.0,1.0,0,0,588.0,4.0,0.0,0.0,0.0
2024-08-06,160.0,2024,8,6,1,3,32,0,0,0,0.7818314824680298,0.6234898018587336,-0.8660254037844384,-0.5000000000000004,0.9377521321470804,0.3473052528448203,4084.0,2316.0,3138.0,4640.0,3881.1428571428564,3465.266666666667,8014.334657349919,5770.661325348077,4627.436513347034,0.0,22254.0,0.0,22254.0,3439.5330381004023,3528.9052226047256,0,0,0,0,1.0,1.0,1.0,80.0,80.0,0.0,0.0,0.0,40.0,40.0,0.0,0.0,0.0,1.0,0,0,80.0,1.0,0.0,0.0,0.0
2024-08-07,1450.0,2024,8,7,2,3,32,0,0,0,0.9749279121818236,-0.22252093395631434,-0.8660254037844384,-0.5000000000000004,0.9884683243281114,0.1514277775045767,1192.0,6380.0,396.0,4676.857142857143,3528.9999999999995,3500.4,7996.408015031323,5756.848911046327,4607.287193431564,0.0,22254.0,0.0,22254.0,2942.1497785753018,3394.7823050173242,0,0,0,0,3.0,3.0,2.0,526.0,175.33333333333334,40.12895878705718,0.0,0.0,131.5,175.33333333333334,0.0,0.0,0.9182958340544894,2.0,0,0,526.0,6.0,2.7548875021634682,0.0,0.0
2024-08-08,774.0,2024,8,8,3,3,32,0,0,0,0.43388373911755823,-0.900968867902419,-0.8660254037844384,-0.5000000000000004,0.9987165071710528,-0.05064916883871264,0.0,1360.0,258.0,4787.428571428572,3487.1428571428564,3517.6,7926.001153527189,5775.9312117300415,4595.713847218636,160.0,22254.0,0.0,22254.0,2400.1123339314763,3225.6995756613683,0,0,0,0,2.0,2.0,1.0,258.0,129.0,0.0,0.0,0.0,86.0,129.0,0.0,0.0,1.0,2.0,0,0,258.0,2.0,2.0,0.0,0.0
2024-08-09,6182.0,2024,8,9,4,3,32,0,0,0,-0.433883739117558,-0.9009688679024191,-0.8660254037844384,-0.5000000000000004,0.9680771188662043,-0.2506525322587204,22254.0,258.0,6714.0,2491.4285714285716,3910.2857142857138,3499.866666666667,2479.629196549572,5738.038735271176,4583.966086813617,160.0,6182.0,0.0,22254.0,3345.5842504486072,3416.428635296119,0,0,0,0,3.0,3.0,2.0,328.0,109.33333333333333,189.37088829419724,250.0,0.0,82.0,109.33333333333333,0.4317789291882556,0.0,0.0,1.0,0,0,328.0,6.0,0.0,0.0,0.0
2024-08-10,6514.0,2024,8,10,5,3,32,1,0,0,-0.9749279121818236,-0.2225209339563146,-0.8660254037844384,-0.5000000000000004,0.8978045395707416,-0.4403941515576344,5526.0,4320.0,6054.0,2632.5714285714284,4066.9999999999995,3515.2,2699.517664148123,5779.897403933733,4593.56355094295,160.0,6514.0,0.0,22254.0,4137.688187836456,3616.271949147982,0,0,0,0,2.0,2.0,2.0,129.0,64.5,91.21677477306463,0.0,0.0,43.0,43.0,0.0,0.0,0.0,1.0,8,0,129.0,4.0,0.0,0.0,0.0
2024-08-11,872.0,2024,8,11,6,3,32,1,0,0,-0.7818314824680299,0.6234898018587334,-0.8660254037844384,-0.5000000000000004,0.7907757369376989,-0.6121059825476626,398.0,5454.0,6362.0,2700.285714285714,3739.7142857142853,3332.2,2639.399534887059,5824.8698556418185,4585.5903346506275,160.0,6514.0,0.0,22254.0,3321.266140877342,3439.222145977145,0,0,0,0,1.0,1.0,1.0,436.0,436.0,0.0,100.0,0.0,218.0,218.0,0.186219739292365,0.0,0.0,0.0,8,0,436.0,1.0,0.0,0.186219739292365,0.0
2024-08-13,4340.0,2024,8,13,1,3,33,0,0,0,0.7818314824680298,0.6234898018587336,-0.8660254037844384,-0.5000000000000004,0.48530196253108104,-0.8743466161445821,2950.0,0.0,1446.0,2898.8571428571427,4049.7142857142853,3428.6666666666665,2712.5901170020607,5725.16640575855,4574.970354781145,160.0,6514.0,0.0,22254.0,3575.9496056580065,3497.3368462366843,0,0,0,0,6.0,4.0,3.0,1522.0,253.66666666666666,72.98675678961675,0.0,0.0,304.4,380.5,0.0,0.0,1.5,3.0,0,0,1522.0,12.0,9.0,0.0,0.0
2024-08-14,11150.0,2024,8,14,2,3,33,0,0,0,0.9749279121818236,-0.22252093395631434,-0.8660254037844384,-0.5000000000000004,0.29936312297335804,-0.9541392564000488,160.0,4084.0,654.0,4468.857142857143,4554.428571428571,3778.5333333333333,3818.2585659159504,6031.675780848522,4753.322872100807,774.0,11150.0,0.0,22254.0,5469.462204243505,3991.057049705286,0,0,0,0,4.0,4.0,2.0,858.0,214.5,261.05108056981237,0.0,0.0,171.6,286.0,0.0,0.0,0.0,1.0,0,0,858.0,8.0,0.0,0.0,0.0
2024-08-16,1750.0,2024,8,16,4,3,33,0,0,0,-0.433883739117558,-0.9009688679024191,-0.8660254037844384,-0.5000000000000004,-0.10116832198743204,-0.9948693233918952,1450.0,1192.0,5152.0,4511.714285714285,4594.285714285714,3665.133333333333,3780.220880419815,6009.550852646923,4760.002251037802,774.0,11150.0,0.0,22254.0,4539.596653182629,3846.4727239178483,0,0,0,0,3.0,3.0,2.0,677.0,225.66666666666666,47.05670338361298,0.0,0.0,169.25,225.66666666666666,0.0,0.0,1.584962500721156,3.0,0,0,677.0,6.0,4.754887502163468,0.0,0.0
2024-08-17,12290.4,2024,8,17,5,3,33,1,0,0,-0.9749279121818236,-0.2225209339563146,-0.8660254037844384,-0.5000000000000004,-0.2993631229733582,-0.9541392564000488,774.0,0.0,792.0,6156.914285714286,5472.171428571428,4048.413333333333,4346.091759818458,6182.010291337092,4978.589485312507,872.0,12290.4,0.0,22254.0,6477.297489886972,4391.2422256005675,0,0,0,0,1.0,1.0,1.0,6145.2,6145.2,0.0,0.0,0.0,3072.6,3072.6,0.0,0.0,0.0,1.0,8,0,6145.2,1.0,0.0,0.0,0.0
2024-08-19,360.0,2024,8,19,0,3,34,0,0,0,0.0,1.0,-0.8660254037844384,-0.5000000000000004,-0.651372482722222,-0.7587581226927911,6182.0,22254.0,13000.0,5325.2,3908.3142857142852,3627.08,4866.422828594603,3991.2375599280135,4723.20785340669,360.0,12290.4,0.0,22254.0,4947.973117415228,4131.162082013434,0,0,0,0,1.0,1.0,1.0,180.0,180.0,0.0,0.0,0.0,90.0,90.0,0.0,0.0,0.0,0.0,0,0,180.0,1.0,0.0,0.0,0.0
2024-08-21,2892.0,2024,8,21,2,3,34,0,0,0,0.9749279121818236,-0.22252093395631434,-0.8660254037844384,-0.5000000000000004,-0.8978045395707417,-0.44039415155763423,6514.0,5526.0,656.0,4807.771428571429,3720.1714285714284,3701.6133333333332,4911.305281258164,3971.1471288685316,4692.247641973841,360.0,12290.4,0.0,22254.0,4433.979838061421,4051.216141238374,0,0,0,0,1.0,1.0,1.0,328.0,328.0,0.0,0.0,0.0,164.0,164.0,0.0,0.0,0.0,1.0,0,0,328.0,1.0,0.0,0.0,0.0
2024-08-23,396.0,2024,8,23,4,3,34,0,0,0,-0.433883739117558,-0.9009688679024191,-0.8660254037844384,-0.5000000000000004,-0.9987165071710528,-0.05064916883871355,872.0,398.0,456.0,4739.771428571429,3720.028571428571,3699.6133333333332,4977.726720004591,3971.275866951133,4693.691304053454,360.0,12290.4,0.0,22254.0,3424.484878546066,3815.3957450294465,0,0,0,0,1.0,1.0,1.0,198.0,198.0,0.0,0.0,0.0,99.0,99.0,0.0,0.0,0.0,1.0,0,0,198.0,1.0,0.0,0.0,0.0
2024-08-24,4696.0,2024,8,24,5,3,34,1,0,0,-0.9749279121818236,-0.2225209339563146,-0.8660254037844384,-0.5000000000000004,-0.9884683243281114,0.15142777750457667,4340.0,2950.0,1172.0,4790.628571428571,3844.742857142857,3817.08,4974.779281440299,3972.649195864958,4672.3006529973945,360.0,12290.4,0.0,22254.0,3742.3636589095495,3872.2089227694823,0,1,0,0,2.0,2.0,2.0,0.0,0.0,0.0,0.0,0.0,0.0,0.0,0.0,0.0,0.0,1.0,8,0,0.0,4.0,0.0,0.0,0.0
2024-08-25,598.0,2024,8,25,6,3,34,1,0,0,-0.7818314824680299,0.6234898018587334,-0.8660254037844384,-0.5000000000000004,-0.9377521321470804,0.3473052528448203,11150.0,160.0,1828.0,3283.2000000000003,3876.028571428571,3776.08,4276.30519023141,3943.0127816231916,4695.695076042768,360.0,12290.4,0.0,22254.0,2956.272744182162,3660.969637429516,0,1,0,0,1.0,1.0,1.0,299.0,299.0,0.0,0.0,0.0,149.5,149.5,0.0,0.0,0.0,0.0,8,0,299.0,1.0,0.0,0.0,0.0
2024-08-27,198.0,2024,8,27,1,3,35,0,0,0,0.7818314824680298,0.6234898018587336,-0.8660254037844384,-0.5000000000000004,-0.72479278722912,0.6889669190756865,1750.0,1450.0,2366.0,3061.4857142857145,3786.5999999999995,3703.813333333333,4407.273773898706,4015.794416282544,4734.665526964895,198.0,12290.4,0.0,22254.0,2266.7045581366215,3437.552241466322,0,1,0,0,1.0,1.0,1.0,99.0,99.0,0.0,0.0,0.0,49.5,49.5,0.0,0.0,0.0,0.0,0,0,99.0,1.0,0.0,0.0,0.0
2024-08-28,3750.0,2024,8,28,2,3,35,0,0,0,0.9749279121818236,-0.22252093395631434,-0.8660254037844384,-0.5000000000000004,-0.5712682150947924,0.8207634412072763,12290.4,774.0,2316.0,1841.4285714285713,3999.1714285714284,3751.6133333333332,1889.6996989948163,3921.722841073513,4727.404456900882,198.0,4696.0,0.0,22254.0,2637.528418602466,3457.710161371721,0,1,0,0,5.0,5.0,3.0,1060.0,212.0,31.304951684997057,0.0,0.0,176.66666666666666,265.0,0.0,0.0,1.5,3.0,0,0,1060.0,15.0,7.5,0.0,0.0
2024-08-30,756.0,2024,8,30,4,3,35,0,0,1,-0.433883739117558,-0.9009688679024191,-0.8660254037844384,-0.5000000000000004,-0.20129852008866114,0.9795299412524943,360.0,6182.0,6380.0,1898.0,3611.5999999999995,3564.1466666666665,1843.317299508365,3957.3620615447544,4731.090143073258,198.0,4696.0,0.0,22254.0,2167.1463139518496,3283.4062799929006,0,1,0,0,2.0,2.0,2.0,378.0,189.0,12.727922061357855,0.0,0.0,126.0,126.0,0.0,0.0,1.0,2.0,0,0,378.0,4.0,2.0,0.0,756.0
2024-08-31,1576.0,2024,8,31,5,3,35,1,0,1,-0.9749279121818236,-0.2225209339563146,-0.8660254037844384,-0.5000000000000004,-2.4492935982947064e-16,1.0,2892.0,6514.0,1360.0,1710.0,3258.8857142857137,3571.3466666666664,1791.4217817142205,3898.395397489169,4727.783302675511,198.0,4696.0,0.0,22254.0,2019.3597354638873,3173.251036122391,1,0,0,0,2.0,2.0,2.0,608.0,304.0,33.94112549695428,100.0,0.0,202.66666666666666,202.66666666666666,0.14104372355430184,0.0,0.0,1.0,8,1,608.0,4.0,0.0,0.14104372355430184,1576.0
2024-09-03,396.0,2024,9,3,1,3,36,0,1,0,0.7818314824680298,0.6234898018587336,-1.0,-1.8369701987210297e-16,0.5712682150947923,0.8207634412072763,396.0,872.0,258.0,1710.0,3224.8857142857137,3575.9466666666663,1791.4217817142203,3922.813295593841,4724.514349333416,198.0,4696.0,0.0,22254.0,1613.5198015979154,2994.0735499209463,0,0,1,0,1.0,1.0,1.0,198.0,198.0,0.0,0.0,0.0,99.0,99.0,0.0,0.0,0.0,1.0,0,0,198.0,1.0,0.0,0.0,0.0
2024-09-04,6290.0,2024,9,4,2,3,36,0,0,0,0.9749279121818236,-0.22252093395631434,-1.0,-1.8369701987210297e-16,0.7247927872291199,0.6889669190756866,4696.0,4340.0,4320.0,1937.7142857142858,3364.1714285714284,3641.6133333333332,2271.2837569889957,3999.3256407373533,4748.840679121384,198.0,6290.0,0.0,22254.0,2782.6398511984366,3206.7139660550793,0,0,1,0,2.0,1.0,1.0,586.0,293.0,94.75230867899737,0.0,0.0,293.0,293.0,0.0,0.0,0.0,0.0,0,0,586.0,1.0,0.0,0.0,0.0
2024-09-06,258.0,2024,9,6,4,3,36,0,0,0,-0.433883739117558,-0.9009688679024191,-1.0,-1.8369701987210297e-16,0.9377521321470804,0.3473052528448203,598.0,11150.0,5454.0,1889.142857142857,2586.1714285714284,3468.413333333333,2308.046463178465,3379.6343788204945,4775.141422836798,198.0,6290.0,0.0,22254.0,2151.4798883988274,3016.4743553418484,0,0,1,0,1.0,1.0,1.0,129.0,129.0,0.0,0.0,0.0,64.5,64.5,0.0,0.0,0.0,1.0,0,0,129.0,1.0,0.0,0.0,0.0
2024-09-07,1856.0,2024,9,7,5,3,36,1,0,0,-0.9749279121818236,-0.2225209339563146,-1.0,-1.8369701987210297e-16,0.9884683243281114,0.1514277775045767,198.0,1750.0,0.0,2126.0,2593.742857142857,3530.2799999999997,2187.498419047079,3377.735199739662,4740.553051570935,258.0,6290.0,0.0,22254.0,2077.6099162991204,2941.6050420939873,0,0,1,0,2.0,2.0,1.0,370.0,185.0,7.0710678118654755,0.0,0.0,123.33333333333333,185.0,0.0,0.0,0.0,1.0,9,0,370.0,2.0,0.0,0.0,0.0
2024-09-08,748.0,2024,9,8,6,3,36,1,0,0,-0.7818314824680299,0.6234898018587334,-1.0,-1.8369701987210297e-16,0.9987165071710528,-0.05064916883871264,3750.0,12290.4,4084.0,1697.142857142857,1769.2857142857138,3419.08,2108.908677378886,1925.2098558367295,4766.1737953176125,258.0,6290.0,0.0,22254.0,1745.2074372243403,2800.08213615244,0,0,0,0,1.0,1.0,1.0,198.0,198.0,0.0,0.0,0.0,99.0,99.0,0.0,0.0,0.0,1.0,9,0,198.0,1.0,0.0,0.0,0.0
2024-09-09,5016.0,2024,9,9,0,3,37,0,0,0,0.0,1.0,-1.0,-1.8369701987210297e-16,0.9680771188662043,-0.2506525322587204,756.0,360.0,1192.0,2305.714285714286,2101.857142857142,3546.5466666666666,2388.2184234477736,2060.4376628855475,4755.681909821365,258.0,6290.0,0.0,22254.0,2562.9055779182554,2943.0445789813148,0,1,0,0,2.0,2.0,1.0,180.0,90.0,127.27922061357856,0.0,0.0,60.0,90.0,0.0,0.0,0.0,0.0,0,0,180.0,2.0,0.0,0.0,0.0
2024-09-11,1952.0,2024,9,11,2,3,37,0,0,0,0.9749279121818236,-0.22252093395631434,-1.0,-1.8369701987210297e-16,0.7907757369376989,-0.6121059825476626,1576.0,2892.0,0.0,2359.4285714285716,2034.714285714285,3611.6133333333332,2373.2522591824104,2047.9870202627574,4718.694946971525,258.0,6290.0,160.0,22254.0,2410.1791834386913,2879.1062190470366,0,1,0,0,2.0,2.0,1.0,478.0,239.0,57.982756057296896,0.0,0.0,159.33333333333334,239.0,0.0,0.0,1.0,2.0,0,0,478.0,2.0,2.0,0.0,0.0
2024-09-12,654.0,2024,9,12,3,3,37,0,0,0,0.43388373911755823,-0.900968867902419,-1.0,-1.8369701987210297e-16,0.6513724827222223,-0.7587581226927909,396.0,396.0,22254.0,2396.285714285714,2053.1428571428564,2891.6133333333332,2339.4402260858683,2033.2144635883712,3169.756185960785,258.0,6290.0,160.0,12290.4,1971.1343875790185,2735.5509791085183,0,1,0,0,1.0,1.0,1.0,129.0,129.0,0.0,0.0,0.0,64.5,64.5,0.0,0.0,0.0,1.0,0,0,129.0,1.0,0.0,0.0,0.0
2024-09-13,572.0,2024,9,13,4,3,37,0,0,0,-0.433883739117558,-0.9009688679024191,-1.0,-1.8369701987210297e-16,0.48530196253108104,-0.8743466161445821,6290.0,4696.0,5526.0,1579.4285714285713,1758.571428571428,2726.48,1649.9546314109489,1916.241742991293,3156.79789992413,258.0,5016.0,160.0,12290.4,1621.3507906842638,2595.967044972485,0,1,0,0,1.0,1.0,1.0,198.0,198.0,0.0,0.0,0.0,99.0,99.0,0.0,0.0,0.0,1.0,0,0,198.0,1.0,0.0,0.0,0.0
2024-09-14,6642.0,2024,9,14,5,3,37,1,0,0,-0.9749279121818236,-0.2225209339563146,-1.0,-1.8369701987210297e-16,0.29936312297335804,-0.9541392564000488,258.0,598.0,398.0,2491.4285714285716,2190.2857142857138,2934.6133333333332,2394.2761506798684,2280.813600739564,3203.477150043442,572.0,6642.0,160.0,12290.4,2876.5130930131977,2857.0014291678085,0,1,0,0,1.0,1.0,1.0,0.0,0.0,0.0,0.0,0.0,0.0,0.0,0.0,0.0,0.0,0.0,9,0,0.0,1.0,0.0,0.0,0.0
2024-09-15,258.0,2024,9,15,6,3,37,1,0,0,-0.7818314824680299,0.6234898018587334,-1.0,-1.8369701987210297e-16,0.10116832198743272,-0.994869323391895,1856.0,198.0,2950.0,2263.1428571428573,2194.571428571428,2844.8799999999997,2536.8938638008894,2276.834973050394,3240.5202313719496,258.0,6642.0,160.0,12290.4,2221.884819759898,2689.323917608595,0,1,0,0,1.0,1.0,1.0,129.0,129.0,0.0,0.0,0.0,64.5,64.5,0.0,0.0,0.0,1.0,9,0,129.0,1.0,0.0,0.0,0.0
2024-09-16,10072.0,2024,9,16,0,3,38,0,0,0,0.0,1.0,-1.0,-1.8369701987210297e-16,-0.10116832198743204,-0.9948693233918952,748.0,3750.0,160.0,3595.1428571428573,2646.1428571428564,3175.2799999999997,3761.1613201497435,3090.573704698809,3455.5099818635313,258.0,10072.0,198.0,12290.4,4184.413614819923,3165.6256003435246,1,0,0,0,5.0,4.0,3.0,1036.0,207.2,131.5948327253012,0.0,0.0,207.2,259.0,0.0,0.0,0.0,1.0,0,0,1036.0,12.0,0.0,0.0,0.0
2024-09-18,7524.0,2024,9,18,2,3,38,0,0,0,0.9749279121818236,-0.22252093395631434,-1.0,-1.8369701987210297e-16,-0.4853019625310808,-0.8743466161445822,5016.0,756.0,1450.0,3953.4285714285716,3129.571428571428,3377.7466666666664,4028.9889077841467,3294.7557564264753,3528.118184717346,258.0,10072.0,198.0,12290.4,5019.310211114942,3446.8110454826524,0,0,1,0,2.0,2.0,1.0,180.0,90.0,127.27922061357856,0.0,0.0,60.0,90.0,0.0,0.0,0.0,0.0,0,0,180.0,2.0,0.0,0.0,0.0
2024-09-20,794.0,2024,9,20,4,3,38,0,0,0,-0.433883739117558,-0.9009688679024191,-1.0,-1.8369701987210297e-16,-0.7907757369376986,-0.6121059825476627,1952.0,1576.0,774.0,3788.0,3073.7142857142853,3378.413333333333,4146.910818107066,3329.564892538704,3527.611073227023,258.0,10072.0,198.0,12290.4,3962.9826583362064,3275.661945774094,0,0,1,0,1.0,1.0,1.0,198.0,198.0,0.0,0.0,0.0,99.0,99.0,0.0,0.0,0.0,1.0,0,0,198.0,1.0,0.0,0.0,0.0
2024-09-21,396.0,2024,9,21,5,3,38,1,0,0,-0.9749279121818236,-0.2225209339563146,-1.0,-1.8369701987210297e-16,-0.8978045395707417,-0.44039415155763423,654.0,396.0,6182.0,3751.1428571428573,3073.7142857142853,3185.5466666666666,4180.41893548847,3329.564892538704,3527.2140085179044,258.0,10072.0,198.0,12290.4,3071.236993752155,3089.8773041112495,0,0,1,0,1.0,1.0,1.0,198.0,198.0,0.0,0.0,0.0,99.0,99.0,0.0,0.0,0.0,1.0,9,0,198.0,1.0,0.0,0.0,0.0
2024-09-22,2364.0,2024,9,22,6,3,38,1,0,0,-0.7818314824680299,0.6234898018587334,-1.0,-1.8369701987210297e-16,-0.9680771188662041,-0.2506525322587213,572.0,6290.0,6514.0,4007.1428571428573,2793.2857142857138,3047.213333333333,4004.4533305047453,3200.6762369265457,3473.1391703137524,258.0,10072.0,198.0,12290.4,2894.4277453141162,3043.0465102976204,0,0,1,0,3.0,3.0,2.0,795.0,265.0,179.15635629248547,0.0,0.0,198.75,265.0,0.0,0.0,1.0,2.0,9,0,795.0,6.0,3.0,0.0,0.0
2024-09-24,858.0,2024,9,24,1,3,39,0,0,0,0.7818314824680298,0.6234898018587336,-1.0,-1.8369701987210297e-16,-0.9884683243281114,0.15142777750457667,6642.0,258.0,872.0,3180.8571428571427,2836.1428571428564,3046.7466666666664,3966.721376173347,3167.9672166413247,3473.44244744001,258.0,10072.0,198.0,12290.4,2385.320808985587,2902.075767697774,0,0,0,0,3.0,3.0,3.0,429.0,143.0,51.44900387762624,0.0,0.0,107.25,107.25,0.0,0.0,1.584962500721156,3.0,0,0,429.0,9.0,4.754887502163468,0.0,0.0
2024-09-25,664.0,2024,9,25,2,3,39,0,0,0,0.9749279121818236,-0.22252093395631434,-1.0,-1.8369701987210297e-16,-0.9377521321470804,0.3473052528448203,258.0,1856.0,4340.0,3238.8571428571427,2750.9999999999995,2924.213333333333,3919.549269519465,3212.047585623163,3491.0418146364436,396.0,10072.0,198.0,12290.4,1954.9906067391903,2757.6837826850146,0,0,0,0,1.0,1.0,1.0,156.0,156.0,0.0,100.0,0.0,78.0,78.0,0.38910505836575876,0.0,0.0,0.0,0,0,156.0,1.0,0.0,0.0,0.0
2024-09-26,2200.0,2024,9,26,3,3,39,0,0,0,0.43388373911755823,-0.900968867902419,-1.0,-1.8369701987210297e-16,-0.848644257494751,0.5289640103269624,10072.0,748.0,11150.0,2114.285714285714,2854.7142857142853,2625.8799999999997,2507.055225710442,3165.5020850647606,3127.3247955445026,396.0,7524.0,198.0,12290.4,2016.2429550543927,2721.7041838021105,0,0,0,0,2.0,2.0,1.0,542.0,271.0,154.14927829866735,18.0,0.0,180.66666666666666,271.0,0.03208556149732621,0.0,0.0,1.0,0,0,542.0,2.0,0.0,0.0,0.0
2024-09-28,572.0,2024,9,28,5,3,39,1,0,1,-0.9749279121818236,-0.2225209339563146,-1.0,-1.8369701987210297e-16,-0.5712682150947924,0.8207634412072763,7524.0,5016.0,1750.0,1121.142857142857,2537.2857142857138,2586.6133333333332,808.420564758203,3154.901203587127,3146.041037474105,396.0,2364.0,198.0,12290.4,1655.1822162907945,2583.013591298749,0,0,0,0,2.0,2.0,1.0,-1798.0,-899.0,1395.8287860622447,0.0,0.0,-599.3333333333334,-899.0,-0.0,-0.0,0.0,1.0,9,0,-1798.0,2.0,0.0,-0.0,572.0
2024-09-29,7714.0,2024,9,29,6,3,39,1,0,1,-0.7818314824680299,0.6234898018587334,-1.0,-1.8369701987210297e-16,-0.3943558551133187,0.9189578116202306,794.0,1952.0,12290.4,2109.714285714286,2948.857142857142,2434.0666666666666,2596.12183293248,3435.992273143058,2744.6383837349395,396.0,7714.0,198.0,10072.0,3169.886662218096,2914.0449725052813,0,0,0,0,7.0,7.0,6.0,1115.0,159.28571428571428,86.87484155518267,0.0,0.0,139.375,159.28571428571428,0.0,0.0,1.5,3.0,9,0,1115.0,42.0,10.5,0.0,7714.0
2024-10-01,0.0,2024,10,1,1,4,40,0,1,0,0.7818314824680298,0.6234898018587336,-0.8660254037844386,0.5000000000000001,0.20129852008866006,0.9795299412524945,396.0,654.0,360.0,2053.1428571428573,2902.1428571428564,2422.0666666666666,2643.569772647825,3473.8295839061934,2754.787455764357,0.0,7714.0,0.0,10072.0,2377.414996663572,2726.0420710533276,0,0,0,0,0.0,0.0,0.0,0.0,0.0,0.0,0.0,0.0,0.0,0.0,0.0,0.0,0.0,0.0,0,0,0.0,0.0,0.0,0.0,0.0
2024-10-02,9910.0,2024,10,2,2,4,40,0,1,0,0.9749279121818236,-0.22252093395631434,-0.8660254037844386,0.5000000000000001,0.39435585511331855,0.9189578116202306,2364.0,572.0,2892.0,3131.1428571428573,3569.1428571428564,2656.0,3988.1021145640907,3866.3185203884586,3075.393599704488,0.0,9910.0,0.0,10072.0,4260.561247497679,3189.5232277595646,0,0,0,0,2.0,2.0,2.0,1628.0,814.0,1151.1698397716993,0.0,0.0,542.6666666666666,542.6666666666666,0.0,0.0,0.0,1.0,0,0,1628.0,4.0,0.0,0.0,0.0
2024-10-03,1190.0,2024,10,3,3,4,40,0,1,0,0.43388373911755823,-0.900968867902419,-0.8660254037844386,0.5000000000000001,0.5712682150947923,0.8207634412072763,858.0,6642.0,396.0,3178.5714285714284,3179.7142857142853,2682.4666666666667,3958.426912177072,3807.12036197299,3058.6444454493303,0.0,9910.0,0.0,10072.0,3492.920935623259,3060.521729194432,0,0,0,0,3.0,3.0,3.0,595.0,198.33333333333334,0.5773502691896278,0.0,0.0,148.75,148.75,0.0,0.0,0.9182958340544894,2.0,0,0,595.0,9.0,2.7548875021634682,0.0,0.0
2024-10-05,20828.0,2024,10,5,5,4,40,1,0,0,-0.9749279121818236,-0.2225209339563146,-0.8660254037844386,0.5000000000000001,0.8486442574947509,0.5289640103269624,664.0,258.0,4696.0,6059.142857142857,4648.999999999999,3220.2,7540.007502838253,5955.776239532888,4502.241659287135,0.0,20828.0,0.0,20828.0,7826.690701717444,4206.810649891566,0,0,0,0,8.0,7.0,4.0,62.0,7.75,3633.76427217208,100.0,0.0,7.75,12.4,0.6134969325153374,0.0,0.9182958340544894,2.0,10,0,62.0,28.0,7.346366672435916,0.6134969325153374,0.0
2024-10-06,2420.0,2024,10,6,6,4,40,1,0,0,-0.7818314824680299,0.6234898018587334,-0.8660254037844386,0.5000000000000001,0.9377521321470804,0.3473052528448203,2200.0,10072.0,598.0,6090.571428571428,4102.428571428571,3280.9333333333334,7521.676915359208,5767.973017037669,4477.872608600032,0.0,20828.0,0.0,20828.0,6475.018026288083,4091.5325434469487,0,0,0,0,3.0,3.0,2.0,1210.0,403.3333333333333,109.6965511460289,100.0,0.0,302.5,403.3333333333333,0.07627765064836003,0.0,0.0,0.0,10,0,1210.0,6.0,0.0,0.07627765064836003,0.0
2024-10-07,160.0,2024,10,7,0,4,41,0,0,0,0.0,1.0,-0.8660254037844386,0.5000000000000001,0.9884683243281114,0.1514277775045767,572.0,7524.0,198.0,6031.714285714285,3576.428571428571,3279.6666666666665,7573.490382342118,5767.720476453882,4478.780039662369,0.0,20828.0,0.0,20828.0,4896.263519716063,3837.885282579404,0,0,0,0,1.0,1.0,1.0,80.0,80.0,0.0,0.0,0.0,40.0,40.0,0.0,0.0,0.0,1.0,0,0,80.0,1.0,0.0,0.0,0.0
2024-10-08,0.0,2024,10,8,1,4,41,0,0,0,0.7818314824680298,0.6234898018587336,-0.8660254037844386,0.5000000000000001,0.9987165071710528,-0.05064916883871264,7714.0,794.0,3750.0,4929.714285714285,3519.7142857142853,3154.6666666666665,7844.28882933917,5800.992586533005,4517.364576015927,0.0,20828.0,0.0,20828.0,3672.1976397870467,3590.279780477507,0,0,0,0,0.0,0.0,0.0,0.0,0.0,0.0,0.0,0.0,0.0,0.0,0.0,0.0,0.0,0.0,0,0,0.0,0.0,0.0,0.0,0.0
2024-10-09,398.0,2024,10,9,2,4,41,0,0,0,0.9749279121818236,-0.22252093395631434,-0.8660254037844386,0.5000000000000001,0.9680771188662043,-0.2506525322587204,0.0,396.0,756.0,4986.571428571428,3519.857142857142,3142.733333333333,7803.940518676936,5800.909767602666,4524.386930717847,0.0,20828.0,0.0,20828.0,2853.6482298402852,3384.3262462531516,0,0,0,0,1.0,1.0,1.0,199.0,199.0,0.0,0.0,0.0,99.5,99.5,0.0,0.0,0.0,1.0,0,0,199.0,1.0,0.0,0.0,0.0
2024-10-10,160.0,2024,10,10,3,4,41,0,0,0,0.43388373911755823,-0.900968867902419,-0.8660254037844386,0.5000000000000001,0.8978045395707416,-0.4403941515576344,9910.0,2364.0,1576.0,3593.714285714286,3362.428571428571,3095.5333333333333,7647.267610379669,5864.251971633985,4548.616483354423,0.0,20828.0,0.0,20828.0,2180.236172380214,3176.3051981077874,0,0,0,0,1.0,1.0,1.0,80.0,80.0,0.0,0.0,0.0,40.0,40.0,0.0,0.0,0.0,1.0,0,0,80.0,1.0,0.0,0.0,0.0
2024-10-11,398.0,2024,10,11,4,4,41,0,0,0,-0.433883739117558,-0.9009688679024191,-0.8660254037844386,0.5000000000000001,0.7907757369376989,-0.6121059825476626,1190.0,858.0,396.0,3480.5714285714284,3329.571428571428,3095.6,7694.471497058632,5880.62938434687,4548.5755678620535,0.0,20828.0,0.0,20828.0,1734.6771292851606,2997.059701455672,0,0,0,0,1.0,1.0,1.0,199.0,199.0,0.0,0.0,0.0,99.5,99.5,0.0,0.0,0.0,1.0,0,0,199.0,1.0,0.0,0.0,0.0
2024-10-12,4468.0,2024,10,12,5,4,41,1,0,0,-0.9749279121818236,-0.2225209339563146,-0.8660254037844386,0.5000000000000001,0.6513724827222223,-0.7587581226927909,20828.0,664.0,6290.0,1143.4285714285713,3601.2857142857138,3034.866666666667,1685.0039423438873,5835.702929495175,4516.503398329986,0.0,4468.0,0.0,20828.0,2418.00784696387,3091.9590755553063,0,0,0,0,3.0,3.0,3.0,340.0,113.33333333333333,98.65765724632494,50.0,0.0,85.0,85.0,0.1278772378516624,0.0,0.0,1.0,10,0,340.0,9.0,0.0,0.1278772378516624,0.0
2024-10-15,4054.0,2024,10,15,1,4,42,0,0,0,0.7818314824680298,0.6234898018587336,-0.8660254037844386,0.5000000000000001,0.10116832198743272,-0.994869323391895,2420.0,2200.0,258.0,1376.857142857143,3733.7142857142853,3161.4,1978.880106573065,5822.478978111415,4489.115607547985,0.0,4468.0,0.0,20828.0,2827.0058852229026,3154.0262319710932,0,0,0,0,2.0,2.0,1.0,-777.0,-388.5,830.8504678941933,0.0,0.0,-259.0,-388.5,-0.0,-0.0,0.0,1.0,0,0,-777.0,2.0,0.0,-0.0,0.0
2024-10-17,2546.0,2024,10,17,3,4,42,0,0,0,0.43388373911755823,-0.900968867902419,-0.8660254037844386,0.5000000000000001,-0.2993631229733582,-0.9541392564000488,160.0,572.0,1856.0,1717.7142857142858,3874.7142857142853,3184.4,1939.444397612035,5763.6279497255055,4483.961407444109,0.0,4468.0,0.0,20828.0,2756.754413917177,3114.7987331342483,0,0,0,0,2.0,2.0,2.0,379.0,189.5,13.435028842544403,0.0,0.0,126.33333333333333,126.33333333333333,0.0,0.0,0.0,1.0,0,0,379.0,4.0,0.0,0.0,0.0
2024-10-18,4184.0,2024,10,18,4,4,42,0,0,0,-0.433883739117558,-0.9009688679024191,-0.8660254037844386,0.5000000000000001,-0.4853019625310808,-0.8743466161445822,0.0,7714.0,748.0,2315.4285714285716,3622.571428571428,3298.9333333333334,1966.3779610528602,5659.014397935726,4463.418381753451,160.0,4468.0,0.0,20828.0,3113.5658104378826,3183.779460028813,0,0,0,0,2.0,2.0,2.0,686.0,343.0,74.95331880577403,100.0,0.0,228.66666666666666,228.66666666666666,0.12706480304955528,0.0,0.0,1.0,0,0,686.0,4.0,0.0,0.0,0.0
2024-10-19,6944.0,2024,10,19,5,4,42,1,0,0,-0.9749279121818236,-0.2225209339563146,-0.8660254037844386,0.5000000000000001,-0.651372482722222,-0.7587581226927911,398.0,0.0,5016.0,3250.5714285714284,4118.571428571428,3363.2,2409.202831999492,5621.26738671689,4502.701460387885,160.0,6944.0,0.0,20828.0,4071.174357828412,3426.3743335753416,0,0,0,0,5.0,5.0,4.0,866.0,173.2,105.96791967383336,100.0,0.0,144.33333333333334,173.2,0.10341261633919338,0.0,0.0,1.0,10,0,866.0,20.0,0.0,0.10341261633919338,0.0
2024-10-20,1052.0,2024,10,20,6,4,42,1,0,0,-0.7818314824680299,0.6234898018587334,-0.8660254037844386,0.5000000000000001,-0.7907757369376986,-0.6121059825476627,160.0,9910.0,1952.0,3378.0,3485.857142857142,3333.2,2235.8431668314192,5413.949530285945,4515.408305515363,398.0,6944.0,0.0,20828.0,3316.3807683713094,3273.1888926995134,0,0,0,0,2.0,2.0,2.0,526.0,263.0,91.92388155425118,0.0,0.0,175.33333333333334,175.33333333333334,0.0,0.0,1.0,2.0,10,0,526.0,4.0,2.0,0.0,0.0
2024-10-21,2196.0,2024,10,21,0,4,43,0,0,0,0.0,1.0,-0.8660254037844386,0.5000000000000001,-0.8978045395707417,-0.44039415155763423,398.0,1190.0,654.0,3634.8571428571427,3557.7142857142853,3384.6,1916.9795189804586,5387.746259637851,4492.577423200201,1052.0,6944.0,0.0,20828.0,3036.285576278482,3203.6928351059964,0,0,0,0,2.0,2.0,2.0,1098.0,549.0,496.38896039295633,0.0,0.0,366.0,366.0,0.0,0.0,1.0,2.0,0,0,1098.0,4.0,2.0,0.0,0.0
2024-10-24,1550.0,2024,10,24,3,4,43,0,0,0,0.43388373911755823,-0.900968867902419,-0.8660254037844386,0.5000000000000001,-0.9884683243281114,0.15142777750457667,4468.0,20828.0,572.0,3218.0,2180.7142857142853,3417.2,2020.1062678318242,2086.289840051757,4474.978176791313,1052.0,6944.0,0.0,20828.0,2664.7141822088615,3097.0029747765775,0,1,0,0,2.0,2.0,2.0,378.0,189.0,12.727922061357855,0.0,0.0,126.0,126.0,0.0,0.0,1.0,2.0,0,0,378.0,4.0,2.0,0.0,0.0
2024-10-25,1012.0,2024,10,25,4,4,43,0,0,0,-0.433883739117558,-0.9009688679024191,-0.8660254037844386,0.5000000000000001,-0.9377521321470804,0.3473052528448203,4054.0,2420.0,6642.0,2783.4285714285716,2080.1428571428564,3229.5333333333333,2134.2660609792124,2107.694688777003,4453.075455917161,1012.0,6944.0,0.0,20828.0,2251.535636656646,2962.4866538232504,0,1,0,0,1.0,1.0,1.0,380.0,380.0,0.0,0.0,0.0,190.0,190.0,0.0,0.0,0.0,1.0,0,0,380.0,1.0,0.0,0.0,0.0
2024-10-26,4568.0,2024,10,26,5,4,43,1,0,0,-0.9749279121818236,-0.2225209339563146,-0.8660254037844386,0.5000000000000001,-0.848644257494751,0.5289640103269624,2546.0,160.0,258.0,3072.285714285714,2394.9999999999995,3373.2,2231.397298726069,2127.9367760995183,4423.326992520279,1012.0,6944.0,0.0,20828.0,2830.6517274924845,3066.068160028202,0,1,0,0,2.0,2.0,2.0,356.0,178.0,251.7300141024109,100.0,0.0,118.66666666666667,118.66666666666667,0.2188183807439825,0.0,0.0,0.0,10,0,356.0,4.0,0.0,0.2188183807439825,0.0
2024-10-27,10728.0,2024,10,27,6,4,43,1,0,0,-0.7818314824680299,0.6234898018587334,-0.8660254037844386,0.5000000000000001,-0.72479278722912,0.6889669190756865,4184.0,0.0,10072.0,4007.1428571428573,3161.2857142857138,3395.0666666666666,3677.2079729314382,2965.8005127315246,4459.061467149334,1012.0,10728.0,0.0,20828.0,4804.988795619363,3560.386343252189,0,1,0,0,3.0,3.0,3.0,396.0,132.0,114.3153532995459,0.0,0.0,99.0,99.0,0.0,0.0,0.0,1.0,10,0,396.0,9.0,0.0,0.0,0.0
2024-10-29,0.0,2024,10,29,1,4,44,0,0,1,0.7818314824680298,0.6234898018587336,-0.8660254037844386,0.5000000000000001,-0.3943558551133187,0.9189578116202306,6944.0,398.0,7524.0,3015.1428571428573,3132.857142857142,3144.266666666667,3689.506896979221,2996.0783305242962,4430.322685634812,0.0,10728.0,0.0,20828.0,3603.7415967145225,3330.6839985262413,0,1,0,0,0.0,0.0,0.0,0.0,0.0,0.0,0.0,0.0,0.0,0.0,0.0,0.0,0.0,0.0,0,0,0.0,0.0,0.0,0.0,0.0
2024-11-01,360.0,2024,11,1,4,4,44,0,1,0,-0.433883739117558,-0.9009688679024191,-0.5000000000000004,0.8660254037844384,0.20129852008866006,0.9795299412524945,1052.0,160.0,794.0,2916.285714285714,3147.1428571428564,3129.8,3759.481600535106,2981.2530885555275,4438.9619895677715,0.0,10728.0,0.0,20828.0,2792.806197535892,3139.026966363258,0,0,1,0,2.0,2.0,1.0,-188.0,-94.0,387.49451609022805,0.0,0.0,-62.666666666666664,-94.0,-0.0,-0.0,0.0,0.0,0,0,-188.0,2.0,0.0,-0.0,0.0
2024-11-03,14440.0,2024,11,3,6,4,44,1,1,0,-0.7818314824680299,0.6234898018587334,-0.5000000000000004,0.8660254037844384,0.5712682150947923,0.8207634412072763,2196.0,398.0,396.0,4665.428571428572,4150.142857142857,3597.9333333333334,5710.558725061935,4127.105706967464,4861.174896536076,0.0,14440.0,0.0,20828.0,5704.604648151919,3868.122000791435,0,0,1,0,2.0,1.0,1.0,6930.0,3465.0,4292.138161802343,100.0,0.0,3465.0,3465.0,0.014222727919214905,0.0,0.0,0.0,11,0,6930.0,1.0,0.0,0.014222727919214905,0.0
2024-11-06,580.0,2024,11,6,2,4,45,0,0,0,0.9749279121818236,-0.22252093395631434,-0.5000000000000004,0.8660254037844384,0.9377521321470804,0.3473052528448203,1550.0,4468.0,2364.0,4526.857142857143,3872.428571428571,3538.4666666666667,5809.665837452029,4233.5123936057025,4887.629922311135,0.0,14440.0,0.0,20828.0,4423.453486113939,3655.985097514568,0,0,1,0,1.0,1.0,1.0,290.0,290.0,0.0,70.0,0.0,145.0,145.0,0.19390581717451524,0.0,0.0,0.0,0,0,290.0,1.0,0.0,0.0,0.0
2024-11-07,4560.0,2024,11,7,3,4,45,0,0,0,0.43388373911755823,-0.900968867902419,-0.5000000000000004,0.8660254037844384,0.9884683243281114,0.1514277775045767,1012.0,4054.0,858.0,5033.714285714285,3908.571428571428,3661.866666666667,5603.002936351357,4237.33998044646,4864.298735532762,0.0,14440.0,0.0,20828.0,4457.590114585454,3714.3086396104027,0,0,1,0,3.0,3.0,2.0,426.0,142.0,123.88704532758864,0.0,0.0,106.5,142.0,0.0,0.0,0.0,1.0,0,0,426.0,6.0,0.0,0.0,0.0
2024-11-08,3636.0,2024,11,8,4,4,45,0,0,0,-0.433883739117558,-0.9009688679024191,-0.5000000000000004,0.8660254037844384,0.9987165071710528,-0.05064916883871264,4568.0,2546.0,664.0,4900.571428571428,3986.428571428571,3760.9333333333334,5626.936373585629,4220.358000022219,4831.290617411143,0.0,14440.0,0.0,20828.0,4252.19258593909,3709.2564693129575,0,0,0,0,1.0,1.0,1.0,0.0,0.0,0.0,0.0,0.0,0.0,0.0,0.0,0.0,0.0,0.0,0,0,0.0,1.0,0.0,0.0,0.0
2024-11-09,1474.0,2024,11,9,5,4,45,1,0,0,-0.9749279121818236,-0.2225209339563146,-0.5000000000000004,0.8660254037844384,0.9680771188662043,-0.2506525322587204,10728.0,4184.0,2200.0,3578.5714285714284,3792.857142857142,3736.733333333333,5091.22051041932,4272.426492272047,4841.187101024533,0.0,14440.0,0.0,20828.0,3557.6444394543178,3565.0463745185734,0,0,0,0,4.0,4.0,2.0,160.0,40.0,154.8418548067673,0.0,0.0,32.0,53.333333333333336,0.0,0.0,1.584962500721156,3.0,11,0,160.0,8.0,6.339850002884624,0.0,0.0
2024-11-10,6194.0,2024,11,10,6,4,45,1,0,0,-0.7818314824680299,0.6234898018587334,-0.5000000000000004,0.8660254037844384,0.8978045395707416,-0.4403941515576344,0.0,6944.0,572.0,4463.428571428572,3739.2857142857138,3924.133333333333,4900.283082201918,4234.408258151686,4823.236656403877,360.0,14440.0,0.0,20828.0,4216.733329590738,3734.6562858399557,0,0,0,0,3.0,3.0,2.0,397.0,132.33333333333334,114.60511914104593,0.0,0.0,99.25,132.33333333333334,0.0,0.0,1.0,2.0,11,0,397.0,6.0,3.0,0.0,0.0
2024-11-12,398.0,2024,11,12,1,4,46,0,0,0,0.7818314824680298,0.6234898018587336,-0.5000000000000004,0.8660254037844384,0.6513724827222223,-0.7587581226927909,360.0,1052.0,7714.0,4468.857142857143,3692.571428571428,3680.266666666667,4894.997835497361,4269.794693574227,4809.943514854602,398.0,14440.0,0.0,20828.0,3262.049997193054,3519.38813836641,0,0,0,0,1.0,1.0,1.0,199.0,199.0,0.0,0.0,0.0,99.5,99.5,0.0,0.0,0.0,1.0,0,0,199.0,1.0,0.0,0.0,0.0
2024-11-14,240.0,2024,11,14,3,4,46,0,0,0,0.43388373911755823,-0.900968867902419,-0.5000000000000004,0.8660254037844384,0.29936312297335804,-0.9541392564000488,14440.0,2196.0,0.0,2440.285714285714,3552.857142857142,3688.266666666667,2360.0794982574953,4353.708849619213,4803.807017092917,240.0,6194.0,0.0,20828.0,2506.5374978947902,3307.8147100847063,0,0,0,0,1.0,1.0,1.0,120.0,120.0,0.0,0.0,0.0,60.0,60.0,0.0,0.0,0.0,1.0,0,0,120.0,1.0,0.0,0.0,0.0
2024-11-16,0.0,2024,11,16,5,4,46,1,0,0,-0.9749279121818236,-0.2225209339563146,-0.5000000000000004,0.8660254037844384,-0.10116832198743204,-0.9948693233918952,580.0,1550.0,9910.0,2357.4285714285716,3442.1428571428564,3357.9333333333334,2444.9310049667524,4427.639583989892,4700.8437829036875,0.0,6194.0,0.0,20828.0,1879.9031234210927,3094.40730943408,0,0,0,0,1.0,1.0,0.0,-1006.0,-1006.0,0.0,0.0,0.0,-503.0,-1006.0,-0.0,-0.0,0.0,0.0,11,0,-1006.0,0.0,0.0,-0.0,0.0
2024-11-18,10916.0,2024,11,18,0,4,47,0,0,0,0.0,1.0,-0.5000000000000004,0.8660254037844384,-0.4853019625310808,-0.8743466161445822,4560.0,1012.0,1190.0,3265.4285714285716,4149.571428571428,3682.133333333333,4051.5984852542297,4786.1858383394165,4878.210891182387,0.0,10916.0,0.0,20828.0,4138.927342565819,3599.0261926963976,0,0,0,0,3.0,3.0,2.0,5278.0,1759.3333333333333,2036.2026749155727,0.0,0.0,1319.5,1759.3333333333333,0.0,0.0,1.584962500721156,3.0,0,0,5278.0,6.0,4.754887502163468,0.0,0.0
2024-11-19,398.0,2024,11,19,1,4,47,0,0,0,0.7818314824680298,0.6234898018587336,-0.5000000000000004,0.8660254037844384,-0.651372482722222,-0.7587581226927911,3636.0,4568.0,20828.0,2802.8571428571427,3851.7142857142853,3001.133333333333,4184.88786901042,4886.8395863642845,3681.281923773121,0.0,10916.0,0.0,14440.0,3203.6955069243645,3392.508373812759,0,0,0,0,1.0,1.0,1.0,199.0,199.0,0.0,0.0,0.0,99.5,99.5,0.0,0.0,0.0,1.0,0,0,199.0,1.0,0.0,0.0,0.0
2024-11-20,756.0,2024,11,20,2,4,47,0,0,0,0.9749279121818236,-0.22252093395631434,-0.5000000000000004,0.8660254037844384,-0.7907757369376986,-0.6121059825476627,1474.0,10728.0,2420.0,2700.285714285714,3139.428571428571,2945.6666666666665,4231.426777273675,4520.4904722706815,3702.81287609868,0.0,10916.0,0.0,14440.0,2591.7716301932733,3222.4110593732266,0,0,0,0,2.0,2.0,2.0,378.0,189.0,12.727922061357855,0.0,0.0,126.0,126.0,0.0,0.0,1.0,2.0,0,0,378.0,4.0,2.0,0.0,0.0
2024-11-21,520.0,2024,11,21,3,4,47,0,0,0,0.43388373911755823,-0.900968867902419,-0.5000000000000004,0.8660254037844384,-0.8978045395707417,-0.44039415155763423,6194.0,0.0,160.0,1889.7142857142858,3176.571428571428,2957.6666666666665,3987.026030944456,4494.7740888603075,3694.0468075123026,0.0,10916.0,0.0,14440.0,2073.8287226449547,3048.0619587685023,0,0,0,0,1.0,1.0,1.0,260.0,260.0,0.0,100.0,0.0,130.0,130.0,0.2770083102493075,0.0,0.0,0.0,0,0,260.0,1.0,0.0,0.0,0.0
2024-11-23,1956.0,2024,11,23,5,4,47,1,0,0,-0.9749279121818236,-0.2225209339563146,-0.5000000000000004,0.8660254037844384,-0.9987165071710528,-0.05064916883871355,398.0,360.0,0.0,2112.285714285714,3290.571428571428,3022.866666666667,3932.9945213236733,4437.7203037714535,3657.120996304207,0.0,10916.0,0.0,14440.0,2044.371541983716,2977.606348525373,0,0,0,0,1.0,1.0,1.0,0.0,0.0,0.0,0.0,0.0,0.0,0.0,0.0,0.0,0.0,0.0,11,0,0.0,1.0,0.0,0.0,0.0
2024-11-24,1764.0,2024,11,24,6,4,47,1,0,0,-0.7818314824680299,0.6234898018587334,-0.5000000000000004,0.8660254037844384,-0.9884683243281114,0.15142777750457667,240.0,14440.0,398.0,2330.0,2385.1428571428564,3068.4,3853.4557650676943,3070.4190357254097,3631.728510284555,0.0,10916.0,0.0,14440.0,1974.278656487787,2899.309164749543,0,0,0,0,2.0,2.0,2.0,540.0,270.0,101.82337649086284,18.0,0.0,180.0,180.0,0.03220035778175313,0.0,0.0,1.0,11,0,540.0,4.0,0.0,0.03220035778175313,0.0
2024-11-26,1188.0,2024,11,26,1,4,48,0,0,0,0.7818314824680298,0.6234898018587336,-0.5000000000000004,0.8660254037844384,-0.848644257494751,0.5289640103269624,0.0,580.0,160.0,2499.714285714286,2428.571428571428,3102.6666666666665,3758.731422270287,3047.1342833323315,3608.113437062715,398.0,10916.0,0.0,14440.0,1777.7089923658402,2788.9021218624757,0,0,0,0,2.0,2.0,2.0,396.0,198.0,0.0,0.0,0.0,132.0,132.0,0.0,0.0,1.0,2.0,0,0,396.0,4.0,2.0,0.0,0.0
2024-11-27,398.0,2024,11,27,2,4,48,0,0,0,0.9749279121818236,-0.22252093395631434,-0.5000000000000004,0.8660254037844384,-0.72479278722912,0.6889669190756865,10916.0,4560.0,398.0,997.1428571428571,2131.2857142857138,3102.6666666666665,651.6214209114378,3026.146125623525,3608.113437062715,398.0,1956.0,0.0,14440.0,1432.7817442743801,2634.6503720648966,0,0,0,0,2.0,2.0,2.0,199.0,99.5,140.71424945612296,180.0,0.0,66.33333333333333,66.33333333333333,0.47368421052631576,0.0,0.0,1.0,0,0,199.0,4.0,0.0,0.0,0.0
2024-11-28,1152.0,2024,11,28,3,4,48,0,0,1,0.43388373911755823,-0.900968867902419,-0.5000000000000004,0.8660254037844384,-0.5712682150947924,0.8207634412072763,398.0,3636.0,4468.0,1104.857142857143,1953.8571428571424,2992.133333333333,596.0222111554547,3003.874263914269,3615.629059907895,398.0,1956.0,0.0,14440.0,1362.5863082057851,2538.9955093510325,0,0,0,0,2.0,2.0,2.0,378.0,189.0,12.727922061357855,0.0,0.0,126.0,126.0,0.0,0.0,1.0,2.0,0,0,378.0,4.0,2.0,0.0,1152.0
2024-11-29,2962.0,2024,11,29,4,4,48,0,0,1,-0.433883739117558,-0.9009688679024191,-0.5000000000000004,0.8660254037844384,-0.3943558551133187,0.9189578116202306,756.0,1474.0,4054.0,1420.0,2060.1428571428564,2955.733333333333,891.0226334574689,3011.9036111132873,3610.0627077687814,398.0,2962.0,0.0,14440.0,1762.439731154339,2566.286121650966,0,0,0,0,1.0,1.0,1.0,1481.0,1481.0,0.0,799.0,0.0,740.5,740.5,0.35028496273564225,0.0,0.0,1.0,0,0,1481.0,1.0,0.0,0.0,2962.0
2024-11-30,3710.0,2024,11,30,5,4,48,1,0,1,-0.9749279121818236,-0.2225209339563146,-0.5000000000000004,0.8660254037844384,-0.20129852008866114,0.9795299412524943,520.0,6194.0,2546.0,1875.7142857142858,1882.714285714285,2994.5333333333333,1136.06773775248,2816.4741304461554,3611.7619325574524,398.0,3710.0,0.0,14440.0,2249.329798365754,2640.074113802517,0,0,0,0,4.0,4.0,2.0,1246.0,311.5,82.66196223173026,50.0,0.0,249.2,415.3333333333333,0.03855050115651504,0.0,1.0,2.0,11,0,1246.0,8.0,4.0,0.03855050115651504,3710.0
2024-12-01,7620.0,2024,12,1,6,4,48,1,1,0,-0.7818314824680299,0.6234898018587334,-2.4492935982947064e-16,1.0,0.20129852008866006,0.9795299412524945,1956.0,398.0,4184.0,2684.8571428571427,2398.571428571428,3109.0666666666666,2454.6312301831776,3163.6079139120466,3704.081988119664,398.0,7620.0,0.0,14440.0,3591.9973487743155,2961.3596548475157,0,0,0,0,2.0,2.0,2.0,180.0,90.0,127.27922061357856,0.0,0.0,60.0,60.0,0.0,0.0,0.0,0.0,12,0,180.0,4.0,0.0,0.0,0.0
2024-12-02,398.0,2024,12,2,0,4,49,0,1,0,0.0,1.0,-2.4492935982947064e-16,1.0,0.39435585511331855,0.9189578116202306,1764.0,240.0,6944.0,2489.714285714286,2409.857142857142,2890.866666666667,2590.5745639584825,3155.5868369788504,3662.9614430584998,398.0,7620.0,0.0,14440.0,2793.4980115807366,2795.981612599289,0,0,0,0,1.0,1.0,1.0,199.0,199.0,0.0,0.0,0.0,99.5,99.5,0.0,0.0,0.0,1.0,0,0,199.0,1.0,0.0,0.0,0.0
2024-12-03,396.0,2024,12,3,1,4,49,0,1,0,0.7818314824680298,0.6234898018587336,-2.4492935982947064e-16,1.0,0.5712682150947923,0.8207634412072763,1188.0,0.0,1052.0,2376.5714285714284,2438.1428571428564,2869.0,2672.889501216689,3134.0251301614376,3676.25134220096,396.0,7620.0,0.0,14440.0,2194.123508685552,2641.1440892057863,0,0,0,0,1.0,1.0,1.0,198.0,198.0,0.0,0.0,0.0,99.0,99.0,0.0,0.0,0.0,1.0,0,0,198.0,1.0,0.0,0.0,0.0
2024-12-04,396.0,2024,12,4,2,4,49,0,0,0,0.9749279121818236,-0.22252093395631434,-2.4492935982947064e-16,1.0,0.7247927872291199,0.6889669190756866,398.0,10916.0,2196.0,2376.285714285714,1686.714285714285,2809.0,2673.1363423443295,2001.5135207203248,3702.211333597876,396.0,7620.0,0.0,14440.0,1744.5926315141642,2496.2960834505743,0,0,0,0,1.0,1.0,1.0,198.0,198.0,0.0,0.0,0.0,99.0,99.0,0.0,0.0,0.0,1.0,0,0,198.0,1.0,0.0,0.0,0.0
2024-12-05,800.0,2024,12,5,3,4,49,0,0,0,0.43388373911755823,-0.900968867902419,-2.4492935982947064e-16,1.0,0.8486442574947509,0.5289640103269624,1152.0,398.0,1550.0,2326.0,1715.4285714285709,2784.0,2703.1477947015987,1984.4136399716142,3713.521165723408,396.0,7620.0,0.0,14440.0,1508.4444736356231,2386.8576264537633,0,0,0,0,1.0,1.0,1.0,400.0,400.0,0.0,0.0,0.0,200.0,200.0,0.0,0.0,0.0,1.0,0,0,400.0,1.0,0.0,0.0,0.0
2024-12-06,1836.4,2024,12,6,4,4,49,0,0,0,-0.433883739117558,-0.9009688679024191,-2.4492935982947064e-16,1.0,0.9377521321470804,0.3473052528448203,2962.0,756.0,1012.0,2165.2,1792.5999999999997,2811.48,2692.4667648831105,1965.146741829468,3702.991573681811,396.0,7620.0,0.0,14440.0,1590.4333552267171,2351.344231198682,0,0,0,0,1.0,1.0,1.0,298.0,298.0,0.0,0.0,0.0,149.0,149.0,0.0,0.0,0.0,1.0,0,0,298.0,1.0,0.0,0.0,0.0
2024-12-07,1120.0,2024,12,7,5,4,49,1,0,0,-0.9749279121818236,-0.2225209339563146,-2.4492935982947064e-16,1.0,0.9884683243281114,0.1514277775045767,3710.0,520.0,4568.0,1795.2,1835.4571428571423,2696.5466666666666,2621.8314108017707,1941.660432054609,3700.1011318642177,396.0,7620.0,0.0,14440.0,1472.8250164200379,2271.9026678955415,0,0,0,0,2.0,2.0,2.0,398.0,199.0,0.0,0.0,0.0,132.66666666666666,132.66666666666666,0.0,0.0,1.0,2.0,12,0,398.0,4.0,2.0,0.0,0.0
2024-12-10,1548.0,2024,12,10,1,4,50,0,0,0,0.7818314824680298,0.6234898018587336,-2.4492935982947064e-16,1.0,0.8978045395707416,-0.4403941515576344,7620.0,1956.0,10728.0,927.7714285714285,1806.3142857142852,2390.5466666666666,592.9848500435061,1942.7735680472888,3378.6221431262275,396.0,1836.4,0.0,14440.0,1491.6187623150283,2225.199269966797,0,0,0,0,1.0,1.0,1.0,35.0,35.0,0.0,0.0,0.0,17.5,17.5,0.0,0.0,0.0,0.0,0,0,35.0,1.0,0.0,0.0,0.0
2024-12-11,126.0,2024,12,11,2,4,50,0,0,0,0.9749279121818236,-0.22252093395631434,-2.4492935982947064e-16,1.0,0.7907757369376989,-0.6121059825476626,398.0,1764.0,0.0,888.9142857142857,1689.3142857142852,2394.7466666666664,640.4941723092204,1994.161060873267,3375.624943594292,126.0,1836.4,0.0,14440.0,1150.2140717362713,2089.767059001197,0,0,0,0,2.0,1.0,1.0,-797.0,-398.5,652.6595590351834,0.0,0.0,-398.5,-398.5,-0.0,-0.0,0.0,0.0,0,0,-797.0,1.0,0.0,-0.0,0.0
2024-12-13,1962.0,2024,12,13,4,4,50,0,0,0,-0.433883739117558,-0.9009688679024191,-2.4492935982947064e-16,1.0,0.48530196253108104,-0.8743466161445821,396.0,1188.0,360.0,1112.6285714285714,1744.5999999999997,2448.1466666666665,709.41391235849,1989.918218651956,3354.934594740765,126.0,1962.0,0.0,14440.0,1353.1605538022036,2081.524022936604,0,0,0,0,2.0,2.0,2.0,981.0,490.5,183.1406563273158,128.0,0.0,327.0,327.0,0.11531531531531532,0.0,0.0,1.0,0,0,981.0,4.0,0.0,0.0,0.0
2024-12-14,3697.2,2024,12,14,5,4,50,1,0,0,-0.9749279121818236,-0.2225209339563146,-2.4492935982947064e-16,1.0,0.29936312297335804,-0.9541392564000488,396.0,398.0,14440.0,1584.2285714285715,1980.2571428571423,2090.0533333333333,1127.6240237986071,2013.3955986053547,2493.5825267568343,126.0,3697.2,0.0,10916.0,1939.1704153516525,2185.7611827471455,0,0,0,0,4.0,4.0,2.0,1127.6,281.9,96.40006915626842,19.4,0.0,225.51999999999998,375.8666666666666,0.01689895470383275,0.0,1.0,2.0,12,0,1127.6,8.0,4.0,0.01689895470383275,0.0
2024-12-15,1922.0,2024,12,15,6,4,50,1,0,0,-0.7818314824680299,0.6234898018587334,-2.4492935982947064e-16,1.0,0.10116832198743272,-0.994869323391895,800.0,1152.0,580.0,1744.5142857142857,2035.2571428571423,2134.7866666666664,1076.138943056166,1999.4987424599196,2477.544734518451,126.0,3697.2,0.0,10916.0,1934.8778115137393,2168.74433224733,0,0,0,0,2.0,2.0,2.0,397.0,198.5,0.7071067811865476,0.0,0.0,132.33333333333334,132.33333333333334,0.0,0.0,1.0,2.0,12,0,397.0,4.0,2.0,0.0,0.0
2024-12-18,722.0,2024,12,18,2,4,51,0,0,0,0.9749279121818236,-0.22252093395631434,-2.4492935982947064e-16,1.0,-0.4853019625310808,-0.8743466161445822,1836.4,2962.0,4560.0,1585.314285714286,1875.2571428571423,2006.8533333333332,1140.7694880044994,2009.2350223268936,2446.897456771308,126.0,3697.2,0.0,10916.0,1631.6583586353045,2075.4059882313736,0,1,0,0,1.0,1.0,1.0,199.0,199.0,0.0,0.0,0.0,99.5,99.5,0.0,0.0,0.0,1.0,0,0,199.0,1.0,0.0,0.0,0.0
2024-12-19,858.0,2024,12,19,3,4,51,0,0,0,0.43388373911755823,-0.900968867902419,-2.4492935982947064e-16,1.0,-0.651372482722222,-0.7587581226927911,1120.0,3710.0,3636.0,1547.8857142857144,1671.5428571428565,1914.2533333333333,1162.6688084297189,1952.687841339261,2435.6575977770494,126.0,3697.2,0.0,10916.0,1438.2437689764783,1996.8636664099947,0,1,0,0,1.0,1.0,1.0,35.0,35.0,0.0,0.0,0.0,17.5,17.5,0.0,0.0,0.0,0.0,0,0,35.0,1.0,0.0,0.0,0.0
2024-12-22,40.0,2024,12,22,6,4,51,1,0,0,-0.7818314824680299,0.6234898018587334,-2.4492935982947064e-16,1.0,-0.9680771188662041,-0.2506525322587213,1548.0,7620.0,1474.0,1332.457142857143,1130.1142857142852,1866.4533333333334,1294.8388301988123,990.0516154820301,2458.5590637934224,40.0,3697.2,0.0,10916.0,1088.6828267323588,1870.61439760935,0,1,0,0,1.0,1.0,1.0,20.0,20.0,0.0,0.0,0.0,10.0,10.0,0.0,0.0,0.0,1.0,12,0,20.0,1.0,0.0,0.0,0.0
2024-12-23,850.0,2024,12,23,0,4,52,0,0,0,0.0,1.0,-2.4492935982947064e-16,1.0,-0.9987165071710528,-0.05064916883871355,126.0,398.0,6194.0,1435.8857142857144,1162.3999999999994,1688.32,1208.441789287091,971.5375664773953,2324.1197082350914,40.0,3697.2,0.0,10916.0,1029.012120049269,1804.7683074410047,0,1,0,0,5.0,5.0,2.0,295.0,59.0,42.1841202349889,0.0,0.0,49.166666666666664,98.33333333333333,0.0,0.0,0.0,1.0,0,0,295.0,10.0,0.0,0.0,0.0
2024-12-24,722.0,2024,12,24,1,4,52,0,0,0,0.7818314824680298,0.6234898018587336,-2.4492935982947064e-16,1.0,-0.9884683243281114,0.15142777750457667,1962.0,396.0,398.0,1258.7428571428572,1185.6857142857136,1699.12,1209.3502923156566,955.5304695516804,2318.6633305151768,40.0,3697.2,0.0,10916.0,952.2590900369518,1734.9122876061012,0,1,0,0,1.0,1.0,1.0,199.0,199.0,0.0,0.0,0.0,99.5,99.5,0.0,0.0,0.0,1.0,0,0,199.0,1.0,0.0,0.0,0.0
2024-12-25,7950.0,2024,12,25,2,4,52,0,0,0,0.9749279121818236,-0.22252093395631434,-2.4492935982947064e-16,1.0,-0.9377521321470804,0.3473052528448203,3697.2,396.0,240.0,1866.2857142857142,1725.2571428571423,1956.12,2739.1683478923615,2017.7276227380983,2565.5058596966414,40.0,7950.0,0.0,10916.0,2701.694317527714,2135.8856884057077,1,1,0,1,1.0,1.0,1.0,0.0,0.0,0.0,0.0,0.0,0.0,0.0,0.0,0.0,0.0,0.0,0,0,0.0,1.0,0.0,0.0,0.0
2024-12-26,956.0,2024,12,26,3,4,52,0,0,0,0.43388373911755823,-0.900968867902419,-2.4492935982947064e-16,1.0,-0.848644257494751,0.5289640103269624,1922.0,800.0,0.0,1728.2857142857142,1736.3999999999994,1987.9866666666667,2760.1469595105577,2012.649217783877,2546.235620342062,40.0,7950.0,40.0,10916.0,2265.2707381457853,2059.7640310892107,0,1,1,0,2.0,2.0,2.0,280.0,140.0,56.568542494923804,0.0,0.0,93.33333333333333,93.33333333333333,0.0,0.0,0.0,1.0,0,0,280.0,4.0,0.0,0.0,0.0
2024-12-27,1412.0,2024,12,27,4,4,52,0,0,0,-0.433883739117558,-0.9009688679024191,-2.4492935982947064e-16,1.0,-0.72479278722912,0.6889669190756865,722.0,1836.4,10916.0,1826.857142857143,1706.0857142857135,1671.1866666666667,2730.3808909241848,2014.2226852892813,1908.4894781192336,40.0,7950.0,40.0,7950.0,2051.953053609339,2017.9728032770035,0,1,1,0,2.0,2.0,1.0,526.0,263.0,91.92388155425118,0.0,0.0,175.33333333333334,263.0,0.0,0.0,1.0,2.0,0,0,526.0,2.0,2.0,0.0,0.0
2024-12-28,140.0,2024,12,28,5,4,52,1,0,0,-0.9749279121818236,-0.2225209339563146,-2.4492935982947064e-16,1.0,-0.5712682150947924,0.8207634412072763,858.0,1120.0,398.0,1724.2857142857142,1636.0857142857135,1662.5866666666666,2785.768458569743,2052.816776588124,1914.9947337162025,40.0,7950.0,40.0,7950.0,1573.9647902070042,1896.813267581713,0,1,1,0,1.0,1.0,1.0,35.0,35.0,0.0,0.0,0.0,17.5,17.5,0.0,0.0,0.0,0.0,12,0,35.0,1.0,0.0,0.0,0.0
2024-12-30,396.0,2024,12,30,0,4,1,0,0,1,0.0,1.0,-2.4492935982947064e-16,1.0,-0.20129852008866114,0.9795299412524943,40.0,1548.0,756.0,1775.142857142857,1553.7999999999993,1650.5866666666666,2752.951593506615,2079.5339285522364,1921.9867816354717,140.0,7950.0,40.0,7950.0,1279.473592655253,1799.9866051570864,0,1,1,0,1.0,1.0,1.0,198.0,198.0,0.0,0.0,0.0,99.0,99.0,0.0,0.0,0.0,1.0,0,0,198.0,1.0,0.0,0.0,396.0
2024-12-31,2394.0,2024,12,31,1,4,1,0,0,1,0.7818314824680298,0.6234898018587336,-2.4492935982947064e-16,1.0,-2.4492935982947064e-16,1.0,850.0,126.0,520.0,1995.7142857142858,1715.7999999999993,1713.0533333333333,2728.216371813038,2047.84886912319,1914.4130019107495,140.0,7950.0,40.0,7950.0,1558.1051944914398,1838.3100499856616,0,1,1,0,4.0,4.0,3.0,975.0,243.75,90.83455656668703,0.0,0.0,195.0,243.75,0.0,0.0,1.5,3.0,0,0,975.0,12.0,6.0,0.0,2394.0
2025-01-01,1558.0,2025,1,1,2,1,1,0,1,0,0.9749279121818236,-0.22252093395631434,0.49999999999999994,0.8660254037844387,0.20129852008866006,0.9795299412524945,722.0,1962.0,1956.0,2115.1428571428573,1686.9428571428564,1699.7866666666666,2681.0567213054755,2046.958963819338,1914.0503671773697,140.0,7950.0,40.0,7950.0,1558.0788958685798,1820.2255306317481,1,0,1,0,3.0,3.0,3.0,779.0,259.6666666666667,242.4053079726872,278.0,0.0,194.75,194.75,0.2627599243856333,0.0,0.0,0.0,0,0,779.0,9.0,0.0,0.0,0.0
2025-01-02,1492.0,2025,1,2,3,1,1,0,1,0,0.43388373911755823,-0.900968867902419,0.49999999999999994,0.8660254037844387,0.39435585511331855,0.9189578116202306,7950.0,3697.2,1764.0,1192.5714285714287,1529.4285714285709,1690.72,765.1986358986192,1963.5143420480708,1914.3798964317239,140.0,2394.0,40.0,7950.0,1541.5591719014349,1799.049689945829,0,0,1,0,3.0,3.0,3.0,746.0,248.66666666666666,87.75724091682311,0.0,0.0,186.5,186.5,0.0,0.0,1.584962500721156,3.0,0,0,746.0,9.0,4.754887502163468,0.0,0.0
2025-01-03,1656.0,2025,1,3,4,1,1,0,1,0,-0.433883739117558,-0.9009688679024191,0.49999999999999994,0.8660254037844387,0.5712682150947923,0.8207634412072763,956.0,1922.0,1188.0,1292.5714285714287,1510.4285714285709,1706.32,774.8089779946436,1960.7083772604324,1912.0474540352361,140.0,2394.0,40.0,7950.0,1570.1693789260762,1789.8206776912593,0,0,1,0,3.0,3.0,2.0,594.0,198.0,0.0,0.0,0.0,148.5,198.0,0.0,0.0,0.9182958340544894,2.0,0,0,594.0,6.0,2.7548875021634682,0.0,0.0
2025-01-04,656.0,2025,1,4,5,1,1,1,0,0,-0.9749279121818236,-0.2225209339563146,0.49999999999999994,0.8660254037844387,0.7247927872291199,0.6889669190756866,1412.0,722.0,398.0,1184.5714285714287,1505.714285714285,1714.9199999999998,807.3914492865947,1962.8280785473705,1906.5322429424527,140.0,2394.0,40.0,7950.0,1341.6270341945572,1716.6709565498877,0,0,1,0,1.0,1.0,1.0,328.0,328.0,0.0,0.0,0.0,164.0,164.0,0.0,0.0,0.0,1.0,1,0,328.0,1.0,0.0,0.0,0.0
2025-01-09,1192.0,2025,1,9,3,1,2,0,0,0,0.43388373911755823,-0.900968867902419,0.49999999999999994,0.8660254037844387,0.9680771188662043,-0.2506525322587204,140.0,858.0,1152.0,1334.857142857143,1529.571428571428,1716.2533333333333,666.0969470409641,1956.3690352787992,1906.1389361622862,396.0,2394.0,40.0,7950.0,1304.2202756459178,1682.8212174176372,0,0,0,0,2.0,2.0,1.0,596.0,298.0,0.0,0.0,0.0,198.66666666666666,298.0,0.0,0.0,0.0,1.0,0,0,596.0,2.0,0.0,0.0,0.0
2025-01-10,760.0,2025,1,10,4,1,2,0,0,0,-0.433883739117558,-0.9009688679024191,0.49999999999999994,0.8660254037844387,0.8978045395707416,-0.4403941515576344,396.0,40.0,2962.0,1386.857142857143,1580.9999999999995,1642.8533333333332,590.5069654039861,1923.3849568683825,1898.8972530779529,656.0,2394.0,40.0,7950.0,1168.1652067344385,1623.2843646810154,0,0,0,0,1.0,1.0,1.0,380.0,380.0,0.0,0.0,0.0,190.0,190.0,0.0,0.0,0.0,1.0,0,0,380.0,1.0,0.0,0.0,0.0
2025-01-11,520.0,2025,1,11,5,1,2,1,0,0,-0.9749279121818236,-0.2225209339563146,0.49999999999999994,0.8660254037844387,0.7907757369376989,-0.6121059825476626,2394.0,850.0,3710.0,1119.142857142857,1557.4285714285709,1536.52,470.389706722664,1935.019527402364,1868.2188962789294,520.0,1656.0,40.0,7950.0,1006.1239050508289,1552.1047282499821,0,0,0,0,1.0,1.0,1.0,130.0,130.0,0.0,50.0,0.0,65.0,65.0,0.27624309392265195,0.0,0.0,0.0,1,0,130.0,1.0,0.0,0.27624309392265195,0.0
2025-01-12,3532.0,2025,1,12,6,1,2,1,0,0,-0.7818314824680299,0.6234898018587334,0.49999999999999994,0.8660254037844387,0.6513724827222223,-0.7587581226927909,1558.0,722.0,7620.0,1401.142857142857,1758.1428571428567,1400.2533333333333,1032.812895054387,1986.7424383858654,1527.1470682589218,520.0,3532.0,40.0,7950.0,1637.5929287881218,1679.839907072564,0,0,0,0,2.0,2.0,2.0,0.0,0.0,0.0,0.0,0.0,0.0,0.0,0.0,0.0,0.0,0.0,1,0,0.0,4.0,0.0,0.0,0.0
2025-01-13,6030.0,2025,1,13,0,1,3,0,0,0,0.0,1.0,0.49999999999999994,0.8660254037844387,0.48530196253108104,-0.8743466161445821,1492.0,7950.0,398.0,2049.4285714285716,1620.9999999999995,1587.9866666666667,2036.1875206001396,1543.2046078010392,1732.1094891993926,520.0,6030.0,40.0,7950.0,2735.694696591091,1960.4953969388503,0,0,0,0,2.0,2.0,2.0,35.0,17.5,24.748737341529164,0.0,0.0,11.666666666666666,11.666666666666666,0.0,0.0,0.0,0.0,0,0,35.0,4.0,0.0,0.0,0.0
2025-01-15,3316.0,2025,1,15,2,1,3,0,0,0,0.9749279121818236,-0.22252093395631434,0.49999999999999994,0.8660254037844387,0.10116832198743272,-0.994869323391895,1656.0,956.0,396.0,2286.5714285714284,1789.571428571428,1685.32,2078.9467571459677,1593.067129508602,1744.8137903611237,520.0,6030.0,40.0,7950.0,2880.7710224433185,2047.9473068137634,0,0,0,0,4.0,4.0,3.0,546.0,136.5,93.7709976485267,0.0,0.0,109.2,136.5,0.0,0.0,0.9182958340544894,2.0,0,0,546.0,12.0,3.673183336217958,0.0,0.0
2025-01-18,2646.6,2025,1,18,5,1,3,1,0,0,-0.9749279121818236,-0.2225209339563146,0.49999999999999994,0.8660254037844387,-0.4853019625310808,-0.8743466161445822,656.0,1412.0,396.0,2570.942857142857,1877.7571428571425,1760.34,1950.9359009265056,1604.6873918973079,1735.826871352732,520.0,6030.0,40.0,7950.0,2822.228266832489,2086.5700612128758,0,0,0,0,2.0,2.0,2.0,703.2,351.6,454.8110816591874,74.8,0.0,234.4,234.4,0.09602053915275995,0.0,0.0,1.0,1,0,703.2,4.0,0.0,0.09602053915275995,0.0
2025-01-21,4032.0,2025,1,21,1,1,4,0,0,0,0.7818314824680298,0.6234898018587336,0.49999999999999994,0.8660254037844387,-0.8978045395707417,-0.44039415155763423,1192.0,140.0,800.0,2976.657142857143,2155.7571428571423,1868.0733333333333,1911.2771182790934,1617.5543632353988,1774.0441330927454,520.0,6030.0,40.0,7950.0,3124.671200124367,2212.081670166884,0,0,0,0,1.0,1.0,1.0,198.0,198.0,0.0,0.0,0.0,99.0,99.0,0.0,0.0,0.0,1.0,0,0,198.0,1.0,0.0,0.0,0.0
2025-01-22,656.0,2025,1,22,2,1,4,0,0,0,0.9749279121818236,-0.22252093395631434,0.49999999999999994,0.8660254037844387,-0.9680771188662041,-0.2506525322587213,760.0,396.0,1836.4,2961.7999999999997,2174.3285714285707,1828.7266666666665,1931.6753039784128,1597.1601058554406,1787.8075453650592,520.0,6030.0,40.0,7950.0,2507.503400093275,2111.689304349666,0,1,0,0,1.0,1.0,1.0,328.0,328.0,0.0,0.0,0.0,164.0,164.0,0.0,0.0,0.0,1.0,0,0,328.0,1.0,0.0,0.0,0.0
2025-01-25,18116.0,2025,1,25,5,1,4,1,0,0,-0.9749279121818236,-0.2225209339563146,0.49999999999999994,0.8660254037844387,-0.9377521321470804,0.3473052528448203,520.0,2394.0,1120.0,5475.5142857142855,3297.3285714285707,2395.26,5800.061647784034,4553.906114100713,3463.2832607024716,656.0,18116.0,40.0,18116.0,6409.627550069956,3144.225478262591,0,1,0,0,4.0,4.0,3.0,530.0,132.5,168.00297616411441,0.0,0.0,106.0,132.5,0.0,0.0,0.0,1.0,1,0,530.0,12.0,0.0,0.0,0.0
2025-01-27,2418.0,2025,1,27,0,1,5,0,0,0,0.0,1.0,0.49999999999999994,0.8660254037844387,-0.72479278722912,0.6889669190756865,3532.0,1558.0,1548.0,5316.371428571429,3358.7571428571423,2424.26,5877.047889803828,4534.397745899876,3459.5845623227574,656.0,18116.0,40.0,18116.0,5411.720662552467,3097.3722216004885,0,1,0,0,3.0,3.0,1.0,650.0,216.66666666666666,66.01010023726168,18.0,0.0,162.5,325.0,0.026905829596412557,0.0,0.0,1.0,0,0,650.0,3.0,0.0,0.0,0.0
2025-01-28,792.0,2025,1,28,1,1,5,0,0,0,0.7818314824680298,0.6234898018587336,0.49999999999999994,0.8660254037844387,-0.5712682150947924,0.8207634412072763,6030.0,1492.0,126.0,4568.085714285714,3308.7571428571423,2446.46,6100.263681576555,4560.350677594571,3446.4400596197233,656.0,18116.0,40.0,18116.0,4256.79049691435,2948.638529884328,0,1,0,0,1.0,1.0,1.0,198.0,198.0,0.0,0.0,0.0,99.0,99.0,0.0,0.0,0.0,1.0,0,0,198.0,1.0,0.0,0.0,0.0
2025-02-01,1956.0,2025,2,1,5,1,5,1,1,0,-0.9749279121818236,-0.2225209339563146,0.8660254037844386,0.5000000000000001,0.20129852008866006,0.9795299412524945,3316.0,1656.0,1962.0,4373.8,3330.185714285714,2446.26,6168.067586097506,4552.685556368322,3446.469316671555,656.0,18116.0,40.0,18116.0,3681.592872685763,2884.59733440792,0,0,1,0,1.0,1.0,1.0,380.0,380.0,0.0,0.0,0.0,190.0,190.0,0.0,0.0,0.0,1.0,2,0,380.0,1.0,0.0,0.0,0.0
2025-02-02,5836.0,2025,2,2,6,1,5,1,1,0,-0.7818314824680299,0.6234898018587334,0.8660254037844386,0.5000000000000001,0.39435585511331855,0.9189578116202306,2646.6,656.0,3697.2,4829.428571428572,3700.185714285714,2517.5533333333337,6136.936989985122,4529.064524542837,3495.0180107802075,656.0,18116.0,40.0,18116.0,4220.194654514322,3075.010409607409,0,0,1,0,1.0,1.0,1.0,0.0,0.0,0.0,0.0,0.0,0.0,0.0,0.0,0.0,0.0,0.0,2,0,0.0,1.0,0.0,0.0,0.0
2025-02-03,2202.0,2025,2,3,0,1,6,0,1,0,0.0,1.0,0.8660254037844386,0.5000000000000001,0.5712682150947923,0.8207634412072763,4032.0,1192.0,1922.0,4568.0,3772.3285714285707,2526.8866666666668,6215.049584141173,4493.9466263696595,3493.7463973192853,656.0,18116.0,40.0,18116.0,3715.6459908857414,3018.6871573746735,0,0,1,0,4.0,3.0,3.0,705.0,176.25,32.62284475639732,0.0,0.0,176.25,176.25,0.0,0.0,1.5,3.0,0,0,705.0,9.0,6.0,0.0,0.0
2025-02-05,976.0,2025,2,5,2,1,6,0,0,0,0.9749279121818236,-0.22252093395631434,0.8660254037844386,0.5000000000000001,0.8486442574947509,0.5289640103269624,656.0,760.0,722.0,4613.714285714285,3787.7571428571423,2535.3533333333335,6182.571463781226,4483.167056499615,3489.526871470188,792.0,18116.0,40.0,18116.0,3030.734493164306,2886.900889156953,0,0,1,0,1.0,1.0,1.0,0.0,0.0,0.0,0.0,0.0,0.0,0.0,0.0,0.0,0.0,0.0,0,0,0.0,1.0,0.0,0.0,0.0
2025-02-06,198.0,2025,2,6,3,1,6,0,0,0,0.43388373911755823,-0.900968867902419,0.8660254037844386,0.5000000000000001,0.9377521321470804,0.3473052528448203,18116.0,520.0,858.0,2054.0,3764.7571428571423,2513.3533333333335,1855.9360621171163,4502.0076097250085,3502.5228455021165,198.0,5836.0,40.0,18116.0,2322.5508698732297,2713.4234124371496,0,0,1,0,1.0,1.0,1.0,99.0,99.0,0.0,0.0,0.0,49.5,49.5,0.0,0.0,0.0,1.0,0,0,99.0,1.0,0.0,0.0,0.0
2025-02-07,6486.0,2025,2,7,4,1,6,0,0,0,-0.433883739117558,-0.9009688679024191,0.8660254037844386,0.5000000000000001,0.9884683243281114,0.1514277775045767,2418.0,3532.0,40.0,2635.1428571428573,3975.7571428571423,2728.2200000000003,2510.4126771357555,4559.121335168775,3543.044358720611,198.0,6486.0,140.0,18116.0,3363.413152404922,2956.8154503444307,0,0,0,0,3.0,3.0,3.0,507.0,169.0,148.5631178994302,31.0,0.0,126.75,126.75,0.0575139146567718,0.0,0.0,0.0,0,0,507.0,9.0,0.0,0.0,0.0
2025-02-08,360.0,2025,2,8,5,1,6,1,0,0,-0.9749279121818236,-0.2225209339563146,0.8660254037844386,0.5000000000000001,0.9987165071710528,-0.05064916883871264,792.0,6030.0,850.0,2573.4285714285716,3570.7571428571423,2711.8866666666668,2567.9261968329724,4614.109394307558,3553.116595885069,198.0,6486.0,140.0,18116.0,2612.5598643036915,2789.278969677048,0,0,0,0,1.0,1.0,1.0,180.0,180.0,0.0,0.0,0.0,90.0,90.0,0.0,0.0,0.0,0.0,2,0,180.0,1.0,0.0,0.0,0.0
2025-02-09,4800.0,2025,2,9,6,1,6,1,0,0,-0.7818314824680299,0.6234898018587334,0.8660254037844386,0.5000000000000001,0.9680771188662043,-0.2506525322587204,1956.0,3316.0,722.0,2979.714285714286,3676.7571428571423,2847.82,2676.6395420555464,4624.840158021967,3552.370364486597,198.0,6486.0,140.0,18116.0,3159.4198982277685,2919.0029071172385,0,0,0,0,3.0,3.0,2.0,795.0,265.0,64.55230437405004,0.0,0.0,198.75,265.0,0.0,0.0,1.0,2.0,2,0,795.0,6.0,3.0,0.0,0.0
2025-02-10,2576.0,2025,2,10,0,1,7,0,0,0,0.0,1.0,0.8660254037844386,0.5000000000000001,0.8978045395707416,-0.4403941515576344,5836.0,2646.6,7950.0,2514.0,3671.7142857142853,2668.686666666667,2361.9477837863897,4626.088153547823,3419.2139841593917,198.0,6486.0,140.0,18116.0,3013.5649236708264,2896.873687303223,0,0,0,0,1.0,1.0,1.0,0.0,0.0,0.0,0.0,0.0,0.0,0.0,0.0,0.0,0.0,0.0,0,0,0.0,1.0,0.0,0.0,0.0
2025-02-11,1188.0,2025,2,11,1,1,7,0,0,0,0.7818314824680298,0.6234898018587336,0.8660254037844386,0.5000000000000001,0.7907757369376989,-0.6121059825476626,2202.0,4032.0,956.0,2369.1428571428573,3468.571428571428,2676.42,2414.775036352369,4671.272956375696,3415.467086086149,198.0,6486.0,140.0,18116.0,2557.1736927531197,2786.623771993338,0,0,0,0,3.0,3.0,3.0,594.0,198.0,0.0,0.0,0.0,148.5,148.5,0.0,0.0,0.9182958340544894,2.0,0,0,594.0,9.0,2.7548875021634682,0.0,0.0
2025-02-12,396.0,2025,2,12,2,1,7,0,0,0,0.9749279121818236,-0.22252093395631434,0.8660254037844386,0.5000000000000001,0.6513724827222223,-0.7587581226927909,976.0,656.0,1412.0,2286.285714285714,3449.9999999999995,2642.5533333333337,2479.6242802950383,4683.814947405413,3433.4269397863195,198.0,6486.0,140.0,18116.0,2016.8802695648396,2632.389980251832,0,0,0,0,1.0,1.0,1.0,198.0,198.0,0.0,0.0,0.0,99.0,99.0,0.0,0.0,0.0,1.0,0,0,198.0,1.0,0.0,0.0,0.0
2025-02-13,1052.0,2025,2,13,3,1,7,0,0,0,0.43388373911755823,-0.900968867902419,0.8660254037844386,0.5000000000000001,0.48530196253108104,-0.8743466161445821,198.0,18116.0,140.0,2408.285714285714,2231.1428571428564,2672.9533333333334,2378.709574137908,2057.927667755645,3414.4902072898144,360.0,6486.0,198.0,18116.0,1775.6602021736298,2530.4293363646175,0,0,0,0,1.0,1.0,1.0,198.0,198.0,0.0,0.0,0.0,99.0,99.0,0.0,0.0,0.0,1.0,0,0,198.0,1.0,0.0,0.0,0.0
2025-02-14,10552.0,2025,2,14,4,1,7,0,0,0,-0.433883739117558,-0.9009688679024191,0.8660254037844386,0.5000000000000001,0.29936312297335804,-0.9541392564000488,6486.0,2418.0,396.0,2989.1428571428573,2812.1428571428564,3011.4866666666667,3680.582355577791,3032.284689728249,3674.517436084885,360.0,10552.0,198.0,18116.0,3969.7451516302226,3047.950024341094,0,0,0,0,2.0,2.0,1.0,198.0,99.0,140.0071426749364,0.0,0.0,66.0,99.0,0.0,0.0,0.0,1.0,0,0,198.0,2.0,0.0,0.0,0.0
2025-02-15,31450.800000000003,2025,2,15,5,1,7,1,0,0,-0.9749279121818236,-0.2225209339563146,0.8660254037844386,0.5000000000000001,0.10116832198743272,-0.994869323391895,360.0,792.0,2394.0,7430.685714285714,5002.057142857142,3980.046666666667,11153.045423773807,8173.518766744809,6356.724031955192,396.0,31450.800000000003,198.0,31450.800000000003,10840.008863722667,4880.391958254572,0,0,0,0,7.0,6.0,2.0,1991.4,284.4857142857143,249.69431597169253,1327.6,0.0,284.4857142857143,663.8000000000001,0.3998795180722891,0.0,0.0,0.0,2,0,1991.4000000000003,12.0,0.0,0.3998795180722891,0.0
2025-02-17,360.0,2025,2,17,0,1,8,0,0,0,0.0,1.0,0.8660254037844386,0.5000000000000001,-0.2993631229733582,-0.9541392564000488,4800.0,1956.0,1558.0,6796.400000000001,4888.057142857142,3940.1133333333337,11449.893696158637,8230.205174535138,6376.197277197986,360.0,31450.800000000003,198.0,31450.800000000003,8220.006647792,4588.753767399438,0,0,0,0,1.0,1.0,1.0,180.0,180.0,0.0,0.0,0.0,90.0,90.0,0.0,0.0,0.0,0.0,0,0,180.0,1.0,0.0,0.0,0.0
2025-02-19,396.0,2025,2,19,2,1,8,0,0,0,0.9749279121818236,-0.22252093395631434,0.8660254037844386,0.5000000000000001,-0.651372482722222,-0.7587581226927911,2576.0,5836.0,1492.0,6484.971428571429,4499.485714285714,3903.5800000000004,11612.312600815032,8310.039141521915,6393.823257801227,360.0,31450.800000000003,198.0,31450.800000000003,6264.004985844001,4318.25352434141,0,0,0,0,1.0,1.0,1.0,198.0,198.0,0.0,0.0,0.0,99.0,99.0,0.0,0.0,0.0,1.0,0,0,198.0,1.0,0.0,0.0,0.0
2025-02-20,9254.0,2025,2,20,3,1,8,0,0,0,0.43388373911755823,-0.900968867902419,0.8660254037844386,0.5000000000000001,-0.7907757369376986,-0.6121059825476627,1188.0,2202.0,1656.0,7637.257142857144,5003.199999999999,4156.846666666667,11397.29573171594,8373.550525682267,6451.942658249004,360.0,31450.800000000003,198.0,31450.800000000003,7011.503739383001,4636.688780835513,0,0,0,0,3.0,3.0,2.0,910.0,303.3333333333333,273.1910198621714,0.0,0.0,227.5,303.3333333333333,0.0,0.0,0.0,1.0,0,0,910.0,6.0,0.0,0.0,0.0
2025-02-22,1516.0,2025,2,22,5,1,8,1,0,0,-0.9749279121818236,-0.2225209339563146,0.8660254037844386,0.5000000000000001,-0.9680771188662041,-0.2506525322587213,396.0,976.0,656.0,7797.257142857144,5041.771428571427,4185.513333333333,11286.015564827283,8354.795604499666,6437.746575912883,360.0,31450.800000000003,198.0,31450.800000000003,5637.627804537251,4435.3540207816095,0,0,0,0,4.0,4.0,3.0,758.0,189.5,180.15086270493777,356.0,0.0,151.6,189.5,0.31928251121076234,0.0,0.0,1.0,2,0,758.0,12.0,0.0,0.31928251121076234,0.0
2025-02-23,520.0,2025,2,23,6,1,8,1,0,0,-0.7818314824680299,0.6234898018587334,0.8660254037844386,0.5000000000000001,-0.9987165071710528,-0.05064916883871355,1052.0,198.0,1192.0,7721.257142857144,5064.771428571427,4163.113333333334,11340.66745226475,8340.867017783676,6449.679653671831,360.0,31450.800000000003,198.0,31450.800000000003,4358.220853402938,4182.750535569893,0,0,0,0,1.0,1.0,1.0,260.0,260.0,0.0,100.0,0.0,130.0,130.0,0.2770083102493075,0.0,0.0,0.0,2,0,260.0,1.0,0.0,0.2770083102493075,0.0
2025-02-25,4180.0,2025,2,25,1,1,9,0,0,0,0.7818314824680298,0.6234898018587336,0.8660254037844386,0.5000000000000001,-0.9377521321470804,0.3473052528448203,10552.0,6486.0,760.0,6810.971428571429,4900.057142857142,4277.113333333334,11331.309765676438,8333.407801384481,6417.599417481918,360.0,31450.800000000003,198.0,31450.800000000003,4313.665640052203,4182.573081662158,0,0,0,0,3.0,3.0,2.0,198.0,66.0,114.3153532995459,0.0,0.0,49.5,66.0,0.0,0.0,0.0,1.0,0,0,198.0,6.0,0.0,0.0,0.0
2025-02-26,2960.0,2025,2,26,2,1,9,0,0,1,0.9749279121818236,-0.22252093395631434,0.8660254037844386,0.5000000000000001,-0.848644257494751,0.5289640103269624,31450.800000000003,360.0,520.0,2740.8571428571427,5085.771428571427,4358.446666666667,3218.164664762183,8253.030950498733,6383.713976326017,360.0,9254.0,198.0,31450.800000000003,3975.2492300391523,4103.697398974277,0,0,0,0,1.0,1.0,1.0,144.0,144.0,0.0,36.0,0.0,72.0,72.0,0.19889502762430938,0.0,0.0,0.0,0,0,144.0,1.0,0.0,0.0,2960.0
2025-02-28,60.0,2025,2,28,4,1,9,0,0,1,-0.433883739117558,-0.9009688679024191,0.8660254037844386,0.5000000000000001,-0.5712682150947924,0.8207634412072763,360.0,4800.0,3532.0,2698.0,4747.199999999999,4242.713333333334,3256.9198127474297,8362.16130913533,6430.5148700783475,60.0,9254.0,60.0,31450.800000000003,2996.436922529364,3842.813695814647,0,0,0,0,1.0,1.0,1.0,30.0,30.0,0.0,0.0,0.0,15.0,15.0,0.0,0.0,0.0,1.0,0,0,30.0,1.0,0.0,0.0,60.0
2025-03-01,0.0,2025,3,1,5,1,9,1,1,0,-0.9749279121818236,-0.2225209339563146,1.0,6.123233995736766e-17,0.20129852008866006,0.9795299412524945,396.0,2576.0,6030.0,2641.4285714285716,4563.2,4041.7133333333336,3306.6286384142145,8441.575032038652,6466.860657480123,0.0,9254.0,0.0,31450.800000000003,2247.327691897023,3594.890231568541,0,0,0,0,1.0,1.0,0.0,-4848.0,-4848.0,0.0,0.0,0.0,-2424.0,-4848.0,-0.0,-0.0,0.0,0.0,3,0,-4848.0,0.0,0.0,-0.0,0.0
2025-03-02,0.0,2025,3,2,6,1,9,1,1,0,-0.7818314824680299,0.6234898018587334,1.0,6.123233995736766e-17,0.39435585511331855,0.9189578116202306,9254.0,1188.0,3316.0,1319.4285714285713,4478.342857142857,3931.1800000000003,1664.3323843855335,8483.977959362279,6507.901230700387,0.0,4180.0,0.0,31450.800000000003,1685.4957689227674,3362.961829531861,0,0,0,0,0.0,0.0,0.0,0.0,0.0,0.0,0.0,0.0,0.0,0.0,0.0,0.0,0.0,0.0,3,0,0.0,0.0,0.0,0.0,0.0
2025-03-08,946.4,2025,3,8,5,1,10,1,0,0,-0.9749279121818236,-0.2225209339563146,1.0,6.123233995736766e-17,0.9987165071710528,-0.05064916883871264,1516.0,396.0,2646.6,1238.0571428571427,4517.657142857142,3874.5066666666667,1667.042017923952,8464.859146241843,6526.849016122884,0.0,4180.0,0.0,31450.800000000003,1500.7218266920754,3207.054614723354,0,0,0,0,2.0,2.0,2.0,473.2,236.6,53.17442994522837,24.8,0.0,157.73333333333332,157.73333333333332,0.04969939879759519,0.0,0.0,1.0,3,0,473.2,4.0,0.0,0.04969939879759519,0.0
2025-03-09,1044.0,2025,3,9,6,1,10,1,0,0,-0.7818314824680299,0.6234898018587334,1.0,6.123233995736766e-17,0.9680771188662043,-0.2506525322587204,520.0,1052.0,4032.0,1312.9142857142856,4517.085714285714,3774.9066666666668,1640.985552880358,8465.111361424524,6547.129782659604,0.0,4180.0,0.0,31450.800000000003,1386.5413700190566,3067.5027040960413,0,0,0,0,2.0,2.0,1.0,360.0,180.0,25.45584412271571,18.0,0.0,120.0,180.0,0.047493403693931395,0.0,0.0,1.0,3,0,360.0,2.0,0.0,0.047493403693931395,0.0
2025-03-10,398.0,2025,3,10,0,1,11,0,0,0,0.0,1.0,1.0,6.123233995736766e-17,0.8978045395707416,-0.4403941515576344,4180.0,10552.0,656.0,772.6285714285714,3791.7999999999997,3766.3066666666664,1059.1292488239849,8342.373579595818,6551.535867256922,0.0,2960.0,0.0,31450.800000000003,1139.4060275142924,2895.276723186619,0,0,0,0,1.0,1.0,1.0,199.0,199.0,0.0,0.0,0.0,99.5,99.5,0.0,0.0,0.0,0.0,0,0,199.0,1.0,0.0,0.0,0.0
2025-03-11,396.0,2025,3,11,1,1,11,0,0,0,0.7818314824680298,0.6234898018587336,1.0,6.123233995736766e-17,0.7907757369376989,-0.6121059825476626,2960.0,31450.800000000003,18116.0,406.34285714285716,1573.5999999999997,3175.64,437.53615796182874,2517.0645222621242,5987.730844479478,0.0,1044.0,0.0,31450.800000000003,953.5545206357193,2734.0330636261924,0,0,0,0,1.0,1.0,1.0,198.0,198.0,0.0,0.0,0.0,99.0,99.0,0.0,0.0,0.0,1.0,0,0,198.0,1.0,0.0,0.0,0.0
2025-03-12,840.0,2025,3,12,2,1,11,0,0,0,0.9749279121818236,-0.22252093395631434,1.0,6.123233995736766e-17,0.6513724827222223,-0.7587581226927909,60.0,360.0,2418.0,517.7714285714286,1607.885714285714,3123.04,433.9389731069754,2502.489012918959,6001.531104505309,0.0,1044.0,0.0,31450.800000000003,925.1658904767895,2611.837382101922,0,0,0,0,1.0,1.0,1.0,195.0,195.0,0.0,55.0,0.0,97.5,97.5,0.21912350597609562,0.0,0.0,0.0,0,0,195.0,1.0,0.0,0.0,0.0
2025-03-13,396.0,2025,3,13,3,1,11,0,0,0,0.43388373911755823,-0.900968867902419,1.0,6.123233995736766e-17,0.48530196253108104,-0.8743466161445821,0.0,396.0,792.0,574.3428571428572,1607.885714285714,3109.8399999999997,377.3055651908556,2502.489012918959,6007.267623849599,0.0,1044.0,0.0,31450.800000000003,792.8744178575921,2468.8801316437334,0,0,0,0,1.0,1.0,1.0,198.0,198.0,0.0,0.0,0.0,99.0,99.0,0.0,0.0,0.0,1.0,0,0,198.0,1.0,0.0,0.0,0.0
2025-03-14,1018.0,2025,3,14,4,1,11,0,0,0,-0.433883739117558,-0.9009688679024191,1.0,6.123233995736766e-17,0.29936312297335804,-0.9541392564000488,0.0,9254.0,1956.0,719.7714285714285,1019.5999999999995,3078.5733333333333,309.0503179868841,1191.3678860872014,6015.915055052646,396.0,1044.0,0.0,31450.800000000003,849.1558133931941,2375.2749618602666,0,0,0,0,2.0,2.0,1.0,509.0,254.5,78.48885271170677,50.0,0.0,169.66666666666666,254.5,0.08928571428571429,0.0,0.0,1.0,0,0,509.0,2.0,0.0,0.0,0.0
2025-03-16,794.0,2025,3,16,6,1,11,1,0,0,-0.7818314824680299,0.6234898018587334,1.0,6.123233995736766e-17,-0.10116832198743204,-0.9948693233918952,946.4,1516.0,5836.0,698.0,968.0285714285709,2910.5066666666667,295.4950648209026,1183.8299822242523,6006.646508024897,396.0,1044.0,0.0,31450.800000000003,835.3668600448956,2273.2572223854104,0,0,0,0,1.0,1.0,1.0,198.0,198.0,0.0,0.0,0.0,99.0,99.0,0.0,0.0,0.0,1.0,3,0,198.0,1.0,0.0,0.0,0.0
2025-03-17,3364.0,2025,3,17,0,1,12,0,0,0,0.0,1.0,1.0,6.123233995736766e-17,-0.2993631229733582,-0.9541392564000488,1044.0,520.0,2202.0,1029.4285714285713,1171.1714285714281,2949.24,1060.0966712432946,1335.3508829739196,6005.666669680413,396.0,3364.0,0.0,31450.800000000003,1467.5251450336718,2343.627724166997,0,0,0,0,3.0,3.0,2.0,578.0,192.66666666666666,190.05613205927696,0.0,0.0,144.5,192.66666666666666,0.0,0.0,1.0,2.0,0,0,578.0,6.0,3.0,0.0,0.0
2025-03-18,398.0,2025,3,18,1,1,12,0,0,0,0.7818314824680298,0.6234898018587336,1.0,6.123233995736766e-17,-0.4853019625310808,-0.8743466161445822,398.0,4180.0,976.0,1029.4285714285713,901.0285714285709,2929.9733333333334,1060.0966712432946,1026.726319184125,6013.137759074631,396.0,3364.0,0.0,31450.800000000003,1200.1438587752539,2218.1033548659,0,0,0,0,1.0,1.0,1.0,199.0,199.0,0.0,100.0,0.0,99.5,99.5,0.3333333333333333,0.0,0.0,0.0,0,0,199.0,1.0,0.0,0.0,0.0
2025-03-21,5606.4,2025,3,21,4,1,12,0,0,0,-0.433883739117558,-0.9009688679024191,1.0,6.123233995736766e-17,-0.8978045395707417,-0.44039415155763423,396.0,2960.0,198.0,1773.7714285714285,1090.0571428571423,3110.2533333333336,1975.3455982134067,1546.8350286033,6009.479582249293,396.0,5606.4,0.0,31450.800000000003,2301.7078940814404,2436.703138422939,0,0,0,0,2.0,2.0,1.0,162.0,81.0,114.5512985522207,18.0,0.0,54.0,81.0,0.09944751381215469,0.0,0.0,0.0,0,0,162.0,2.0,0.0,0.0,0.0
2025-03-22,794.0,2025,3,22,5,1,12,1,0,0,-0.9749279121818236,-0.2225209339563146,1.0,6.123233995736766e-17,-0.9680771188662041,-0.2506525322587213,840.0,60.0,6486.0,1767.2,1142.4857142857138,2920.52,1979.0427854563418,1521.4676977066326,5989.044315126714,396.0,5606.4,0.0,31450.800000000003,1924.7809205610802,2330.7222907827495,0,0,0,0,2.0,2.0,2.0,397.0,198.5,0.7071067811865476,0.0,0.0,132.33333333333334,132.33333333333334,0.0,0.0,1.0,2.0,3,0,397.0,4.0,2.0,0.0,0.0
2025-03-23,1886.0,2025,3,23,6,1,12,1,0,0,-0.7818314824680299,0.6234898018587334,1.0,6.123233995736766e-17,-0.9987165071710528,-0.05064916883871355,396.0,0.0,360.0,1980.0571428571427,1277.1999999999994,2971.3866666666668,1884.8708592873402,1495.8069640986566,5973.006084488213,398.0,5606.4,0.0,31450.800000000003,1915.0856904208101,2302.030530087088,0,0,0,0,5.0,4.0,2.0,693.0,138.6,54.224533193011446,0.0,0.0,138.6,231.0,0.0,0.0,1.0,2.0,3,0,693.0,8.0,5.0,0.0,0.0
2025-03-24,702.0,2025,3,24,0,1,13,0,0,0,0.0,1.0,1.0,6.123233995736766e-17,-0.9884683243281114,0.15142777750457667,1018.0,0.0,4800.0,1934.9142857142856,1327.3428571428565,2834.786666666667,1915.2910966122165,1461.0616549483207,5976.603092389012,398.0,5606.4,0.0,31450.800000000003,1611.8142678156075,2198.802753952438,0,1,0,0,1.0,1.0,1.0,351.0,351.0,0.0,39.0,0.0,175.5,175.5,0.09974424552429667,0.0,0.0,0.0,0,0,351.0,1.0,0.0,0.0,0.0
2025-03-25,396.0,2025,3,25,1,1,13,0,0,0,0.7818314824680298,0.6234898018587336,1.0,6.123233995736766e-17,-0.9377521321470804,0.3473052528448203,794.0,946.4,2576.0,1878.0571428571427,1288.0285714285708,2762.1200000000003,1960.1863235053108,1479.3906892462373,5993.088109987108,396.0,5606.4,0.0,31450.800000000003,1307.8607008617057,2082.492898858732,0,1,0,0,3.0,3.0,1.0,-5170.0,-1723.3333333333333,3156.373921659684,0.0,0.0,-1292.5,-2585.0,-0.0,-0.0,1.0,2.0,0,0,-5170.0,3.0,3.0,-0.0,0.0
2025-03-29,656.0,2025,3,29,5,1,13,1,0,1,-0.9749279121818236,-0.2225209339563146,1.0,6.123233995736766e-17,-0.3943558551133187,0.9189578116202306,3364.0,1044.0,1188.0,1491.2,1260.314285714285,2744.3866666666668,1883.7803693637275,1487.92358098695,5998.690952816471,396.0,5606.4,0.0,31450.800000000003,1144.8955256462793,1990.4610989323623,0,1,0,0,5.0,5.0,2.0,328.0,65.6,146.6860593239862,1660.0,0.0,54.666666666666664,109.33333333333333,0.8345902463549523,0.0,0.0,1.0,3,0,328.0,10.0,0.0,0.8345902463549523,656.0
2025-03-30,4750.0,2025,3,30,6,1,13,1,0,1,-0.7818314824680299,0.6234898018587334,1.0,6.123233995736766e-17,-0.20129852008866114,0.9795299412524943,398.0,398.0,396.0,2112.9142857142856,1571.171428571428,2889.52,2160.661993794653,1728.9922753880462,5992.582068685494,396.0,5606.4,0.0,31450.800000000003,2046.1716442347094,2168.495866743178,0,1,0,0,7.0,6.0,3.0,862.0,123.14285714285714,91.08499432110753,433.0,0.0,123.14285714285714,215.5,0.3341049382716049,0.0,0.9182958340544894,2.0,3,0,862.0,18.0,6.4280708383814265,0.3341049382716049,4750.0
2025-03-31,2734.0,2025,3,31,0,1,14,0,0,1,0.0,1.0,1.0,6.123233995736766e-17,-2.4492935982947064e-16,1.0,5606.4,396.0,1052.0,1702.5714285714287,1738.171428571428,2945.586666666667,1581.84479402408,1719.6395451589879,5982.657575297473,396.0,4750.0,0.0,31450.800000000003,2218.1287331760323,2204.9800043726505,1,1,0,1,3.0,2.0,2.0,492.0,164.0,56.31163290120435,55.0,0.0,164.0,164.0,0.10036496350364964,0.0,1.0,2.0,0,0,492.0,4.0,3.0,0.0,2734.0
2025-04-03,396.0,2025,4,3,3,2,14,0,1,0,0.43388373911755823,-0.900968867902419,0.8660254037844387,-0.4999999999999998,0.5712682150947923,0.8207634412072763,794.0,840.0,10552.0,1645.7142857142858,1706.4571428571421,2607.0533333333337,1626.4683329519123,1741.4342725794077,5822.602457826305,396.0,4750.0,0.0,31450.800000000003,1762.5965498820242,2088.27161699377,0,0,1,0,1.0,1.0,1.0,198.0,198.0,0.0,0.0,0.0,99.0,99.0,0.0,0.0,0.0,1.0,0,0,198.0,1.0,0.0,0.0,0.0
2025-04-05,400.0,2025,4,5,5,2,14,1,0,0,-0.9749279121818236,-0.2225209339563146,0.8660254037844387,-0.4999999999999998,0.8486442574947509,0.5289640103269624,1886.0,396.0,31450.800000000003,1433.4285714285713,1706.7428571428566,1572.0266666666664,1685.7740909488525,1741.203041981744,2067.3924831207623,396.0,4750.0,0.0,9254.0,1421.9474124115181,1979.350867510301,0,0,1,0,1.0,1.0,1.0,200.0,200.0,0.0,0.0,0.0,100.0,100.0,0.0,0.0,0.0,1.0,4,0,200.0,1.0,0.0,0.0,0.0
2025-04-06,4752.0,2025,4,6,6,2,14,1,0,0,-0.7818314824680299,0.6234898018587334,0.8660254037844387,-0.4999999999999998,0.9377521321470804,0.3473052528448203,702.0,1018.0,360.0,2012.0,1973.4571428571421,1718.4266666666667,2048.809410364985,1905.7919338020454,2133.068630244512,396.0,4752.0,0.0,9254.0,2254.4605593086385,2158.231456703185,0,0,1,0,1.0,1.0,1.0,2376.0,2376.0,0.0,424.0,0.0,1188.0,1188.0,0.15137450910389147,0.0,0.0,1.0,4,0,2376.0,1.0,0.0,0.15137450910389147,0.0
2025-04-07,1120.0,2025,4,7,0,2,15,0,0,0,0.0,1.0,0.8660254037844387,-0.4999999999999998,0.9884683243281114,0.1514277775045767,396.0,794.0,396.0,2115.4285714285716,1996.7428571428566,1742.5600000000002,1970.4079828928152,1892.215560054977,2121.6560001970815,396.0,4752.0,0.0,9254.0,1970.845419481479,2091.248782077173,0,0,1,0,2.0,2.0,2.0,560.0,280.0,141.4213562373095,0.0,0.0,186.66666666666666,186.66666666666666,0.0,0.0,0.0,1.0,0,0,560.0,4.0,0.0,0.0,0.0
2025-04-10,0.0,2025,4,10,3,2,15,0,0,0,0.43388373911755823,-0.900968867902419,0.8660254037844387,-0.4999999999999998,0.8978045395707416,-0.4403941515576344,656.0,3364.0,9254.0,2021.7142857142858,1756.4571428571421,1434.0933333333335,2064.730629265883,1918.643455759708,1600.6629581117713,0.0,4752.0,0.0,5606.4,1478.1340646111094,1956.3295058141298,0,0,0,0,0.0,0.0,0.0,0.0,0.0,0.0,0.0,0.0,0.0,0.0,0.0,0.0,0.0,0.0,0,0,0.0,0.0,0.0,0.0,0.0
2025-04-12,1833.6,2025,4,12,5,2,15,1,0,0,-0.9749279121818236,-0.2225209339563146,0.8660254037844387,-0.4999999999999998,0.6513724827222223,-0.7587581226927909,4750.0,398.0,1516.0,1605.0857142857144,1858.9999999999993,1444.68,1681.044512030752,1878.396204622003,1602.2728448180235,0.0,4752.0,0.0,5606.4,1567.000548458332,1948.4114731809602,0,0,0,0,1.0,1.0,1.0,208.0,208.0,0.0,52.0,0.0,104.0,104.0,0.19923371647509577,0.0,0.0,0.0,4,0,208.0,1.0,0.0,0.19923371647509577,0.0
2025-04-13,4296.0,2025,4,13,6,2,15,1,0,0,-0.7818314824680299,0.6234898018587334,0.8660254037844387,-0.4999999999999998,0.48530196253108104,-0.8743466161445821,2734.0,5606.4,520.0,1828.2285714285715,1765.3999999999994,1570.5466666666664,1939.6514718838225,1701.6315410623847,1673.843295045172,0.0,4752.0,0.0,5606.4,2249.250411343749,2099.868797491866,0,0,0,0,1.0,1.0,1.0,0.0,0.0,0.0,0.0,0.0,0.0,0.0,0.0,0.0,0.0,0.0,4,0,0.0,1.0,0.0,0.0,0.0
2025-04-14,990.0,2025,4,14,0,2,16,0,0,0,0.0,1.0,0.8660254037844387,-0.4999999999999998,0.29936312297335804,-0.9541392564000488,396.0,794.0,4180.0,1913.0857142857144,1779.3999999999994,1464.2133333333331,1878.5823692602253,1693.8129930380449,1602.1469896260076,0.0,4752.0,0.0,5606.4,1934.4378085078117,2028.2643589440038,0,0,0,0,3.0,3.0,3.0,495.0,165.0,57.15767664977295,0.0,0.0,123.75,123.75,0.0,0.0,0.9182958340544894,2.0,0,0,495.0,9.0,2.7548875021634682,0.0,0.0
2025-04-15,1826.0,2025,4,15,1,2,16,0,0,0,0.7818314824680298,0.6234898018587336,0.8660254037844387,-0.4999999999999998,0.10116832198743272,-0.994869323391895,400.0,1886.0,2960.0,2116.8,1775.1142857142852,1426.4133333333332,1760.7805693309567,1693.5984170521779,1578.8474730841576,0.0,4752.0,0.0,5606.4,1907.3283563808588,2015.2150454637456,0,0,0,0,4.0,4.0,3.0,675.0,168.75,47.26785376976619,0.0,0.0,135.0,168.75,0.0,0.0,1.5,3.0,0,0,675.0,12.0,6.0,0.0,0.0
2025-04-16,5508.0,2025,4,16,2,2,16,0,0,0,0.9749279121818236,-0.22252093395631434,0.8660254037844387,-0.4999999999999998,-0.10116832198743204,-0.9948693233918952,4752.0,702.0,60.0,2224.8,2118.399999999999,1608.013333333333,1961.1391111630614,1929.9384828776774,1722.997873341721,0.0,5508.0,0.0,5606.4,2807.496267285644,2240.5560102725362,0,0,0,0,2.0,1.0,2.0,324.0,162.0,229.1025971044414,36.0,0.0,162.0,108.0,0.0997229916897507,0.0,0.0,0.0,0,0,324.0,2.0,0.0,0.0,0.0
2025-04-18,4350.4,2025,4,18,4,2,16,0,0,0,-0.433883739117558,-0.9009688679024191,0.8660254037844387,-0.4999999999999998,-0.4853019625310808,-0.8743466161445822,1120.0,396.0,0.0,2686.285714285714,2400.857142857142,1753.0266666666664,2036.4678796293335,1947.7566352934223,1765.542216398385,0.0,5508.0,0.0,5606.4,3193.222200464233,2376.6749773517276,0,0,0,0,2.0,2.0,2.0,357.2,178.6,252.57854223983477,32.8,0.0,119.06666666666666,119.06666666666666,0.08388746803069053,0.0,0.0,0.0,0,0,357.2,4.0,0.0,0.0,0.0
2025-04-19,1992.0,2025,4,19,5,2,16,1,0,0,-0.9749279121818236,-0.2225209339563146,0.8660254037844387,-0.4999999999999998,-0.651372482722222,-0.7587581226927911,0.0,656.0,0.0,2970.8571428571427,2496.2857142857138,1819.4266666666667,1711.8335188301903,1887.488603677085,1734.5254461673844,990.0,5508.0,0.0,5606.4,2892.9166503481747,2351.8572368774226,0,0,0,0,2.0,2.0,2.0,330.0,165.0,120.20815280171308,0.0,0.0,110.0,110.0,0.0,0.0,0.0,1.0,4,0,330.0,4.0,0.0,0.0,0.0
2025-04-20,992.0,2025,4,20,6,2,16,1,0,0,-0.7818314824680299,0.6234898018587334,0.8660254037844387,-0.4999999999999998,-0.7907757369376986,-0.6121059825476627,1833.6,4750.0,946.4,2850.628571428572,2227.857142857142,1820.9466666666667,1830.463574903281,1807.8645463700707,1733.753822506914,990.0,5508.0,0.0,5606.4,2417.687487761131,2264.124511917589,0,0,0,0,1.0,1.0,1.0,99.0,99.0,0.0,0.0,0.0,49.5,49.5,0.0,0.0,0.0,1.0,4,0,99.0,1.0,0.0,0.0,0.0
2025-04-21,398.0,2025,4,21,0,2,17,0,0,0,0.0,1.0,0.8660254037844387,-0.4999999999999998,-0.8978045395707417,-0.44039415155763423,4296.0,2734.0,1044.0,2293.7714285714287,2060.9999999999995,1799.4133333333334,1908.7186187896816,1864.4711174196805,1747.6919533927849,398.0,5508.0,0.0,5606.4,1912.765615820848,2143.7293821164544,0,0,0,0,1.0,1.0,1.0,199.0,199.0,0.0,0.0,0.0,99.5,99.5,0.0,0.0,0.0,1.0,0,0,199.0,1.0,0.0,0.0,0.0
2025-04-23,8264.0,2025,4,23,2,2,17,0,0,0,0.9749279121818236,-0.22252093395631434,0.8660254037844387,-0.4999999999999998,-0.9987165071710528,-0.05064916883871355,990.0,396.0,398.0,3332.914285714286,2622.9999999999995,2061.6133333333332,2835.616473496013,2425.4175075961107,2087.2589185147604,398.0,8264.0,0.0,8264.0,3500.5742118656362,2538.5855510121673,0,0,0,0,3.0,3.0,2.0,328.0,109.33333333333333,189.37088829419724,0.0,0.0,82.0,109.33333333333333,0.0,0.0,0.0,1.0,0,0,328.0,6.0,0.0,0.0,0.0
2025-04-24,1044.0,2025,4,24,3,2,17,0,0,0,0.43388373911755823,-0.900968867902419,0.8660254037844387,-0.4999999999999998,-0.9884683243281114,0.15142777750457667,1826.0,400.0,396.0,3221.2000000000003,2668.9999999999995,2083.2133333333336,2919.0552718302656,2385.7967403267467,2072.7303026207164,398.0,8264.0,0.0,8264.0,2886.430658899227,2442.160676753318,0,0,0,0,1.0,1.0,1.0,162.0,162.0,0.0,18.0,0.0,81.0,81.0,0.09944751381215469,0.0,0.0,0.0,0,0,162.0,1.0,0.0,0.0,0.0
2025-04-27,360.0,2025,4,27,6,2,17,1,0,0,-0.7818314824680299,0.6234898018587334,0.8660254037844387,-0.4999999999999998,-0.72479278722912,0.6889669190756865,5508.0,4752.0,840.0,2485.7714285714287,2355.2857142857138,2067.2133333333336,2895.292932626055,2379.578145824969,2084.4772859587674,360.0,8264.0,0.0,8264.0,2254.8229941744203,2307.8277298660073,0,0,0,0,1.0,1.0,1.0,180.0,180.0,0.0,0.0,0.0,90.0,90.0,0.0,0.0,0.0,0.0,4,0,180.0,1.0,0.0,0.0,0.0
2025-05-01,1156.0,2025,5,1,3,2,18,0,1,0,0.43388373911755823,-0.900968867902419,0.49999999999999994,-0.8660254037844387,0.20129852008866006,0.9795299412524945,4350.4,1120.0,396.0,2029.4285714285713,2357.857142857142,2092.5466666666666,2802.678412824847,2378.159612199901,2068.019404920153,360.0,8264.0,0.0,8264.0,1980.1172456308152,2233.516263423039,0,0,0,0,1.0,1.0,1.0,380.0,380.0,0.0,0.0,0.0,190.0,190.0,0.0,0.0,0.0,1.0,0,0,380.0,1.0,0.0,0.0,0.0
2025-05-03,1156.0,2025,5,3,5,2,18,1,1,0,-0.9749279121818236,-0.2225209339563146,0.49999999999999994,-0.8660254037844387,0.5712682150947923,0.8207634412072763,1992.0,0.0,1018.0,1910.0,2440.428571428571,2097.1466666666665,2822.2825277896595,2309.0603907978525,2065.698995286173,360.0,8264.0,0.0,8264.0,1774.0879342231115,2163.999085137682,0,0,0,0,1.0,1.0,1.0,368.0,368.0,0.0,0.0,0.0,184.0,184.0,0.0,0.0,0.0,0.0,5,0,368.0,1.0,0.0,0.0,0.0
2025-05-04,198.0,2025,5,4,6,2,18,1,0,0,-0.7818314824680299,0.6234898018587334,0.49999999999999994,-0.8660254037844387,0.7247927872291199,0.6889669190756866,992.0,1833.6,794.0,1796.5714285714287,2323.5999999999995,2077.28,2880.6778633476324,2382.3394888218354,2081.4698398172463,198.0,8264.0,0.0,8264.0,1380.0659506673337,2037.160434483638,0,0,0,0,1.0,1.0,1.0,99.0,99.0,0.0,0.0,0.0,49.5,49.5,0.0,0.0,0.0,1.0,5,0,99.0,1.0,0.0,0.0,0.0
2025-05-05,8349.6,2025,5,5,0,2,19,0,0,0,0.0,1.0,0.49999999999999994,-0.8660254037844387,0.8486442574947509,0.5289640103269624,398.0,4296.0,3364.0,2932.5142857142855,2613.1428571428564,2243.4666666666667,3691.057840885453,2842.4077284838886,2367.1661633812996,198.0,8349.6,0.0,8349.6,3122.4494630005,2444.414600000823,0,0,0,0,2.0,2.0,1.0,1196.8,598.4,846.2653957240601,299.2,0.0,398.93333333333334,598.4,0.19986639946559787,0.0,0.0,0.0,0,0,1196.8,2.0,0.0,0.0,0.0
2025-05-06,656.0,2025,5,6,1,2,19,0,0,0,0.7818314824680298,0.6234898018587336,0.49999999999999994,-0.8660254037844387,0.9377521321470804,0.3473052528448203,8264.0,990.0,398.0,1845.6571428571428,2589.2857142857138,2252.0666666666666,2893.4528432636675,2858.4356826921603,2360.690124888694,198.0,8349.6,0.0,8349.6,2505.8370972503753,2329.033012903996,0,0,0,0,1.0,1.0,1.0,328.0,328.0,0.0,0.0,0.0,164.0,164.0,0.0,0.0,0.0,1.0,0,0,328.0,1.0,0.0,0.0,0.0
2025-05-08,198.0,2025,5,8,3,2,19,0,0,0,0.43388373911755823,-0.900968867902419,0.49999999999999994,-0.8660254037844387,0.9987165071710528,-0.05064916883871264,1044.0,1826.0,5606.4,1724.8,2472.9999999999995,2071.7866666666664,2949.6409634620727,2924.23347378944,2301.464972087778,198.0,8349.6,0.0,8349.6,1928.8778229377815,2191.547012071481,0,0,0,0,1.0,1.0,1.0,99.0,99.0,0.0,0.0,0.0,49.5,49.5,0.0,0.0,0.0,1.0,0,0,99.0,1.0,0.0,0.0,0.0
2025-05-10,5758.0,2025,5,10,5,2,19,1,0,0,-0.9749279121818236,-0.2225209339563146,0.49999999999999994,-0.8660254037844387,0.8978045395707416,-0.4403941515576344,360.0,5508.0,794.0,2495.942857142857,2490.857142857142,2237.2533333333336,3226.0317454819383,2944.883098558533,2383.4164333973144,198.0,8349.6,0.0,8349.6,2886.158367203336,2421.6407532281596,0,0,0,0,3.0,3.0,3.0,179.0,59.666666666666664,52.53887449625594,0.0,0.0,44.75,44.75,0.0,0.0,0.0,1.0,5,0,179.0,9.0,0.0,0.0,0.0
2025-05-11,198.0,2025,5,11,6,2,19,1,0,0,-0.7818314824680299,0.6234898018587334,0.49999999999999994,-0.8660254037844387,0.7907757369376989,-0.6121059825476626,1156.0,4350.4,1886.0,2359.085714285714,2194.2571428571423,2180.9866666666667,3311.5371634275834,2952.2881143834106,2411.7509741254944,198.0,8349.6,0.0,8349.6,2214.1187754025023,2278.1800594715046,0,0,0,0,1.0,1.0,1.0,99.0,99.0,0.0,0.0,0.0,49.5,49.5,0.0,0.0,0.0,1.0,5,0,99.0,1.0,0.0,0.0,0.0
2025-05-12,7676.8,2025,5,12,0,2,20,0,0,0,0.0,1.0,0.49999999999999994,-0.8660254037844387,0.6513724827222223,-0.7587581226927909,1156.0,1992.0,702.0,3290.628571428572,2600.3142857142852,2413.48,3798.1121546167747,3293.549418264334,2593.590961608596,198.0,8349.6,0.0,8349.6,3579.7890815518767,2626.478120150762,0,0,0,0,2.0,2.0,1.0,830.8,415.4,307.4500284599108,271.2,0.0,276.93333333333334,415.4,0.2458748866727108,0.0,0.0,1.0,0,0,830.8,2.0,0.0,0.0,0.0
2025-05-14,4296.0,2025,5,14,2,2,20,0,0,0,0.9749279121818236,-0.22252093395631434,0.49999999999999994,-0.8660254037844387,0.29936312297335804,-0.9541392564000488,198.0,992.0,396.0,3876.057142857143,2836.3142857142852,2543.48,3549.677674971421,3287.8097949048706,2586.7124935743564,198.0,8349.6,0.0,8349.6,3758.8418111639076,2734.1892091732934,0,0,0,0,1.0,1.0,1.0,0.0,0.0,0.0,0.0,0.0,0.0,0.0,0.0,0.0,0.0,0.0,0,0,0.0,1.0,0.0,0.0,0.0
2025-05-16,0.0,2025,5,16,4,2,20,0,0,0,-0.433883739117558,-0.9009688679024191,0.49999999999999994,-0.8660254037844387,-0.10116832198743204,-0.9948693233918952,8349.6,398.0,656.0,2683.257142857143,2807.8857142857137,2521.6133333333332,3179.441774304188,3312.1454796312373,2605.91984841585,0.0,7676.8,0.0,8349.6,2819.1313583729307,2557.7899053556616,0,0,0,0,0.0,0.0,0.0,0.0,0.0,0.0,0.0,0.0,0.0,0.0,0.0,0.0,0.0,0.0,0,0,0.0,0.0,0.0,0.0,0.0
2025-05-17,10632.0,2025,5,17,5,2,20,1,0,0,-0.9749279121818236,-0.2225209339563146,0.49999999999999994,-0.8660254037844387,-0.2993631229733582,-0.9541392564000488,656.0,8264.0,4750.0,4108.400000000001,2977.028571428571,2717.68,4193.419772294052,3654.9339759223462,2974.5653408813005,0.0,10632.0,0.0,10632.0,4772.348518779698,3078.7066856552965,0,0,0,0,4.0,4.0,2.0,-7024.0,-1756.0,3771.777741772881,21.0,0.0,-1404.8,-2341.3333333333335,-0.0029991431019708655,-0.0,0.0,1.0,5,0,-7024.0,8.0,0.0,-0.0029991431019708655,0.0
2025-05-18,1916.0,2025,5,18,6,2,20,1,0,0,-0.7818314824680299,0.6234898018587334,0.49999999999999994,-0.8660254037844387,-0.4853019625310808,-0.8743466161445822,198.0,1044.0,2734.0,4353.828571428572,3039.3142857142852,2690.413333333333,3970.775735174128,3626.7798794007686,2978.157555839209,0.0,10632.0,0.0,10632.0,4058.2613890847733,3003.69335109689,0,0,0,0,2.0,2.0,1.0,760.0,380.0,0.0,0.0,0.0,253.33333333333334,380.0,0.0,0.0,0.0,1.0,5,0,760.0,2.0,0.0,0.0,0.0
2025-05-19,198.0,2025,5,19,0,2,21,0,0,0,0.0,1.0,0.49999999999999994,-0.8660254037844387,-0.651372482722222,-0.7587581226927911,5758.0,360.0,396.0,3559.5428571428574,3027.742857142857,2683.813333333333,4192.9572852809415,3636.2320637025878,2983.6319875375625,0.0,10632.0,0.0,10632.0,3093.19604181358,2822.680876832575,0,0,0,0,1.0,1.0,1.0,99.0,99.0,0.0,0.0,0.0,49.5,49.5,0.0,0.0,0.0,1.0,0,0,99.0,1.0,0.0,0.0,0.0
2025-05-22,6976.0,2025,5,22,3,2,21,0,0,0,0.43388373911755823,-0.900968867902419,0.49999999999999994,-0.8660254037844387,-0.9680771188662041,-0.2506525322587213,198.0,1156.0,400.0,4527.828571428572,3443.4571428571426,2903.0133333333333,4068.056727609342,3737.072518123533,3050.86386361285,0.0,10632.0,0.0,10632.0,4063.897031360185,3090.63694929499,0,0,0,0,2.0,2.0,2.0,180.0,90.0,127.27922061357856,0.0,0.0,60.0,60.0,0.0,0.0,0.0,0.0,0,0,180.0,4.0,0.0,0.0,0.0
2025-05-23,360.0,2025,5,23,4,2,21,0,0,0,-0.433883739117558,-0.9009688679024191,0.49999999999999994,-0.8660254037844387,-0.9987165071710528,-0.05064916883871355,7676.8,1156.0,4752.0,3482.5714285714284,3386.5999999999995,2756.6133333333332,4064.0978850229076,3780.356439848969,3064.4261173638183,0.0,10632.0,0.0,10632.0,3137.9227735201384,2914.4668235340228,0,0,0,0,1.0,1.0,1.0,180.0,180.0,0.0,0.0,0.0,90.0,90.0,0.0,0.0,0.0,0.0,0,0,180.0,1.0,0.0,0.0,0.0
2025-05-24,376.0,2025,5,24,5,2,21,1,0,0,-0.9749279121818236,-0.2225209339563146,0.49999999999999994,-0.8660254037844387,-0.9884683243281114,0.15142777750457667,4296.0,198.0,1120.0,2922.5714285714284,3399.3142857142852,2731.813333333333,4201.096478188486,3769.089992365442,3081.0929592052626,0.0,10632.0,0.0,10632.0,2447.442080140104,2750.6947704027957,0,0,0,0,2.0,2.0,2.0,188.0,94.0,132.93607486307093,0.0,0.0,62.666666666666664,62.666666666666664,0.0,0.0,0.0,1.0,5,0,188.0,4.0,0.0,0.0,0.0
2025-05-26,1128.0,2025,5,26,0,2,22,0,0,0,0.0,1.0,0.49999999999999994,-0.8660254037844387,-0.848644257494751,0.5289640103269624,0.0,8349.6,0.0,3083.714285714286,2883.485714285714,2769.413333333333,4090.4882232762848,3525.8053541233257,3053.363782129942,198.0,10632.0,0.0,10632.0,2117.581560105078,2646.004785215519,0,0,0,0,3.0,3.0,3.0,564.0,188.0,0.0,0.0,0.0,141.0,141.0,0.0,0.0,0.0,1.0,0,0,564.0,9.0,0.0,0.0,0.0
2025-05-27,1318.0,2025,5,27,1,2,22,0,0,0,0.7818314824680298,0.6234898018587336,0.49999999999999994,-0.8660254037844387,-0.72479278722912,0.6889669190756865,10632.0,656.0,1833.6,1753.142857142857,2930.7714285714283,2752.2266666666665,2385.3983195385363,3497.9630766025252,3060.256208671509,198.0,6976.0,0.0,10632.0,1917.6861700788086,2560.3270571370986,0,0,0,0,2.0,2.0,1.0,464.0,232.0,46.66904755831214,265.0,0.0,154.66666666666666,232.0,0.363013698630137,0.0,0.0,1.0,0,0,464.0,2.0,0.0,0.0,0.0
2025-05-29,396.0,2025,5,29,3,2,22,0,0,1,0.43388373911755823,-0.900968867902419,0.49999999999999994,-0.8660254037844387,-0.3943558551133187,0.9189578116202306,1916.0,198.0,4296.0,1536.0,2944.9142857142856,2622.2266666666665,2436.7330588310533,3486.445403130654,3075.2148330822465,198.0,6976.0,0.0,10632.0,1537.2646275591064,2420.693053450834,0,0,0,0,2.0,2.0,1.0,198.0,99.0,0.0,0.0,0.0,66.0,99.0,0.0,0.0,0.0,1.0,0,0,198.0,2.0,0.0,0.0,396.0
2025-05-30,2460.0,2025,5,30,4,2,22,0,0,1,-0.433883739117558,-0.9009688679024191,0.49999999999999994,-0.8660254037844387,-0.20129852008866114,0.9795299412524943,198.0,5758.0,990.0,1859.142857142857,2709.3428571428567,2671.2266666666665,2379.0260912518947,3391.8873370518404,3059.9840286864187,360.0,6976.0,0.0,10632.0,1767.9484706693297,2423.2289854862643,0,0,0,0,2.0,2.0,2.0,1230.0,615.0,459.6194077712559,0.0,0.0,410.0,410.0,0.0,0.0,0.0,1.0,0,0,1230.0,4.0,0.0,0.0,2460.0
2025-05-31,7360.0,2025,5,31,5,2,22,1,0,1,-0.9749279121818236,-0.2225209339563146,0.49999999999999994,-0.8660254037844387,-2.4492935982947064e-16,1.0,6976.0,198.0,1826.0,1914.0,3220.9142857142856,2855.693333333333,2517.0991239917676,3521.5991836876224,3172.0270585154058,360.0,7360.0,0.0,10632.0,3165.9613530019974,2741.730341261344,0,1,0,0,1.0,1.0,1.0,1880.0,1880.0,0.0,0.0,0.0,940.0,940.0,0.0,0.0,0.0,1.0,5,0,1880.0,1.0,0.0,0.0,7360.0
2025-06-04,2000.0,2025,6,4,2,2,23,0,0,0,0.9749279121818236,-0.22252093395631434,1.2246467991473532e-16,-1.0,0.7247927872291199,0.6889669190756866,360.0,7676.8,5508.0,2148.285714285714,2815.428571428571,2738.7599999999998,2422.9107642314616,3288.15406981076,3135.3281323738743,376.0,7360.0,0.0,10632.0,2874.471014751498,2693.8767708573864,0,1,0,0,1.0,1.0,1.0,1000.0,1000.0,0.0,0.0,0.0,500.0,500.0,0.0,0.0,0.0,0.0,0,0,1000.0,1.0,0.0,0.0,0.0
2025-06-05,2538.0,2025,6,5,3,2,23,0,0,0,0.43388373911755823,-0.900968867902419,1.2246467991473532e-16,-1.0,0.8486442574947509,0.5289640103269624,376.0,4296.0,4350.4,2457.1428571428573,2689.857142857142,2678.3466666666664,2293.6910158499063,3260.716812584008,3120.630022567078,396.0,7360.0,0.0,10632.0,2790.3532610636234,2683.82020499562,0,1,0,0,2.0,2.0,2.0,779.0,389.5,410.82903986938413,0.0,0.0,259.6666666666667,259.6666666666667,0.0,0.0,1.0,2.0,0,0,779.0,4.0,2.0,0.0,0.0
2025-06-06,180.0,2025,6,6,4,2,23,0,0,0,-0.433883739117558,-0.9009688679024191,1.2246467991473532e-16,-1.0,0.9377521321470804,0.3473052528448203,1128.0,0.0,1992.0,2321.714285714286,2702.7142857142853,2617.9466666666663,2410.2725789341775,3249.630758399167,3151.7528779956556,180.0,7360.0,0.0,10632.0,2137.7649457977177,2522.2834175765474,0,1,0,0,1.0,1.0,1.0,90.0,90.0,0.0,90.0,0.0,45.0,45.0,0.4972375690607735,0.0,0.0,0.0,0,0,90.0,1.0,0.0,0.0,0.0
2025-06-07,6818.0,2025,6,7,5,2,23,1,0,0,-0.9749279121818236,-0.2225209339563146,1.2246467991473532e-16,-1.0,0.9884683243281114,0.1514277775045767,1318.0,10632.0,992.0,3107.4285714285716,2430.2857142857138,2812.1466666666665,2879.3575010838254,2635.6179082411845,3226.7105923389718,180.0,7360.0,0.0,10632.0,3307.8237093482885,2799.4264228941897,1,0,0,1,3.0,3.0,2.0,3119.0,1039.6666666666667,1698.1579235552074,0.0,0.0,779.75,1039.6666666666667,0.0,0.0,1.0,2.0,6,1,3119.0,6.0,3.0,0.0,0.0
2025-06-08,4212.0,2025,6,8,6,2,23,1,0,0,-0.7818314824680299,0.6234898018587334,1.2246467991473532e-16,-1.0,0.9987165071710528,-0.05064916883871264,396.0,1916.0,398.0,3652.5714285714284,2594.2857142857138,2939.2799999999997,2630.9746519203995,2672.333104195676,3203.3644750911094,180.0,7360.0,0.0,10632.0,3533.867782011216,2890.5602020623064,0,0,1,0,1.0,1.0,1.0,1800.0,1800.0,0.0,0.0,0.0,900.0,900.0,0.0,0.0,0.0,1.0,6,0,1800.0,1.0,0.0,0.0,0.0
2025-06-11,702.0,2025,6,11,2,2,24,0,0,0,0.9749279121818236,-0.22252093395631434,1.2246467991473532e-16,-1.0,0.7907757369376989,-0.6121059825476626,2460.0,198.0,8264.0,3401.4285714285716,2630.2857142857138,2687.213333333333,2839.433679283191,2640.7771416929127,3064.431237292139,180.0,7360.0,0.0,10632.0,2825.900836508412,2749.36276967119,0,0,1,0,1.0,1.0,1.0,351.0,351.0,0.0,39.0,0.0,175.5,175.5,0.09974424552429667,0.0,0.0,0.0,0,0,351.0,1.0,0.0,0.0,0.0
2025-06-12,11468.6,2025,6,12,3,2,24,0,0,0,0.43388373911755823,-0.900968867902419,1.2246467991473532e-16,-1.0,0.6513724827222223,-0.7587581226927909,7360.0,6976.0,1044.0,3988.371428571428,2951.185714285714,3034.7,3986.8900869868885,3379.201570206754,3439.7354432151064,180.0,11468.6,0.0,11468.6,4986.5756273813095,3311.8942038859523,0,0,1,0,2.0,2.0,1.0,5209.3,2604.65,3387.536456630393,89.7,0.0,1736.4333333333334,2604.65,0.016924528301886795,0.0,0.0,0.0,0,0,5209.3,2.0,0.0,0.0,0.0
2025-06-14,4606.8,2025,6,14,5,2,24,1,0,0,-0.9749279121818236,-0.2225209339563146,1.2246467991473532e-16,-1.0,0.29936312297335804,-0.9541392564000488,2000.0,360.0,360.0,4360.771428571429,3254.528571428571,3176.26,3890.797176978128,3318.7766639643896,3413.1486069064536,180.0,11468.6,0.0,11468.6,4891.631720535982,3395.436513312665,0,0,1,0,4.0,4.0,2.0,1143.4,285.85,109.13396965809194,22.6,0.0,228.68,381.1333333333334,0.019365895458440446,0.0,0.0,1.0,6,0,1143.4,8.0,0.0,0.019365895458440446,0.0
2025-06-15,1024.0,2025,6,15,6,2,24,1,0,0,-0.7818314824680299,0.6234898018587334,1.2246467991473532e-16,-1.0,0.10116832198743272,-0.994869323391895,2538.0,376.0,1156.0,4144.4857142857145,3300.8142857142852,3171.86,4047.919369844455,3279.833003689028,3415.9267476398345,180.0,11468.6,0.0,11468.6,3924.7237904019867,3242.440609227977,0,0,0,0,2.0,2.0,2.0,350.0,175.0,18.384776310850235,18.0,0.0,116.66666666666667,116.66666666666667,0.04878048780487805,0.0,0.0,1.0,6,0,350.0,4.0,0.0,0.04878048780487805,0.0
2025-06-16,1892.8,2025,6,16,0,2,25,0,0,0,0.0,1.0,1.2246467991473532e-16,-1.0,-0.10116832198743204,-0.9948693233918952,180.0,1128.0,1156.0,4389.171428571429,3355.4428571428566,3196.42,3813.3045868879876,3247.064488406106,3403.55958670856,702.0,11468.6,0.0,11468.6,3416.74284280149,3155.3670215358493,0,0,0,0,2.0,2.0,2.0,676.0,338.0,196.5756851698602,53.0,0.0,225.33333333333334,225.33333333333334,0.07260273972602739,0.0,0.0,1.0,0,0,676.0,4.0,0.0,0.0,0.0
2025-06-18,11172.0,2025,6,18,2,2,25,0,0,0,0.9749279121818236,-0.22252093395631434,1.2246467991473532e-16,-1.0,-0.4853019625310808,-0.8743466161445822,6818.0,1318.0,198.0,5011.171428571428,4059.2999999999997,3562.2200000000003,4557.9073859664595,3793.4776533088634,3650.9204441128627,702.0,11468.6,0.0,11468.6,5355.5571321011175,3672.5691491786974,0,0,0,0,2.0,2.0,2.0,5188.0,2594.0,3402.597831069667,0.0,0.0,1729.3333333333333,1729.3333333333333,0.0,0.0,0.0,1.0,0,0,5188.0,4.0,0.0,0.0,0.0
2025-06-20,456.0,2025,6,20,4,2,25,0,0,0,-0.433883739117558,-0.9009688679024191,1.2246467991473532e-16,-1.0,-0.7907757369376986,-0.6121059825476627,4212.0,396.0,8349.6,4474.6,4063.585714285714,3299.1,4877.544941190532,3789.051962178374,3577.7088313708323,456.0,11468.6,0.0,11468.6,4130.667849075839,3465.0485589091045,0,1,0,0,1.0,1.0,1.0,188.0,188.0,0.0,0.0,0.0,94.0,94.0,0.0,0.0,0.0,1.0,0,0,188.0,1.0,0.0,0.0,0.0
2025-06-21,11640.0,2025,6,21,5,2,25,1,0,0,-0.9749279121818236,-0.2225209339563146,1.2246467991473532e-16,-1.0,-0.8978045395707417,-0.44039415155763423,702.0,2460.0,656.0,6037.171428571428,4719.3,3665.233333333333,5208.35399517425,4255.774368476845,3849.5993550904136,456.0,11640.0,0.0,11640.0,6008.000886806879,3992.4647809149687,0,1,0,0,2.0,2.0,2.0,5480.0,2740.0,3196.1226509631947,50.0,0.0,1826.6666666666667,1826.6666666666667,0.00903995660820828,0.0,0.0,0.0,6,0,5480.0,4.0,0.0,0.00903995660820828,0.0
2025-06-22,376.0,2025,6,22,6,2,25,1,0,0,-0.7818314824680299,0.6234898018587334,1.2246467991473532e-16,-1.0,-0.9680771188662041,-0.2506525322587213,11468.6,7360.0,198.0,4452.514285714286,4220.442857142857,3671.1666666666665,4962.059146304948,4331.0856810369605,3844.204475556021,376.0,11640.0,0.0,11640.0,4600.000665105159,3759.144472468842,0,1,0,0,1.0,1.0,1.0,188.0,188.0,0.0,0.0,0.0,94.0,94.0,0.0,0.0,0.0,1.0,6,0,188.0,1.0,0.0,0.0,0.0
2025-06-24,7068.4,2025,6,24,1,2,26,0,0,0,0.7818314824680298,0.6234898018587336,1.2246467991473532e-16,-1.0,-0.9884683243281114,0.15142777750457667,4606.8,2000.0,5758.0,4804.171428571428,4582.471428571428,3714.8466666666664,5061.053918475309,4343.018527463357,3876.046760218739,376.0,11640.0,0.0,11640.0,5217.10049882887,3972.6448290837557,0,1,0,0,2.0,2.0,1.0,3153.0,1576.5,2013.1330060381008,17.0,0.0,1051.0,1576.5,0.005361084831283507,0.0,0.0,0.0,0,0,3153.0,2.0,0.0,0.0,0.0
2025-06-26,1994.4,2025,6,26,3,2,26,0,0,0,0.43388373911755823,-0.900968867902419,1.2246467991473532e-16,-1.0,-0.848644257494751,0.5289640103269624,1024.0,2538.0,198.0,4942.8,4543.642857142857,3774.726666666667,4952.376447726888,4365.0770737250805,3833.4848373998557,376.0,11640.0,0.0,11640.0,4411.425374121653,3845.016130433191,0,1,0,0,1.0,1.0,1.0,162.0,162.0,0.0,18.0,0.0,81.0,81.0,0.09944751381215469,0.0,0.0,0.0,0,0,162.0,1.0,0.0,0.0,0.0
2025-06-27,1656.0,2025,6,27,4,2,26,0,0,0,-0.433883739117558,-0.9009688679024191,1.2246467991473532e-16,-1.0,-0.72479278722912,0.6889669190756865,1892.8,180.0,7676.8,4908.971428571429,4649.071428571428,3574.0333333333338,4977.42802583633,4268.3284594302595,3779.377187911473,376.0,11640.0,0.0,11640.0,3722.5690305912394,3703.7892833084693,1,0,0,0,1.0,1.0,1.0,477.0,477.0,0.0,53.0,0.0,238.5,238.5,0.09981167608286252,0.0,0.0,0.0,0,0,477.0,1.0,0.0,0.0,0.0
2025-06-28,2080.0,2025,6,28,5,2,26,1,0,1,-0.9749279121818236,-0.2225209339563146,1.2246467991473532e-16,-1.0,-0.5712682150947924,0.8207634412072763,11172.0,6818.0,4296.0,3610.1142857142854,4310.642857142857,3500.166666666667,4195.5746890537675,4270.962458404285,3786.4289295918998,376.0,11640.0,0.0,11640.0,3311.9267729434296,3599.0286843853423,0,0,1,0,2.0,2.0,1.0,606.0,303.0,985.7068529740473,0.0,0.0,202.0,303.0,0.0,0.0,0.0,0.0,6,0,606.0,2.0,0.0,0.0,2080.0
2025-06-29,1998.0,2025,6,29,6,2,26,1,0,1,-0.7818314824680299,0.6234898018587334,1.2246467991473532e-16,-1.0,-0.3943558551133187,0.9189578116202306,456.0,4212.0,0.0,3830.4,4152.499999999999,3566.7666666666673,4039.964455289185,4315.651501400262,3740.028343644504,376.0,11640.0,180.0,11640.0,2983.4450797075724,3495.7365111991917,0,0,1,0,1.0,1.0,1.0,999.0,999.0,0.0,0.0,0.0,499.5,499.5,0.0,0.0,0.0,1.0,6,0,999.0,1.0,0.0,0.0,1998.0
2025-06-30,1194.0,2025,6,30,0,2,27,0,0,1,0.0,1.0,1.2246467991473532e-16,-1.0,-0.20129852008866114,0.9795299412524943,11640.0,702.0,10632.0,2338.1142857142854,4187.642857142857,3252.1666666666665,2171.7969913020597,4287.302398893775,3515.4332304100367,376.0,7068.4,180.0,11640.0,2536.083809780679,3347.2373814444054,0,0,1,0,3.0,3.0,1.0,597.0,199.0,11.0,0.0,0.0,149.25,298.5,0.0,0.0,1.0,2.0,0,0,597.0,3.0,3.0,0.0,1194.0
2025-07-01,1998.0,2025,7,1,1,3,27,0,1,0,0.7818314824680298,0.6234898018587336,-0.4999999999999997,-0.8660254037844388,0.20129852008866006,0.9795299412524945,376.0,11468.6,1916.0,2569.828571428571,3511.1714285714284,3254.9,2007.9076055389226,3765.51266086316,3514.3902284650912,1194.0,7068.4,180.0,11640.0,2401.5628573355093,3260.1898084479926,0,0,1,0,1.0,1.0,1.0,999.0,999.0,0.0,0.0,0.0,499.5,499.5,0.0,0.0,0.0,1.0,0,0,999.0,1.0,0.0,0.0,0.0
2025-07-02,92.0,2025,7,2,2,3,27,0,1,0,0.9749279121818236,-0.22252093395631434,-0.4999999999999997,-0.8660254037844388,0.39435585511331855,0.9189578116202306,7068.4,4606.8,198.0,1573.2,3188.685714285714,3251.366666666667,723.3910514607412,3856.6873547239716,3517.621384453946,92.0,2080.0,92.0,11640.0,1824.1721430016319,3055.7904659674773,0,0,1,0,1.0,1.0,1.0,46.0,46.0,0.0,0.0,0.0,23.0,23.0,0.0,0.0,0.0,0.0,0,0,46.0,1.0,0.0,0.0,0.0
2025-07-03,2038.0,2025,7,3,3,3,27,0,1,0,0.43388373911755823,-0.900968867902419,-0.4999999999999997,-0.8660254037844388,0.5712682150947923,0.8207634412072763,1994.4,1024.0,6976.0,1579.4285714285713,3261.114285714285,3086.766666666667,727.7964131869312,3822.275363195042,3452.249223465684,92.0,2080.0,92.0,11640.0,1877.629107251224,2990.1265649373177,0,0,1,0,2.0,2.0,1.0,461.0,230.5,96.87362902255701,18.0,0.0,153.66666666666666,230.5,0.0375,0.0,0.0,0.0,0,0,461.0,2.0,0.0,0.0,0.0
2025-07-05,11800.0,2025,7,5,5,3,27,1,0,0,-0.9749279121818236,-0.2225209339563146,-0.4999999999999997,-0.8660254037844388,0.8486442574947509,0.5289640103269624,1656.0,1892.8,360.0,3028.5714285714284,3968.7714285714283,3468.1,3935.569372494196,4419.855904269433,3758.8765822635805,92.0,11800.0,92.0,11800.0,4358.221830438418,3558.5054962316844,0,0,0,0,3.0,3.0,2.0,5600.0,1866.6666666666667,2713.546265191241,0.0,0.0,1400.0,1866.6666666666667,0.0,0.0,0.0,1.0,7,0,5600.0,6.0,0.0,0.0,0.0
2025-07-06,4764.0,2025,7,6,6,3,27,1,0,0,-0.7818314824680299,0.6234898018587334,-0.4999999999999997,-0.8660254037844388,0.9377521321470804,0.3473052528448203,2080.0,11172.0,376.0,3412.0,3511.057142857142,3614.366666666667,3958.430665470016,3920.061756521819,3719.5749568384977,92.0,11800.0,92.0,11800.0,4459.666372828813,3636.2793351844794,0,0,0,0,2.0,1.0,1.0,2382.0,1191.0,436.9919907732864,0.0,0.0,1191.0,1191.0,0.0,0.0,0.0,1.0,7,0,2382.0,1.0,0.0,0.0,0.0
2025-07-07,600.0,2025,7,7,0,3,28,0,0,0,0.0,1.0,-0.4999999999999997,-0.8660254037844388,0.9884683243281114,0.1514277775045767,1998.0,456.0,1128.0,3212.285714285714,3521.3428571428562,3596.766666666667,4075.205259218482,3911.6088827831454,3732.9704929076825,92.0,11800.0,92.0,11800.0,3494.74977962161,3440.3903458177388,0,0,0,0,1.0,1.0,1.0,300.0,300.0,0.0,0.0,0.0,150.0,150.0,0.0,0.0,0.0,1.0,0,0,300.0,1.0,0.0,0.0,0.0
2025-07-09,600.0,2025,7,9,2,3,28,0,0,0,0.9749279121818236,-0.22252093395631434,-0.4999999999999997,-0.8660254037844388,0.9680771188662043,-0.2506525322587204,1194.0,11640.0,1318.0,3127.4285714285716,2732.771428571428,3572.8333333333335,4130.0512852805705,3196.4489237586263,3750.3454605320317,92.0,11800.0,92.0,11800.0,2771.0623347162073,3257.1393557649812,0,0,0,0,1.0,1.0,1.0,300.0,300.0,0.0,0.0,0.0,150.0,150.0,0.0,0.0,0.0,1.0,0,0,300.0,1.0,0.0,0.0,0.0
2025-07-10,2454.0,2025,7,10,3,3,28,0,0,0,0.43388373911755823,-0.900968867902419,-0.4999999999999997,-0.8660254037844388,0.8978045395707416,-0.4403941515576344,1998.0,376.0,396.0,3192.5714285714284,2881.1999999999994,3641.4333333333334,4112.828177671381,3126.064394238058,3708.824427221368,92.0,11800.0,92.0,11800.0,2691.7967510371554,3205.3239134575633,0,0,0,0,2.0,2.0,2.0,1047.0,523.5,317.49094475275984,0.0,0.0,349.0,349.0,0.0,0.0,0.0,0.0,0,0,1047.0,4.0,0.0,0.0,0.0
2025-07-11,780.0,2025,7,11,4,3,28,0,0,0,-0.433883739117558,-0.9009688679024191,-0.4999999999999997,-0.8660254037844388,0.7907757369376989,-0.6121059825476626,92.0,7068.4,2460.0,3290.8571428571427,2432.028571428571,3585.4333333333334,4033.8457840532124,2923.3469983850555,3739.831806685794,600.0,11800.0,92.0,11800.0,2213.8475632778664,3048.8514029119146,0,0,0,0,2.0,2.0,2.0,390.0,195.0,205.0609665440988,0.0,0.0,130.0,130.0,0.0,0.0,0.0,1.0,0,0,390.0,4.0,0.0,0.0,0.0
2025-07-12,2032.0,2025,7,12,5,3,28,1,0,0,-0.9749279121818236,-0.2225209339563146,-0.4999999999999997,-0.8660254037844388,0.6513724827222223,-0.7587581226927909,2038.0,1994.4,7360.0,3290.0,2434.7142857142853,3407.8333333333335,4034.1569957881825,2922.931258660905,3680.439746620725,600.0,11800.0,92.0,11800.0,2168.3856724583998,2983.248086595017,0,0,0,0,3.0,3.0,1.0,1016.0,338.6666666666667,136.1812517688589,0.0,0.0,254.0,508.0,0.0,0.0,1.0,2.0,7,0,1016.0,3.0,3.0,0.0,0.0
2025-07-13,5718.0,2025,7,13,6,3,28,1,0,0,-0.7818314824680299,0.6234898018587334,-0.4999999999999997,-0.8660254037844388,0.48530196253108104,-0.8743466161445821,11800.0,1656.0,2000.0,2421.1428571428573,2724.857142857142,3531.766666666667,2075.1397887509293,3038.9884667597507,3693.9725197653393,600.0,5718.0,92.0,11800.0,3055.7892543437997,3159.683693911468,0,0,0,0,4.0,4.0,2.0,2279.0,569.75,337.6096118299952,0.0,0.0,455.8,759.6666666666666,0.0,0.0,1.5,3.0,7,0,2279.0,8.0,6.0,0.0,0.0
2025-07-14,600.0,2025,7,14,0,3,29,0,0,0,0.0,1.0,-0.4999999999999997,-0.8660254037844388,0.29936312297335804,-0.9541392564000488,4764.0,2080.0,2538.0,1826.2857142857142,2619.1428571428564,3467.1666666666665,1879.1765673902778,3088.484588749786,3728.7330062574747,600.0,5718.0,92.0,11800.0,2441.84194075785,2994.5428104333087,0,0,0,0,1.0,1.0,1.0,300.0,300.0,0.0,0.0,0.0,150.0,150.0,0.0,0.0,0.0,1.0,0,0,300.0,1.0,0.0,0.0,0.0
2025-07-16,2440.0,2025,7,16,2,3,29,0,0,0,0.9749279121818236,-0.22252093395631434,-0.4999999999999997,-0.8660254037844388,-0.10116832198743204,-0.9948693233918952,600.0,1998.0,180.0,2089.1428571428573,2650.7142857142853,3542.5,1806.3332498528428,3083.902383683341,3682.57499144092,600.0,5718.0,92.0,11800.0,2441.3814555683875,2958.7658549214825,0,0,0,0,2.0,2.0,2.0,300.0,150.0,212.13203435596427,0.0,0.0,100.0,100.0,0.0,0.0,0.0,1.0,0,0,300.0,4.0,0.0,0.0,0.0
2025-07-17,3214.0,2025,7,17,3,3,29,0,0,0,0.43388373911755823,-0.900968867902419,-0.4999999999999997,-0.8660254037844388,-0.2993631229733582,-0.9541392564000488,600.0,1194.0,6818.0,2462.5714285714284,2794.9999999999995,3422.366666666667,1715.0633474348379,3057.647637796572,3630.4528544667305,600.0,5718.0,92.0,11800.0,2634.5360916762907,2975.2325739588064,0,0,0,0,3.0,3.0,2.0,878.0,292.6666666666667,101.19947298940511,0.0,0.0,219.5,292.6666666666667,0.0,0.0,1.0,2.0,0,0,878.0,6.0,3.0,0.0,0.0
2025-07-18,10376.0,2025,7,18,4,3,29,0,0,0,-0.433883739117558,-0.9009688679024191,-0.4999999999999997,-0.8660254037844388,-0.4853019625310808,-0.8743466161445822,2454.0,1998.0,4212.0,3594.285714285714,3393.428571428571,3627.8333333333335,3447.353850626394,3651.7902398746614,3844.7835198763178,600.0,10376.0,92.0,11800.0,4569.902068757217,3452.7014401550127,0,0,0,0,2.0,2.0,2.0,5188.0,2594.0,3402.597831069667,0.0,0.0,1729.3333333333333,1729.3333333333333,0.0,0.0,0.0,1.0,0,0,5188.0,4.0,0.0,0.0,0.0
2025-07-19,648.0,2025,7,19,5,3,29,1,0,0,-0.9749279121818236,-0.2225209339563146,-0.4999999999999997,-0.8660254037844388,-0.651372482722222,-0.7587581226927911,780.0,92.0,702.0,3575.4285714285716,3433.1428571428564,3626.0333333333333,3465.626391536506,3615.9720654371567,3846.212906432648,600.0,10376.0,92.0,11800.0,3589.426551567913,3271.7529601450124,0,0,0,0,1.0,1.0,1.0,162.0,162.0,0.0,18.0,0.0,81.0,81.0,0.09944751381215469,0.0,0.0,0.0,7,0,162.0,1.0,0.0,0.09944751381215469,0.0
2025-07-20,1840.0,2025,7,20,6,3,29,1,0,0,-0.7818314824680299,0.6234898018587334,-0.4999999999999997,-0.8660254037844388,-0.7907757369376986,-0.6121059825476627,2032.0,2038.0,11468.6,3548.0,3418.9999999999995,3305.08,3480.605119803173,3622.2303159156436,3560.322485432428,600.0,10376.0,92.0,11800.0,3152.069913675935,3179.381801425979,0,0,0,0,1.0,1.0,1.0,530.0,530.0,0.0,0.0,0.0,265.0,265.0,0.0,0.0,0.0,0.0,7,0,530.0,1.0,0.0,0.0,0.0
2025-07-22,1840.0,2025,7,22,1,3,30,0,0,0,0.7818314824680298,0.6234898018587336,-0.4999999999999997,-0.8660254037844388,-0.9680771188662041,-0.2506525322587213,5718.0,11800.0,4606.8,2994.0,2707.571428571428,3212.8533333333335,3384.9575083497602,2713.6894191738575,3561.2754472029337,600.0,10376.0,92.0,11800.0,2824.052435256951,3092.970072301722,0,0,0,0,1.0,1.0,1.0,530.0,530.0,0.0,0.0,0.0,265.0,265.0,0.0,0.0,0.0,0.0,0,0,530.0,1.0,0.0,0.0,0.0
2025-07-23,1840.0,2025,7,23,2,3,30,0,0,0,0.9749279121818236,-0.22252093395631434,-0.4999999999999997,-0.8660254037844388,-0.9987165071710528,-0.05064916883871355,600.0,4764.0,1024.0,3171.1428571428573,2498.7142857142853,3240.0533333333337,3269.2620690594003,2655.1331540873707,3547.0689875691164,648.0,10376.0,92.0,11800.0,2578.039326442713,3012.133293443547,0,0,0,0,1.0,1.0,1.0,530.0,530.0,0.0,0.0,0.0,265.0,265.0,0.0,0.0,0.0,0.0,0,0,530.0,1.0,0.0,0.0,0.0
2025-07-25,8292.0,2025,7,25,4,3,30,0,0,0,-0.433883739117558,-0.9009688679024191,-0.4999999999999997,-0.8660254037844388,-0.9377521321470804,0.3473052528448203,2440.0,600.0,1892.8,4007.1428571428573,3048.1428571428564,3453.3599999999997,3762.197559431258,3004.833999181526,3654.0545983879174,648.0,10376.0,92.0,11800.0,4006.5294948320347,3352.7698551568665,0,0,0,0,5.0,5.0,3.0,3506.0,701.2,733.2838468151333,150.0,0.0,584.3333333333334,876.5,0.04101722723543889,0.0,0.9182958340544894,2.0,0,0,3506.0,15.0,4.591479170272447,0.0,0.0
2025-07-26,3336.0,2025,7,26,5,3,30,1,0,0,-0.9749279121818236,-0.2225209339563146,-0.4999999999999997,-0.8660254037844388,-0.848644257494751,0.5289640103269624,3214.0,600.0,11172.0,4024.5714285714284,3243.571428571428,3192.1599999999994,3758.1913583151036,2921.171016885179,3350.763896188432,648.0,10376.0,92.0,11800.0,3838.897121124026,3351.687929017714,0,0,0,0,1.0,1.0,1.0,748.0,748.0,0.0,0.0,0.0,374.0,374.0,0.0,0.0,0.0,0.0,7,0,748.0,1.0,0.0,0.0,0.0
2025-07-27,376.0,2025,7,27,6,3,30,1,0,0,-0.7818314824680299,0.6234898018587334,-0.4999999999999997,-0.8660254037844388,-0.72479278722912,0.6889669190756865,10376.0,2454.0,456.0,2596.0,3095.1428571428564,3189.493333333333,2690.40666071137,3015.6416553374634,3353.04758041183,376.0,8292.0,92.0,11800.0,2973.1728408430195,3159.7080626294746,0,0,0,0,1.0,1.0,1.0,188.0,188.0,0.0,0.0,0.0,94.0,94.0,0.0,0.0,0.0,1.0,7,0,188.0,1.0,0.0,0.0,0.0
2025-07-29,995.0,2025,7,29,1,3,31,0,0,1,0.7818314824680298,0.6234898018587336,-0.4999999999999997,-0.8660254037844388,-0.3943558551133187,0.9189578116202306,648.0,780.0,11640.0,2645.5714285714284,3110.4999999999995,2834.6599999999994,2651.4468916136566,3003.467758595547,2969.224044995458,376.0,8292.0,92.0,11800.0,2478.6296306322647,3020.049477943702,0,0,0,0,2.0,2.0,1.0,497.5,248.75,182.07999615553598,377.5,0.0,165.83333333333334,248.75,0.4309360730593607,0.0,0.0,0.0,0,0,497.5,2.0,0.0,0.0,995.0
2025-07-30,1998.0,2025,7,30,2,3,31,0,0,1,0.9749279121818236,-0.22252093395631434,-0.4999999999999997,-0.8660254037844388,-0.20129852008866114,0.9795299412524943,1840.0,2032.0,376.0,2668.1428571428573,3108.071428571428,2888.7266666666665,2644.1085724412383,3004.4204986930367,2937.5085988350343,376.0,8292.0,92.0,11800.0,2358.4722229741983,2954.1108019473345,0,0,0,0,1.0,1.0,1.0,999.0,999.0,0.0,0.0,0.0,499.5,499.5,0.0,0.0,0.0,1.0,0,0,999.0,1.0,0.0,0.0,1998.0
2025-07-31,6000.0,2025,7,31,3,3,31,0,0,1,0.43388373911755823,-0.900968867902419,-0.4999999999999997,-0.8660254037844388,-2.4492935982947064e-16,1.0,1840.0,5718.0,7068.4,3262.4285714285716,3128.2142857142853,2853.1133333333332,2883.605489495346,3024.145096706497,2891.199784212389,376.0,8292.0,92.0,11800.0,3268.8541672306487,3150.6197824668616,0,0,0,0,1.0,1.0,1.0,3000.0,3000.0,0.0,0.0,0.0,1500.0,1500.0,0.0,0.0,0.0,0.0,0,0,3000.0,1.0,0.0,0.0,6000.0
2025-08-01,6960.0,2025,8,1,4,3,31,0,1,0,-0.433883739117558,-0.9009688679024191,-0.8660254037844384,-0.5000000000000004,0.20129852008866006,0.9795299412524945,1840.0,600.0,1994.4,3993.8571428571427,3582.4999999999995,3018.633333333333,3103.624248550477,3092.0786324462465,2981.085621314671,376.0,8292.0,92.0,11800.0,4191.640625422986,3396.386248114161,0,0,0,0,4.0,2.0,2.0,2376.0,594.0,1785.2984811136391,530.0,0.0,792.0,792.0,0.1823185414516684,0.0,1.0,2.0,0,0,2376.0,4.0,4.0,0.0,0.0
2025-08-02,15728.0,2025,8,2,5,3,31,1,1,0,-0.9749279121818236,-0.2225209339563146,-0.8660254037844384,-0.5000000000000004,0.39435585511331855,0.9189578116202306,8292.0,2440.0,1656.0,5056.142857142857,4531.642857142857,3487.7,5308.983280835462,4453.935228141895,3763.663834433221,376.0,15728.0,92.0,15728.0,7075.730469067239,4191.974232106796,0,0,0,0,6.0,6.0,3.0,5518.0,919.6666666666666,1199.6935719868914,50.0,0.0,788.2857142857143,1379.5,0.00897827258035554,0.0,0.0,1.0,8,0,5518.0,18.0,0.0,0.00897827258035554,0.0
2025-08-03,4216.0,2025,8,3,6,3,31,1,1,0,-0.7818314824680299,0.6234898018587334,-0.8660254037844384,-0.5000000000000004,0.5712682150947923,0.8207634412072763,3336.0,3214.0,2080.0,5181.857142857143,4603.214285714285,3558.9,5271.750829612852,4439.159140380782,3756.312005971653,376.0,15728.0,92.0,15728.0,6360.797851800429,4193.524281648293,0,0,0,0,4.0,4.0,2.0,118.0,29.5,473.5549950463339,0.0,0.0,23.6,39.333333333333336,0.0,0.0,0.0,1.0,8,0,118.0,8.0,0.0,0.0,0.0
2025-08-04,4514.9,2025,8,4,0,3,32,0,0,0,0.0,1.0,-0.8660254037844384,-0.5000000000000004,0.7247927872291199,0.6889669190756866,376.0,10376.0,1998.0,5773.128571428571,4184.564285714286,3642.7966666666666,4858.832104087796,4117.586441595472,3748.3462301424183,995.0,15728.0,92.0,15728.0,5899.323388850322,4214.258198961307,0,0,0,0,2.0,2.0,2.0,2257.44,1128.72,1229.347565499684,116.56,0.0,752.48,752.48,0.049077894736842105,0.0,1.0,2.0,0,0,2257.44,4.0,2.0,0.0,0.0
2025-08-05,1272.0,2025,8,5,1,3,32,0,0,0,0.7818314824680298,0.6234898018587336,-0.8660254037844384,-0.5000000000000004,0.8486442574947509,0.5289640103269624,995.0,648.0,1194.0,5812.7,4229.135714285714,3645.3966666666665,4814.35667180292,4079.5613126917046,3746.6157293992,1272.0,15728.0,92.0,15728.0,4742.492541637741,4024.4350893509004,0,0,0,0,3.0,3.0,3.0,636.0,212.0,157.378524583248,0.0,0.0,159.0,159.0,0.0,0.0,1.584962500721156,3.0,0,0,636.0,9.0,4.754887502163468,0.0,0.0
2025-08-06,11016.0,2025,8,6,2,3,32,0,0,0,0.9749279121818236,-0.22252093395631434,-0.8660254037844384,-0.5000000000000004,0.9377521321470804,0.3473052528448203,1998.0,1840.0,1998.0,7100.9857142857145,4884.564285714286,3945.9966666666664,4829.9899104202905,4391.3902770705,3965.2708748177665,1272.0,15728.0,92.0,15728.0,6310.869406228306,4475.503793263746,0,0,0,0,3.0,3.0,2.0,5468.0,1822.6666666666667,2752.035852479639,0.0,0.0,1367.0,1822.6666666666667,0.0,0.0,0.0,1.0,0,0,5468.0,6.0,0.0,0.0,0.0
2025-08-07,1558.0,2025,8,7,3,3,32,0,0,0,0.43388373911755823,-0.900968867902419,-0.8660254037844384,-0.5000000000000004,0.9884683243281114,0.1514277775045767,6000.0,1840.0,92.0,6466.414285714286,4864.421428571428,3994.8633333333332,5270.461238648394,4407.048456939527,3924.9661516206365,1272.0,15728.0,376.0,15728.0,5122.652054671229,4287.277742085441,0,0,0,0,1.0,1.0,1.0,779.0,779.0,0.0,349.0,0.0,389.5,389.5,0.3091231178033658,0.0,0.0,1.0,0,0,779.0,1.0,0.0,0.0,0.0
2025-08-08,3620.0,2025,8,8,4,3,32,0,0,0,-0.433883739117558,-0.9009688679024191,-0.8660254037844384,-0.5000000000000004,0.9987165071710528,-0.05064916883871264,6960.0,1840.0,2038.0,5989.271428571429,4991.564285714286,4047.5966666666664,5368.60255395954,4338.221318893628,3908.3606393512073,1272.0,15728.0,376.0,15728.0,4746.989041003422,4244.227565176703,0,0,0,0,2.0,2.0,2.0,1680.0,840.0,226.27416997969522,0.0,0.0,560.0,560.0,0.0,0.0,0.0,1.0,0,0,1680.0,4.0,0.0,0.0,0.0
2025-08-09,4590.0,2025,8,9,5,3,32,1,0,0,-0.9749279121818236,-0.2225209339563146,-0.8660254037844384,-0.5000000000000004,0.9680771188662043,-0.2506525322587204,15728.0,8292.0,11800.0,4398.128571428571,4727.135714285714,3807.2633333333333,3222.9473440285933,4233.125760476632,3626.743786666812,1272.0,11016.0,376.0,15728.0,4707.741780752567,4266.535464197561,0,0,0,0,3.0,3.0,2.0,797.0,265.6666666666667,238.10571881694344,0.0,0.0,199.25,265.6666666666667,0.0,0.0,1.0,2.0,8,0,797.0,6.0,3.0,0.0,0.0
2025-08-10,7606.0,2025,8,10,6,3,32,1,0,0,-0.7818314824680299,0.6234898018587334,-0.8660254037844384,-0.5000000000000004,0.8978045395707416,-0.4403941515576344,4216.0,3336.0,4764.0,4882.414285714286,5032.135714285714,3901.9966666666664,3438.504452243043,4278.7655404526095,3689.1764682820917,1272.0,11016.0,376.0,15728.0,5432.306335564425,4481.984789088041,0,0,0,0,3.0,3.0,2.0,1248.0,416.0,197.45379206285202,0.0,0.0,312.0,416.0,0.0,0.0,0.0,1.0,8,0,1248.0,6.0,0.0,0.0,0.0
2025-08-11,398.0,2025,8,11,0,3,33,0,0,0,0.0,1.0,-0.8660254037844384,-0.5000000000000004,0.7907757369376989,-0.6121059825476626,4514.9,376.0,600.0,4294.285714285715,5033.707142857143,3895.2633333333333,3840.4321681414,4276.9276230749865,3695.5897197720624,398.0,11016.0,376.0,15728.0,4173.729751673319,4218.501899469458,0,0,0,0,1.0,1.0,1.0,199.0,199.0,0.0,0.0,0.0,99.5,99.5,0.0,0.0,0.0,1.0,0,0,199.0,1.0,0.0,0.0,0.0
2025-08-13,398.0,2025,8,13,2,3,33,0,0,0,0.9749279121818236,-0.22252093395631434,-0.8660254037844384,-0.5000000000000004,0.48530196253108104,-0.8743466161445821,1272.0,995.0,600.0,4169.428571428572,4991.064285714286,3888.5299999999997,3967.182495472193,4323.020633344069,3701.979191911365,398.0,11016.0,376.0,15728.0,3229.797313754989,3972.0179059552997,0,0,0,0,1.0,1.0,1.0,199.0,199.0,0.0,0.0,0.0,99.5,99.5,0.0,0.0,0.0,1.0,0,0,199.0,1.0,0.0,0.0,0.0
2025-08-14,376.0,2025,8,14,3,3,33,0,0,0,0.43388373911755823,-0.900968867902419,-0.8660254037844384,-0.5000000000000004,0.29936312297335804,-0.9541392564000488,11016.0,1998.0,2454.0,2649.4285714285716,4875.207142857143,3819.2633333333333,2762.0337227692157,4429.820802151674,3748.889043389197,376.0,7606.0,376.0,15728.0,2516.3479853162416,3740.0167507323777,0,0,0,0,1.0,1.0,1.0,188.0,188.0,0.0,0.0,0.0,94.0,94.0,0.0,0.0,0.0,1.0,0,0,188.0,1.0,0.0,0.0,0.0
2025-08-15,518.9,2025,8,15,4,3,33,0,0,0,-0.433883739117558,-0.9009688679024191,-0.8660254037844384,-0.5000000000000004,0.10116832198743272,-0.994869323391895,1558.0,6000.0,780.0,2500.985714285714,4483.7,3810.5599999999995,2856.7659572954167,4562.973250987852,3756.483621741706,376.0,7606.0,376.0,15728.0,2016.9859889871811,3532.20276681416,0,0,0,0,1.0,1.0,1.0,259.44,259.44,0.0,116.56,0.0,129.72,129.72,0.30917771883289125,0.0,0.0,1.0,0,0,259.44,1.0,0.0,0.0,0.0
2025-08-16,1276.0,2025,8,16,5,3,33,1,0,0,-0.9749279121818236,-0.2225209339563146,-0.8660254037844384,-0.5000000000000004,-0.10116832198743204,-0.9948693233918952,3620.0,6960.0,2032.0,2166.1285714285714,4077.7,3785.3599999999997,2841.0726347128816,4578.536860345053,3771.3327669451783,376.0,7606.0,376.0,15728.0,1831.7394917403858,3386.6412979874403,0,0,0,0,2.0,2.0,2.0,413.0,206.5,26.16295090390226,25.0,0.0,137.66666666666666,137.66666666666666,0.05694760820045558,0.0,0.0,1.0,8,0,413.0,4.0,0.0,0.05694760820045558,0.0
2025-08-17,5170.5,2025,8,17,6,3,33,1,0,0,-0.7818314824680299,0.6234898018587334,-0.8660254037844384,-0.5000000000000004,-0.2993631229733582,-0.9541392564000488,4590.0,15728.0,5718.0,2249.057142857143,3323.5928571428562,3767.1099999999997,2930.6744740515364,3162.5480567863933,3762.9734111928983,376.0,7606.0,376.0,15728.0,2666.4296188052895,3501.7289561817993,0,0,0,0,2.0,2.0,1.0,1821.0,910.5,918.5317087613253,419.0,0.0,607.0,910.5,0.18697010263275324,0.0,0.0,0.0,8,0,1821.0,2.0,0.0,0.18697010263275324,0.0
2025-08-19,1738.0,2025,8,19,1,3,34,0,0,0,0.7818314824680298,0.6234898018587336,-0.8660254037844384,-0.5000000000000004,-0.651372482722222,-0.7587581226927911,7606.0,4216.0,600.0,1410.7714285714285,3146.5928571428562,3805.043333333333,1740.6128850822713,3178.0659448703914,3735.582082758038,376.0,5170.5,376.0,15728.0,2434.322214103967,3387.9399912668446,0,0,0,0,1.0,1.0,1.0,570.0,570.0,0.0,0.0,0.0,285.0,285.0,0.0,0.0,0.0,1.0,0,0,570.0,1.0,0.0,0.0,0.0
2025-08-20,272.0,2025,8,20,2,3,34,0,0,0,0.9749279121818236,-0.22252093395631434,-0.8660254037844384,-0.5000000000000004,-0.7907757369376986,-0.6121059825476627,398.0,4514.9,2440.0,1392.7714285714285,2843.528571428571,3732.776666666666,1753.4359457118553,3239.260233075184,3783.562493724589,272.0,5170.5,272.0,15728.0,1893.7416605779752,3186.9116047335,0,0,0,0,2.0,2.0,2.0,136.0,68.0,0.0,0.0,0.0,45.333333333333336,45.333333333333336,0.0,0.0,0.0,1.0,0,0,136.0,4.0,0.0,0.0,0.0
2025-08-21,600.0,2025,8,21,3,3,34,0,0,0,0.43388373911755823,-0.900968867902419,-0.8660254037844384,-0.5000000000000004,-0.8978045395707417,-0.44039415155763423,398.0,1272.0,3214.0,1421.6285714285714,2795.528571428571,3645.643333333333,1735.9105628980699,3269.1795200792158,3825.7854864141773,272.0,5170.5,272.0,15728.0,1570.3062454334813,3020.014081847468,0,0,0,0,1.0,1.0,1.0,300.0,300.0,0.0,0.0,0.0,150.0,150.0,0.0,0.0,0.0,1.0,0,0,300.0,1.0,0.0,0.0,0.0
2025-08-22,1140.0,2025,8,22,4,3,34,0,0,0,-0.433883739117558,-0.9009688679024191,-0.8660254037844384,-0.5000000000000004,-0.9680771188662041,-0.2506525322587213,376.0,11016.0,10376.0,1530.7714285714285,2090.0999999999995,3337.776666666666,1682.4041970885264,2272.507312673322,3632.2287931775986,272.0,5170.5,272.0,15728.0,1462.729684075111,2898.7228507605346,0,0,0,0,1.0,1.0,1.0,570.0,570.0,0.0,0.0,0.0,285.0,285.0,0.0,0.0,0.0,1.0,0,0,570.0,1.0,0.0,0.0,0.0
2025-08-23,2040.0,2025,8,23,5,3,34,1,0,0,-0.9749279121818236,-0.2225209339563146,-0.8660254037844384,-0.5000000000000004,-0.9987165071710528,-0.05064916883871355,518.9,1558.0,648.0,1748.0714285714287,2124.528571428571,3384.1766666666663,1627.257314946762,2267.471454295254,3605.475869561242,272.0,5170.5,272.0,15728.0,1607.0472630563331,2843.3213765179194,0,0,0,0,1.0,1.0,1.0,100.0,100.0,0.0,0.0,0.0,50.0,50.0,0.0,0.0,0.0,1.0,8,0,100.0,1.0,0.0,0.0,0.0
2025-08-24,0.0,2025,8,24,6,3,34,1,0,0,-0.7818314824680299,0.6234898018587334,-0.8660254037844384,-0.5000000000000004,-0.9884683243281114,0.15142777750457667,1276.0,3620.0,1840.0,1565.7857142857142,1865.9571428571423,3322.843333333333,1755.377638789454,2290.107599660299,3648.0488310293495,0.0,5170.5,0.0,15728.0,1205.28544729225,2659.881287710312,0,1,0,0,1.0,1.0,1.0,0.0,0.0,0.0,800.0,0.0,0.0,0.0,0.9987515605493134,0.0,0.0,0.0,8,0,0.0,1.0,0.0,0.9987515605493134,0.0
2025-08-25,114.0,2025,8,25,0,3,35,0,0,0,0.0,1.0,-0.8660254037844384,-0.5000000000000004,-0.9377521321470804,0.3473052528448203,5170.5,4590.0,1840.0,843.4285714285714,1546.2428571428568,3265.3099999999995,811.2974910892957,2190.8482697573513,3685.657647707304,0.0,2040.0,0.0,15728.0,932.4640854691875,2495.6308820515824,0,1,0,0,1.0,1.0,1.0,57.0,57.0,0.0,0.0,0.0,28.5,28.5,0.0,0.0,0.0,1.0,0,0,57.0,1.0,0.0,0.0,0.0
2025-08-26,596.0,2025,8,26,1,3,35,0,0,0,0.7818314824680298,0.6234898018587336,-0.8660254037844384,-0.5000000000000004,-0.848644257494751,0.5289640103269624,1738.0,7606.0,1840.0,680.2857142857143,1045.5285714285708,3223.843333333333,709.914951311361,1332.1442387995803,3709.1695293842436,0.0,2040.0,0.0,15728.0,848.3480641018906,2373.0740509514803,0,1,0,0,1.0,1.0,1.0,298.0,298.0,0.0,0.0,0.0,149.0,149.0,0.0,0.0,0.0,1.0,0,0,298.0,1.0,0.0,0.0,0.0
2025-08-28,136.0,2025,8,28,3,3,35,0,0,0,0.43388373911755823,-0.900968867902419,-0.8660254037844384,-0.5000000000000004,-0.5712682150947924,0.8207634412072763,272.0,398.0,8292.0,660.8571428571429,1026.8142857142852,2951.9766666666665,724.6588688415061,1343.730552693373,3622.779649393178,0.0,2040.0,0.0,15728.0,670.261048076418,2228.7466928255785,0,1,0,0,1.0,1.0,1.0,68.0,68.0,0.0,0.0,0.0,34.0,34.0,0.0,0.0,0.0,1.0,0,0,68.0,1.0,0.0,0.0,0.0
2025-08-29,888.0,2025,8,29,4,3,35,0,0,1,-0.433883739117558,-0.9009688679024191,-0.8660254037844384,-0.5000000000000004,-0.3943558551133187,0.9189578116202306,600.0,398.0,3336.0,702.0,1061.8142857142852,2870.376666666666,728.7916940618261,1332.4259360897756,3641.3535197291076,0.0,2040.0,0.0,15728.0,724.6957860573135,2142.2469061916704,0,1,0,0,3.0,3.0,3.0,444.0,148.0,69.2820323027551,0.0,0.0,111.0,111.0,0.0,0.0,0.9182958340544894,2.0,0,0,444.0,9.0,2.7548875021634682,0.0,888.0
2025-08-30,2736.8,2025,8,30,5,3,35,1,0,1,-0.9749279121818236,-0.2225209339563146,-0.8660254037844384,-0.5000000000000004,-0.20129852008866114,0.9795299412524943,1140.0,376.0,376.0,930.1142857142858,1230.4428571428566,2949.0699999999997,1062.319643404031,1387.2164423844815,3610.971579844981,0.0,2736.8,0.0,15728.0,1227.7218395429852,2180.605170308337,0,1,0,0,4.0,4.0,2.0,430.0,107.5,52.97483679383386,0.0,0.0,86.0,143.33333333333334,0.0,0.0,0.9182958340544894,2.0,8,0,430.0,8.0,3.673183336217958,0.0,2736.8
2025-08-31,5188.8,2025,8,31,6,3,35,1,0,1,-0.7818314824680299,0.6234898018587334,-0.8660254037844384,-0.5000000000000004,-2.4492935982947064e-16,1.0,2040.0,518.9,995.0,1379.9428571428573,1564.0071428571423,3088.8633333333337,1926.1046898314275,1723.6229538005146,3613.8912659904677,0.0,5188.8,0.0,15728.0,2217.991379657239,2374.6822560948963,1,1,0,0,1.0,1.0,1.0,2594.4,2594.4,0.0,1165.6,0.0,1297.2,1297.2,0.30991757511300183,0.0,0.0,1.0,8,1,2594.4,1.0,0.0,0.30991757511300183,5188.8
2025-09-03,1516.0,2025,9,3,2,3,36,0,1,0,0.9749279121818236,-0.22252093395631434,-1.0,-1.8369701987210297e-16,0.5712682150947923,0.8207634412072763,0.0,1276.0,1998.0,1596.5142857142857,1581.1499999999994,3072.7966666666666,1827.8048140037743,1721.7306010790965,3619.9745879735947,114.0,5188.8,0.0,15728.0,2042.4935347429293,2319.283400862968,0,1,1,0,2.0,2.0,2.0,758.0,379.0,270.1147904132612,0.0,0.0,252.66666666666666,252.66666666666666,0.0,0.0,1.0,2.0,0,0,758.0,4.0,2.0,0.0,0.0
2025-09-04,4718.0,2025,9,4,3,3,36,0,0,0,0.43388373911755823,-0.900968867902419,-1.0,-1.8369701987210297e-16,0.7247927872291199,0.6889669190756866,114.0,5170.5,6000.0,2254.2285714285713,1548.8285714285707,3030.063333333333,2023.3194884597578,1652.0011284353068,3591.6841454981636,136.0,5188.8,0.0,15728.0,2711.3701510571973,2474.039310484712,0,1,1,0,3.0,3.0,1.0,2359.0,786.3333333333334,184.1747358714906,0.0,0.0,589.75,1179.5,0.0,0.0,0.9182958340544894,2.0,0,0,2359.0,3.0,2.7548875021634682,0.0,0.0
2025-09-05,2750.0,2025,9,5,4,3,36,0,0,0,-0.433883739117558,-0.9009688679024191,-1.0,-1.8369701987210297e-16,0.8486442574947509,0.5289640103269624,596.0,1738.0,6960.0,2561.942857142857,1621.1142857142852,2889.73,1888.3935526059975,1682.7695645787055,3514.2512076469666,136.0,5188.8,0.0,15728.0,2721.027613292898,2491.8432259373117,1,0,1,0,3.0,3.0,2.0,1375.0,458.3333333333333,422.5616325855121,0.0,0.0,343.75,458.3333333333333,0.0,0.0,1.584962500721156,3.0,0,0,1375.0,6.0,4.754887502163468,0.0,0.0
2025-09-06,1140.0,2025,9,6,5,3,36,1,0,0,-0.9749279121818236,-0.2225209339563146,-1.0,-1.8369701987210297e-16,0.9377521321470804,0.3473052528448203,136.0,272.0,15728.0,2705.371428571428,1683.1142857142852,2403.463333333333,1702.3954551497045,1644.8011312370138,2554.88447211424,888.0,5188.8,0.0,11016.0,2325.7707099696736,2404.627533941356,0,0,1,0,1.0,1.0,1.0,570.0,570.0,0.0,0.0,0.0,285.0,285.0,0.0,0.0,0.0,1.0,9,0,570.0,1.0,0.0,0.0,0.0
2025-09-07,3722.9,2025,9,7,6,3,36,1,0,0,-0.7818314824680299,0.6234898018587334,-1.0,-1.8369701987210297e-16,0.9884683243281114,0.1514277775045767,888.0,600.0,4216.0,3110.3571428571427,1906.1785714285709,2387.026666666666,1526.0697448644157,1697.5276511528318,2544.3861419336986,1140.0,5188.8,0.0,11016.0,2675.0530324772553,2489.6773704612683,0,0,1,0,5.0,4.0,2.0,1372.0,274.4,275.97970939907884,0.0,0.0,274.4,457.3333333333333,0.0,0.0,1.5,3.0,9,0,1372.0,8.0,7.5,0.0,0.0
2025-09-08,114.0,2025,9,8,0,3,37,0,0,0,0.0,1.0,-1.0,-1.8369701987210297e-16,0.9987165071710528,-0.05064916883871264,2736.8,1140.0,4514.9,2735.671428571429,1832.8928571428567,2240.33,1907.4074330657222,1754.345920833441,2544.340116896355,114.0,5188.8,0.0,11016.0,2034.7897743579415,2336.407862689574,0,0,1,0,1.0,1.0,1.0,57.0,57.0,0.0,0.0,0.0,28.5,28.5,0.0,0.0,0.0,1.0,0,0,57.0,1.0,0.0,0.0,0.0
2025-09-09,3376.0,2025,9,9,1,3,37,0,0,0,0.7818314824680298,0.6234898018587336,-1.0,-1.8369701987210297e-16,0.9680771188662043,-0.2506525322587204,5188.8,2040.0,1272.0,2476.7000000000003,1928.321428571428,2310.463333333333,1620.2847578949695,1802.1627742493154,2545.725661125434,114.0,4718.0,0.0,11016.0,2370.092330768456,2403.4783231612146,0,1,1,0,1.0,1.0,1.0,1688.0,1688.0,0.0,0.0,0.0,844.0,844.0,0.0,0.0,0.0,1.0,0,0,1688.0,1.0,0.0,0.0,0.0
2025-09-10,3376.0,2025,9,10,2,3,37,0,0,0,0.9749279121818236,-0.22252093395631434,-1.0,-1.8369701987210297e-16,0.8978045395707416,-0.4403941515576344,1516.0,0.0,11016.0,2742.414285714286,2169.4642857142853,2055.7966666666666,1588.6841310012887,1749.385168305651,1959.452786997213,114.0,4718.0,0.0,7606.0,2621.569248076342,2466.221657150814,0,1,1,0,1.0,1.0,1.0,1688.0,1688.0,0.0,0.0,0.0,844.0,844.0,0.0,0.0,0.0,1.0,0,0,1688.0,1.0,0.0,0.0,0.0
2025-09-13,4416.0,2025,9,13,5,3,37,1,0,0,-0.9749279121818236,-0.2225209339563146,-1.0,-1.8369701987210297e-16,0.48530196253108104,-0.8743466161445821,4718.0,114.0,1558.0,2699.2714285714287,2476.7499999999995,2151.063333333333,1529.0751395471173,1738.3585585479195,2003.399590262574,114.0,4416.0,0.0,7606.0,3070.176936057256,2592.0138083023744,0,1,0,0,1.0,1.0,1.0,0.0,0.0,0.0,0.0,0.0,0.0,0.0,0.0,0.0,0.0,0.0,9,0,0.0,1.0,0.0,0.0,0.0
2025-09-14,1998.0,2025,9,14,6,3,37,1,0,0,-0.7818314824680299,0.6234898018587334,-1.0,-1.8369701987210297e-16,0.29936312297335804,-0.9541392564000488,2750.0,596.0,3620.0,2591.842857142857,2576.8928571428564,2096.9966666666664,1551.1741056988299,1660.3094458861515,1984.184405967585,114.0,4416.0,0.0,7606.0,2802.132702042942,2553.6903367989958,0,1,0,0,1.0,1.0,1.0,0.0,0.0,0.0,0.0,0.0,0.0,0.0,0.0,0.0,0.0,0.0,9,0,0.0,1.0,0.0,0.0,0.0
2025-09-15,4150.0,2025,9,15,0,3,38,0,0,0,0.0,1.0,-1.0,-1.8369701987210297e-16,0.10116832198743272,-0.994869323391895,1140.0,136.0,4590.0,3021.842857142857,2863.607142857142,2082.33,1497.9181462473884,1549.2428406081794,1966.6701131344912,114.0,4416.0,0.0,7606.0,3139.0995265322067,2656.6780570055125,0,1,0,0,2.0,2.0,1.0,1876.0,938.0,1060.6601717798212,0.0,0.0,625.3333333333334,938.0,0.0,0.0,1.0,2.0,0,0,1876.0,2.0,2.0,0.0,0.0
2025-09-16,114.0,2025,9,16,1,3,38,0,0,0,0.7818314824680298,0.6234898018587336,-1.0,-1.8369701987210297e-16,-0.10116832198743204,-0.9948693233918952,3722.9,888.0,7606.0,2506.285714285714,2808.321428571428,1832.5966666666666,1805.825177426836,1636.5187874916267,1698.4611622417383,114.0,4416.0,0.0,5188.8,2382.824644899155,2492.634311392254,1,0,0,0,1.0,1.0,1.0,57.0,57.0,0.0,0.0,0.0,28.5,28.5,0.0,0.0,0.0,1.0,0,0,57.0,1.0,0.0,0.0,0.0
2025-09-18,512.0,2025,9,18,3,3,38,0,0,0,0.43388373911755823,-0.900968867902419,-1.0,-1.8369701987210297e-16,-0.4853019625310808,-0.8743466161445822,114.0,2736.8,398.0,2563.1428571428573,2649.407142857143,1836.3966666666665,1722.2825386263523,1748.2066179876167,1695.2653543656584,114.0,4416.0,0.0,5188.8,1915.1184836743662,2364.851452592754,0,0,1,0,2.0,2.0,2.0,256.0,128.0,84.8528137423857,0.0,0.0,85.33333333333333,85.33333333333333,0.0,0.0,1.0,2.0,0,0,256.0,4.0,2.0,0.0,0.0
2025-09-20,398.0,2025,9,20,5,3,38,1,0,0,-0.9749279121818236,-0.2225209339563146,-1.0,-1.8369701987210297e-16,-0.7907757369376986,-0.6121059825476627,3376.0,5188.8,398.0,2137.714285714286,2307.2071428571426,1836.3966666666665,1851.023294854861,1680.4726718141428,1695.2653543656584,114.0,4416.0,0.0,5188.8,1535.8388627557747,2237.9578104899956,0,0,1,0,1.0,1.0,1.0,199.0,199.0,0.0,0.0,0.0,99.5,99.5,0.0,0.0,0.0,1.0,9,0,199.0,1.0,0.0,0.0,0.0
2025-09-21,756.0,2025,9,21,6,3,38,1,0,0,-0.7818314824680299,0.6234898018587334,-1.0,-1.8369701987210297e-16,-0.8978045395707417,-0.44039415155763423,3376.0,1516.0,376.0,1763.4285714285713,2252.9214285714284,1849.063333333333,1823.589761719379,1719.8127564353279,1685.3680579262318,114.0,4416.0,0.0,5188.8,1340.8791470668311,2142.347629168061,0,0,1,0,2.0,2.0,2.0,220.0,110.0,14.142135623730951,0.0,0.0,73.33333333333333,73.33333333333333,0.0,0.0,0.0,0.0,9,0,220.0,4.0,0.0,0.0,0.0
2025-09-22,480.0,2025,9,22,0,3,39,0,0,0,0.0,1.0,-1.0,-1.8369701987210297e-16,-0.9680771188662041,-0.2506525322587213,4416.0,4718.0,518.9,1201.142857142857,1950.2071428571423,1847.7666666666667,1434.734287661176,1622.7839756059323,1686.4413533119962,114.0,4150.0,0.0,5188.8,1125.6593603001234,2035.099395028186,0,0,1,0,1.0,1.0,1.0,240.0,240.0,0.0,0.0,0.0,120.0,120.0,0.0,0.0,0.0,0.0,0,0,240.0,1.0,0.0,0.0,0.0
2025-09-23,452.0,2025,9,23,1,3,39,0,0,0,0.7818314824680298,0.6234898018587336,-1.0,-1.8369701987210297e-16,-0.9987165071710528,-0.05064916883871355,1998.0,2750.0,1276.0,980.2857142857143,1786.0642857142852,1820.3,1410.4114901080204,1651.6266469556444,1702.7064018891688,114.0,4150.0,0.0,5188.8,957.2445202250925,1932.9639501876582,0,0,1,0,1.0,1.0,1.0,226.0,226.0,0.0,0.0,0.0,113.0,113.0,0.0,0.0,0.0,0.0,0,0,226.0,1.0,0.0,0.0,0.0
2025-09-24,820.0,2025,9,24,2,3,39,0,0,0,0.9749279121818236,-0.22252093395631434,-1.0,-1.8369701987210297e-16,-0.9884683243281114,0.15142777750457667,4150.0,1140.0,5170.5,504.57142857142856,1763.2071428571423,1675.2833333333333,234.53418879656073,1663.4275182304975,1589.0023836450846,114.0,820.0,0.0,5188.8,922.9333901688194,1861.1598243690999,0,0,0,0,2.0,2.0,1.0,410.0,205.0,120.20815280171308,100.0,0.0,136.66666666666666,205.0,0.19569471624266144,0.0,0.0,0.0,0,0,410.0,2.0,0.0,0.0,0.0
2025-09-25,376.0,2025,9,25,3,3,39,0,0,0,0.43388373911755823,-0.900968867902419,-1.0,-1.8369701987210297e-16,-0.9377521321470804,0.3473052528448203,114.0,3722.9,1738.0,542.0,1524.1428571428567,1629.8833333333334,175.22176424987904,1599.3918968033818,1606.5093631381205,376.0,820.0,0.0,5188.8,786.2000426266145,1765.3430615065774,0,0,0,0,1.0,1.0,1.0,188.0,188.0,0.0,0.0,0.0,94.0,94.0,0.0,0.0,0.0,1.0,0,0,188.0,1.0,0.0,0.0,0.0
2025-09-28,1496.0,2025,9,28,6,3,39,1,0,1,-0.7818314824680299,0.6234898018587334,-1.0,-1.8369701987210297e-16,-0.5712682150947924,0.8207634412072763,512.0,114.0,272.0,682.5714285714286,1622.8571428571424,1670.6833333333334,398.9798896951074,1547.468744913252,1586.2494920698416,376.0,1496.0,0.0,5188.8,963.6500319699609,1747.9660897964757,0,0,0,0,1.0,1.0,1.0,368.0,368.0,0.0,0.0,0.0,184.0,184.0,0.0,0.0,0.0,0.0,9,0,368.0,1.0,0.0,0.0,1496.0
2025-09-29,540.0,2025,9,29,0,3,40,0,0,1,0.0,1.0,-1.0,-1.8369701987210297e-16,-0.3943558551133187,0.9189578116202306,398.0,3376.0,600.0,702.8571428571429,1420.2857142857138,1668.6833333333334,385.48127000410324,1484.669112504956,1587.683175222605,376.0,1496.0,0.0,5188.8,857.7375239774707,1670.032793680574,0,0,0,0,1.0,1.0,1.0,180.0,180.0,0.0,180.0,0.0,90.0,90.0,0.4986149584487535,0.0,0.0,0.0,0,0,180.0,1.0,0.0,0.0,540.0
2025-09-30,114.0,2025,9,30,1,3,40,0,0,1,0.7818314824680298,0.6234898018587336,-1.0,-1.8369701987210297e-16,-0.20129852008866114,0.9795299412524943,756.0,3376.0,1140.0,611.1428571428571,1187.2857142857138,1634.4833333333333,442.83609781044294,1408.1266567033529,1610.352746553751,114.0,1496.0,0.0,5188.8,671.803142983103,1569.643581185053,0,0,0,0,1.0,1.0,1.0,57.0,57.0,0.0,0.0,0.0,28.5,28.5,0.0,0.0,0.0,1.0,0,0,57.0,1.0,0.0,0.0,114.0
2025-10-01,120.0,2025,10,1,2,4,40,0,1,0,0.9749279121818236,-0.22252093395631434,-0.8660254037844386,0.5000000000000001,0.20129852008866006,0.9795299412524945,480.0,4416.0,2040.0,559.7142857142857,880.4285714285709,1570.4833333333333,479.9533707511709,1080.3458644402117,1631.69236326374,114.0,1496.0,0.0,5188.8,533.8523572373273,1476.1181888505337,0,0,0,0,1.0,1.0,1.0,60.0,60.0,0.0,0.0,0.0,30.0,30.0,0.0,0.0,0.0,0.0,0,0,60.0,1.0,0.0,0.0,0.0
2025-10-02,240.0,2025,10,2,3,4,40,0,1,0,0.43388373911755823,-0.900968867902419,-0.8660254037844386,0.5000000000000001,0.39435585511331855,0.9189578116202306,452.0,1998.0,0.0,529.4285714285714,754.8571428571423,1578.4833333333333,494.35576162091314,1041.9412988885467,1624.2985444297663,114.0,1496.0,114.0,5188.8,460.38926792799543,1396.3686282795315,0,0,0,0,1.0,1.0,1.0,120.0,120.0,0.0,0.0,0.0,60.0,60.0,0.0,0.0,0.0,0.0,0,0,120.0,1.0,0.0,0.0,0.0
2025-10-03,120.0,2025,10,3,4,4,40,0,1,0,-0.433883739117558,-0.9009688679024191,-0.8660254037844386,0.5000000000000001,0.5712682150947923,0.8207634412072763,820.0,4150.0,114.0,429.42857142857144,466.9999999999995,1578.6833333333334,496.5758945496622,375.1231592627504,1624.1123632105043,114.0,1496.0,114.0,5188.8,375.2919509459966,1314.0222651647232,0,0,0,0,1.0,1.0,1.0,60.0,60.0,0.0,60.0,0.0,30.0,30.0,0.49586776859504134,0.0,0.0,0.0,0,0,60.0,1.0,0.0,0.0,0.0
2025-10-04,480.0,2025,10,4,5,4,40,1,0,0,-0.9749279121818236,-0.2225209339563146,-0.8660254037844386,0.5000000000000001,0.7247927872291199,0.6889669190756866,376.0,114.0,596.0,444.2857142857143,493.1428571428566,1574.8166666666666,496.2666334025984,361.12193916312685,1626.6686719591082,114.0,1496.0,114.0,5188.8,401.4689632094974,1260.2143770895798,0,0,0,0,2.0,2.0,1.0,240.0,120.0,0.0,0.0,0.0,80.0,120.0,0.0,0.0,0.0,0.0,10,0,240.0,2.0,0.0,0.0,0.0
2025-10-05,5382.4,2025,10,5,6,4,40,1,0,0,-0.7818314824680299,0.6234898018587334,-0.8660254037844386,0.5000000000000001,0.8486442574947509,0.5289640103269624,1496.0,512.0,136.0,999.4857142857143,841.0285714285709,1749.6966666666665,1940.7397175893334,1356.0535202896642,1744.4047012412345,114.0,5382.4,114.0,5382.4,1646.701722407123,1526.1618366321877,0,0,0,0,3.0,3.0,2.0,1990.0,663.3333333333334,471.76724487116877,159.0,0.0,497.5,663.3333333333334,0.07395348837209302,0.0,0.0,0.0,10,0,1990.0,6.0,0.0,0.07395348837209302,0.0
2025-10-06,416.0,2025,10,6,0,4,41,0,0,0,0.0,1.0,-0.8660254037844386,0.5000000000000001,0.9377521321470804,0.3473052528448203,540.0,398.0,888.0,981.7714285714285,842.3142857142851,1733.9633333333331,1946.1909718852808,1355.609620943834,1754.5437034254123,114.0,5382.4,114.0,5382.4,1339.0262918053422,1454.538492333337,0,0,0,0,1.0,1.0,1.0,120.0,120.0,0.0,0.0,0.0,60.0,60.0,0.0,0.0,0.0,0.0,0,0,120.0,1.0,0.0,0.0,0.0
2025-10-07,70.0,2025,10,7,1,4,41,0,0,0,0.7818314824680298,0.6234898018587336,-0.8660254037844386,0.5000000000000001,0.9884683243281114,0.1514277775045767,114.0,756.0,2736.8,975.4857142857143,793.3142857142851,1645.07,1949.5289648430619,1371.2771132482897,1769.4760228032867,70.0,5382.4,70.0,5382.4,1021.7697188540067,1365.2134283118314,0,0,0,0,2.0,2.0,2.0,35.0,17.5,24.748737341529164,1590.0,0.0,11.666666666666666,11.666666666666666,0.977859778597786,0.0,0.0,1.0,0,0,35.0,4.0,0.0,0.0,0.0
2025-10-13,240.0,2025,10,13,0,4,42,0,0,0,0.0,1.0,-0.8660254037844386,0.5000000000000001,0.48530196253108104,-0.8743466161445821,120.0,480.0,5188.8,992.6285714285714,776.171428571428,1480.11,1941.2627073757362,1376.9835636293471,1654.6711498162883,70.0,5382.4,70.0,5382.4,826.327289140505,1292.619013582036,0,1,0,0,1.0,1.0,1.0,120.0,120.0,0.0,0.0,0.0,60.0,60.0,0.0,0.0,0.0,0.0,0,0,120.0,1.0,0.0,0.0,0.0
2025-10-15,512.0,2025,10,15,2,4,42,0,0,0,0.9749279121818236,-0.22252093395631434,-0.8660254037844386,0.5000000000000001,0.10116832198743272,-0.994869323391895,240.0,452.0,1516.0,1031.4857142857143,780.4571428571423,1446.6433333333332,1926.3519195867073,1375.9900165750357,1664.0468966541305,70.0,5382.4,70.0,5382.4,747.7454668553787,1242.2564965767433,0,1,0,0,1.0,1.0,1.0,188.0,188.0,0.0,0.0,0.0,94.0,94.0,0.0,0.0,0.0,1.0,0,0,188.0,1.0,0.0,0.0,0.0
2025-10-16,376.0,2025,10,16,3,4,42,0,0,0,0.43388373911755823,-0.900968867902419,-0.8660254037844386,0.5000000000000001,-0.10116832198743204,-0.9948693233918952,120.0,820.0,4718.0,1068.0571428571427,748.7428571428566,1301.9099999999999,1908.510908935016,1380.1190482174459,1554.9540488497903,70.0,5382.4,70.0,5382.4,654.809100141534,1186.3689806685663,0,1,0,0,1.0,1.0,1.0,188.0,188.0,0.0,100.0,0.0,94.0,94.0,0.3460207612456747,0.0,0.0,0.0,0,0,188.0,1.0,0.0,0.0,0.0
2025-10-17,10216.0,2025,10,17,4,4,42,0,0,0,-0.433883739117558,-0.9009688679024191,-0.8660254037844386,0.5000000000000001,-0.2993631229733582,-0.9541392564000488,480.0,376.0,2750.0,2458.914285714286,1451.5999999999997,1550.7766666666664,3908.3701954602507,2873.4243564617414,2240.8786613634165,70.0,10216.0,70.0,10216.0,3045.1068251061506,1768.925820625433,0,1,0,0,3.0,2.0,2.0,5108.0,1702.6666666666667,2855.608750044959,350.0,0.0,1702.6666666666667,1702.6666666666667,0.06411430664956952,0.0,0.0,1.0,0,0,5108.0,4.0,0.0,0.0,0.0
2025-10-18,2260.0,2025,10,18,5,4,42,1,0,0,-0.9749279121818236,-0.2225209339563146,-0.8660254037844386,0.5000000000000001,-0.4853019625310808,-0.8743466161445822,5382.4,1496.0,1140.0,2012.857142857143,1506.1714285714281,1588.11,3691.2548647025974,2881.575751464544,2243.127627212815,70.0,10216.0,70.0,10216.0,2848.8301188296127,1800.608025746373,0,1,0,0,1.0,1.0,1.0,1000.0,1000.0,0.0,0.0,0.0,500.0,500.0,0.0,0.0,0.0,0.0,10,0,1000.0,1.0,0.0,0.0,0.0
2025-10-19,1616.0,2025,10,19,6,4,42,1,0,0,-0.7818314824680299,0.6234898018587334,-0.8660254037844386,0.5000000000000001,-0.651372482722222,-0.7587581226927911,416.0,540.0,3722.9,2184.285714285714,1583.028571428571,1517.8799999999999,3632.125260059461,2868.142005772135,2206.67097470841,70.0,10216.0,70.0,10216.0,2540.6225891222093,1788.6978305369296,0,1,0,0,2.0,2.0,2.0,250.0,125.0,52.32590180780452,18.0,0.0,83.33333333333333,83.33333333333333,0.06691449814126393,0.0,0.0,0.0,10,0,250.0,4.0,0.0,0.06691449814126393,0.0
2025-10-20,1292.0,2025,10,20,0,4,43,0,0,0,0.0,1.0,-0.8660254037844386,0.5000000000000001,-0.7907757369376986,-0.6121059825476627,70.0,114.0,114.0,2358.8571428571427,1667.1714285714281,1557.1466666666665,3541.8132563500917,2838.8599248583773,2191.255296940019,240.0,10216.0,70.0,10216.0,2228.466941841657,1756.6528092119663,1,0,0,1,2.0,2.0,1.0,308.0,154.0,48.08326112068523,0.0,0.0,102.66666666666667,154.0,0.0,0.0,0.0,1.0,0,0,308.0,2.0,0.0,0.0,0.0
2025-10-21,176.0,2025,10,21,1,4,43,0,0,0,0.7818314824680298,0.6234898018587336,-0.8660254037844386,0.5000000000000001,-0.8978045395707417,-0.44039415155763423,240.0,120.0,3376.0,2349.714285714286,1671.1714285714281,1450.4799999999998,3548.271208832362,2836.5507568248863,2177.505681911874,176.0,10216.0,70.0,10216.0,1715.3502063812427,1654.675208617646,0,0,1,0,2.0,2.0,1.0,88.0,44.0,0.0,88.0,0.0,29.333333333333332,44.0,0.4971751412429379,0.0,0.0,0.0,0,0,88.0,2.0,0.0,0.0,0.0
2025-10-22,2080.0,2025,10,22,2,4,43,0,0,0,0.9749279121818236,-0.22252093395631434,-0.8660254037844386,0.5000000000000001,-0.9680771188662041,-0.2506525322587213,512.0,240.0,3376.0,2573.714285714286,1802.5999999999997,1407.2799999999997,3461.350685993643,2807.617702443978,2150.6781593495857,176.0,10216.0,70.0,10216.0,1806.512654785932,1682.1155177390883,0,0,1,0,2.0,2.0,2.0,650.0,325.0,289.9137802864845,0.0,0.0,216.66666666666666,216.66666666666666,0.0,0.0,0.0,0.0,0,0,650.0,4.0,0.0,0.0,0.0
2025-10-23,1360.0,2025,10,23,3,4,43,0,0,0,0.43388373911755823,-0.900968867902419,-0.8660254037844386,0.5000000000000001,-0.9987165071710528,-0.05064916883871355,376.0,120.0,4416.0,2714.285714285714,1891.1714285714281,1305.4133333333332,3376.1547019395684,2769.7576476675836,2074.272740310511,176.0,10216.0,70.0,10216.0,1694.884491089449,1661.3338714333408,0,0,1,0,1.0,1.0,1.0,680.0,680.0,0.0,0.0,0.0,340.0,340.0,0.0,0.0,0.0,1.0,0,0,680.0,1.0,0.0,0.0,0.0
2025-10-24,3550.0,2025,10,24,4,4,43,0,0,0,-0.433883739117558,-0.9009688679024191,-0.8660254037844386,0.5000000000000001,-0.9884683243281114,0.15142777750457667,10216.0,480.0,1998.0,1762.0,2110.4571428571426,1357.1466666666665,1038.0500951303484,2770.966879771587,2111.1674945775367,176.0,3550.0,70.0,10216.0,2158.6633683170867,1783.1832990828027,0,0,1,0,4.0,4.0,3.0,688.0,172.0,158.96330813534718,0.0,0.0,137.6,172.0,0.0,0.0,1.0,2.0,0,0,688.0,12.0,4.0,0.0,0.0
2025-10-25,4548.0,2025,10,25,5,4,43,1,0,0,-0.9749279121818236,-0.2225209339563146,-0.8660254037844386,0.5000000000000001,-0.9377521321470804,0.3473052528448203,2260.0,5382.4,4150.0,2088.8571428571427,2050.857142857142,1370.4133333333332,1484.9933140783007,2703.325896206149,2130.4852339853846,176.0,4548.0,70.0,10216.0,2755.997526237815,1961.5585701097189,0,0,1,0,4.0,4.0,3.0,1686.0,421.5,533.3851016542051,0.0,0.0,337.2,421.5,0.0,0.0,1.584962500721156,3.0,10,0,1686.0,12.0,6.339850002884624,0.0,0.0
2025-10-29,7176.0,2025,10,29,2,4,44,0,0,1,0.9749279121818236,-0.22252093395631434,-0.8660254037844386,0.5000000000000001,-0.3943558551133187,0.9189578116202306,1616.0,416.0,114.0,2883.1428571428573,2533.7142857142853,1605.813333333333,2396.8879426297526,2978.562364336465,2364.2008193676625,176.0,7176.0,70.0,10216.0,3860.9981446783613,2297.9741462316724,0,0,0,0,2.0,2.0,2.0,3000.0,1500.0,2121.3203435596424,0.0,0.0,1000.0,1000.0,0.0,0.0,0.0,0.0,0,0,3000.0,4.0,0.0,0.0,7176.0
2025-10-30,5300.8,2025,10,30,3,4,44,0,0,1,0.43388373911755823,-0.900968867902419,-0.8660254037844386,0.5000000000000001,-0.20129852008866114,0.9795299412524943,1292.0,70.0,512.0,3455.828571428571,2907.3428571428562,1765.4399999999998,2432.0080466658974,2973.8131154654225,2447.9829740223536,176.0,7176.0,70.0,10216.0,4220.948608508771,2491.7048464747904,0,0,0,0,3.0,3.0,2.0,1057.0,352.3333333333333,475.26448776795155,159.0,0.0,264.25,352.3333333333333,0.1306491372226787,0.0,0.0,1.0,0,0,1057.0,6.0,0.0,0.0,5300.8
2025-10-31,240.0,2025,10,31,4,4,44,0,0,1,-0.433883739117558,-0.9009688679024191,-0.8660254037844386,0.5000000000000001,-2.4492935982947064e-16,1.0,176.0,240.0,398.0,3464.9714285714285,2907.3428571428562,1760.1733333333332,2417.701099332657,2973.8131154654225,2451.194230395934,240.0,7176.0,70.0,10216.0,3225.7114563815785,2346.4335660570623,0,0,0,0,1.0,1.0,1.0,120.0,120.0,0.0,0.0,0.0,60.0,60.0,0.0,0.0,0.0,0.0,0,0,120.0,1.0,0.0,0.0,240.0
2025-11-01,2388.0,2025,11,1,5,4,44,1,1,0,-0.9749279121818236,-0.2225209339563146,-0.5000000000000004,0.8660254037844384,0.20129852008866006,0.9795299412524945,2080.0,512.0,756.0,3508.9714285714285,3041.3428571428562,1814.5733333333333,2390.949645164937,2898.8990402761806,2446.2445738573065,240.0,7176.0,70.0,10216.0,3016.283592286184,2349.115271472736,0,0,0,0,3.0,3.0,2.0,136.0,45.333333333333336,39.25981830489455,0.0,0.0,34.0,45.333333333333336,0.0,0.0,0.0,1.0,11,0,136.0,6.0,0.0,0.0,0.0
2025-11-02,1930.0,2025,11,2,6,4,44,1,1,0,-0.7818314824680299,0.6234898018587334,-0.5000000000000004,0.8660254037844384,0.39435585511331855,0.9189578116202306,1360.0,376.0,480.0,3590.4,3152.3428571428562,1862.9066666666665,2314.0332581879734,2817.60317938552,2433.2567713100716,240.0,7176.0,70.0,10216.0,2744.712694214638,2322.0755765390113,0,0,0,0,3.0,3.0,2.0,447.0,149.0,70.78841713161836,0.0,0.0,111.75,149.0,0.0,0.0,1.0,2.0,11,0,447.0,6.0,3.0,0.0,0.0
2025-11-03,2932.0,2025,11,3,0,4,45,0,1,0,0.0,1.0,-0.5000000000000004,0.8660254037844384,0.5712682150947923,0.8207634412072763,3550.0,10216.0,452.0,3502.1142857142854,2632.057142857142,1945.5733333333333,2327.580909749138,1952.691976069567,2425.7860904262816,240.0,7176.0,70.0,10216.0,2791.534520660978,2361.425539342946,0,0,0,0,2.0,2.0,2.0,950.0,475.0,417.19300090006305,1110.0,0.0,316.6666666666667,316.6666666666667,0.5385735080058224,0.0,0.0,1.0,0,0,950.0,4.0,0.0,0.0,0.0
2025-11-04,276.0,2025,11,4,1,4,45,0,0,0,0.7818314824680298,0.6234898018587336,-0.5000000000000004,0.8660254037844384,0.7247927872291199,0.6889669190756866,4548.0,2260.0,820.0,2891.828571428571,2490.3428571428562,1927.4399999999998,2556.4491400601664,2051.2753067727654,2436.49976324147,240.0,7176.0,70.0,10216.0,2162.6508904957336,2226.8819561595305,0,0,0,0,1.0,1.0,1.0,0.0,0.0,0.0,0.0,0.0,0.0,0.0,0.0,0.0,0.0,0.0,0,0,0.0,1.0,0.0,0.0,0.0
2025-11-05,796.0,2025,11,5,2,4,45,0,0,0,0.9749279121818236,-0.22252093395631434,-0.5000000000000004,0.8660254037844384,0.8486442574947509,0.5289640103269624,7176.0,1616.0,376.0,1980.3999999999999,2431.771428571428,1941.4399999999998,1799.8171907169117,2089.512065026184,2428.471295734577,240.0,5300.8,70.0,10216.0,1820.9881678718002,2134.5669912460125,0,0,0,0,1.0,1.0,1.0,0.0,0.0,0.0,0.0,0.0,0.0,0.0,0.0,0.0,0.0,0.0,0,0,0.0,1.0,0.0,0.0,0.0
2025-11-07,360.0,2025,11,7,4,4,45,0,0,0,-0.433883739117558,-0.9009688679024191,-0.5000000000000004,0.8660254037844384,0.9884683243281114,0.1514277775045767,5300.8,1292.0,1496.0,1274.5714285714287,2365.1999999999994,1903.5733333333333,1121.7050796508104,2142.785787061004,2444.4605309843123,240.0,2932.0,70.0,10216.0,1455.7411259038502,2020.078798262399,0,0,0,0,1.0,1.0,1.0,180.0,180.0,0.0,0.0,0.0,90.0,90.0,0.0,0.0,0.0,0.0,0,0,180.0,1.0,0.0,0.0,0.0
2025-11-08,13348.0,2025,11,8,5,4,45,1,0,0,-0.9749279121818236,-0.2225209339563146,-0.5000000000000004,0.8660254037844384,0.9987165071710528,-0.05064916883871264,240.0,176.0,540.0,3147.1428571428573,3306.057142857142,2330.5066666666667,4613.404506745231,3542.33985028892,3199.8579639741943,276.0,13348.0,70.0,13348.0,4428.805844427888,2750.912424180954,0,0,0,0,4.0,3.0,3.0,3236.0,809.0,2915.1198946184013,0.0,0.0,809.0,809.0,0.0,0.0,0.0,0.0,11,0,3236.0,9.0,0.0,0.0,0.0
2025-11-11,896.0,2025,11,11,1,4,46,0,0,0,0.7818314824680298,0.6234898018587336,-0.5000000000000004,0.8660254037844384,0.7907757369376989,-0.6121059825476626,2388.0,2080.0,114.0,2934.0,3221.4857142857136,2356.5733333333333,4688.182732502372,3587.706120984455,3184.326714624481,276.0,13348.0,70.0,13348.0,3545.604383320916,2631.2406548789572,0,0,0,0,1.0,1.0,1.0,188.0,188.0,0.0,0.0,0.0,94.0,94.0,0.0,0.0,0.0,1.0,0,0,188.0,1.0,0.0,0.0,0.0
2025-11-12,1060.0,2025,11,12,2,4,46,0,0,0,0.9749279121818236,-0.22252093395631434,-0.5000000000000004,0.8660254037844384,0.6513724827222223,-0.7587581226927909,1930.0,1360.0,120.0,2809.714285714286,3200.057142857142,2387.9066666666668,4730.5756420082735,3600.5525280507463,3166.133021246859,276.0,13348.0,70.0,13348.0,2924.203287490687,2529.870290048057,0,0,0,0,1.0,1.0,1.0,530.0,530.0,0.0,0.0,0.0,265.0,265.0,0.0,0.0,0.0,0.0,0,0,530.0,1.0,0.0,0.0,0.0
2025-11-13,136.0,2025,11,13,3,4,46,0,0,0,0.43388373911755823,-0.900968867902419,-0.5000000000000004,0.8660254037844384,0.48530196253108104,-0.8743466161445821,2932.0,3550.0,240.0,2410.285714285714,2956.1999999999994,2384.44,4835.408762944659,3689.5400847426704,3168.6218639915674,136.0,13348.0,70.0,13348.0,2227.1524656180154,2375.427045528828,0,0,0,0,1.0,1.0,1.0,68.0,68.0,0.0,0.0,0.0,34.0,34.0,0.0,0.0,0.0,1.0,0,0,68.0,1.0,0.0,0.0,0.0
2025-11-14,120.0,2025,11,14,4,4,46,0,0,0,-0.433883739117558,-0.9009688679024191,-0.5000000000000004,0.8660254037844384,0.29936312297335804,-0.9541392564000488,276.0,4548.0,120.0,2388.0,2639.9142857142847,2384.44,4847.229861821433,3732.135587209896,3168.6218639915674,120.0,13348.0,70.0,13348.0,1700.3643492135116,2229.9156232366454,0,0,0,0,1.0,1.0,1.0,60.0,60.0,0.0,60.0,0.0,30.0,30.0,0.49586776859504134,0.0,0.0,0.0,0,0,60.0,1.0,0.0,0.0,0.0
2025-11-15,760.0,2025,11,15,5,4,46,1,0,0,-0.9749279121818236,-0.2225209339563146,-0.5000000000000004,0.8660254037844384,0.10116832198743272,-0.994869323391895,796.0,7176.0,480.0,2382.8571428571427,2181.628571428571,2393.773333333333,4849.219161492968,3520.1891503874294,3163.2265896067706,120.0,13348.0,70.0,13348.0,1465.2732619101337,2135.082357221378,0,0,0,0,1.0,1.0,1.0,380.0,380.0,0.0,0.0,0.0,190.0,190.0,0.0,0.0,0.0,1.0,11,0,380.0,1.0,0.0,0.0,0.0
